image_id,p_180
test_00000,0.2056
test_00001,0.853522
test_00002,0.97
test_00003,0.149659
test_00004,0.97
test_00005,0.345882
test_00006,0.958094
test_00007,0.917971
test_00008,0.97
test_00009,0.207696
test_00010,0.97
test_00011,0.03
test_00012,0.570354
test_00013,0.97
test_00014,0.799216
test_00015,0.969638
test_00016,0.97
test_00017,0.03
test_00018,0.159494
test_00019,0.03
test_00020,0.03
test_00021,0.03
test_00022,0.97
test_00023,0.457271
test_00024,0.047953
test_00025,0.93468
test_00026,0.97
test_00027,0.129273
test_00028,0.864938
test_00029,0.97
test_00030,0.03
test_00031,0.839954
test_00032,0.964202
test_00033,0.8788
test_00034,0.903068
test_00035,0.97
test_00036,0.088969
test_00037,0.085751
test_00038,0.95887
test_00039,0.636316
test_00040,0.101319
test_00041,0.101601
test_00042,0.97
test_00043,0.03
test_00044,0.076951
test_00045,0.968355
test_00046,0.03
test_00047,0.97
test_00048,0.830186
test_00049,0.574776
test_00050,0.97
test_00051,0.03
test_00052,0.03
test_00053,0.086006
test_00054,0.231975
test_00055,0.97
test_00056,0.03
test_00057,0.03
test_00058,0.409023
test_00059,0.630107
test_00060,0.97
test_00061,0.03
test_00062,0.03
test_00063,0.91714
test_00064,0.057424
test_00065,0.97
test_00066,0.319806
test_00067,0.073399
test_00068,0.794824
test_00069,0.367595
test_00070,0.923839
test_00071,0.97
test_00072,0.961502
test_00073,0.733393
test_00074,0.97
test_00075,0.708874
test_00076,0.03
test_00077,0.97
test_00078,0.97
test_00079,0.231548
test_00080,0.03
test_00081,0.96786
test_00082,0.133454
test_00083,0.095451
test_00084,0.97
test_00085,0.97
test_00086,0.97
test_00087,0.97
test_00088,0.03
test_00089,0.86686
test_00090,0.03
test_00091,0.03
test_00092,0.885615
test_00093,0.03
test_00094,0.238962
test_00095,0.964932
test_00096,0.724612
test_00097,0.173954
test_00098,0.03
test_00099,0.03
test_00100,0.03
test_00101,0.642063
test_00102,0.03
test_00103,0.97
test_00104,0.97
test_00105,0.03
test_00106,0.03
test_00107,0.319744
test_00108,0.194193
test_00109,0.03
test_00110,0.97
test_00111,0.51611
test_00112,0.957603
test_00113,0.03
test_00114,0.97
test_00115,0.222845
test_00116,0.03
test_00117,0.517759
test_00118,0.97
test_00119,0.951803
test_00120,0.03
test_00121,0.97
test_00122,0.97
test_00123,0.97
test_00124,0.307981
test_00125,0.063767
test_00126,0.054282
test_00127,0.966602
test_00128,0.03
test_00129,0.036463
test_00130,0.97
test_00131,0.03
test_00132,0.97
test_00133,0.959939
test_00134,0.037038
test_00135,0.031102
test_00136,0.03
test_00137,0.97
test_00138,0.826233
test_00139,0.061952
test_00140,0.97
test_00141,0.03
test_00142,0.915117
test_00143,0.262529
test_00144,0.14269
test_00145,0.03
test_00146,0.03
test_00147,0.93713
test_00148,0.97
test_00149,0.97
test_00150,0.03
test_00151,0.97
test_00152,0.03
test_00153,0.409869
test_00154,0.707436
test_00155,0.97
test_00156,0.197925
test_00157,0.03
test_00158,0.97
test_00159,0.97
test_00160,0.97
test_00161,0.146956
test_00162,0.03
test_00163,0.930423
test_00164,0.469501
test_00165,0.663273
test_00166,0.386477
test_00167,0.03
test_00168,0.03
test_00169,0.03
test_00170,0.786041
test_00171,0.03
test_00172,0.97
test_00173,0.03
test_00174,0.03
test_00175,0.969443
test_00176,0.97
test_00177,0.663244
test_00178,0.03
test_00179,0.03
test_00180,0.03
test_00181,0.97
test_00182,0.97
test_00183,0.310666
test_00184,0.493208
test_00185,0.932877
test_00186,0.030159
test_00187,0.97
test_00188,0.97
test_00189,0.97
test_00190,0.03
test_00191,0.967028
test_00192,0.03
test_00193,0.97
test_00194,0.03
test_00195,0.03
test_00196,0.03
test_00197,0.958301
test_00198,0.04933
test_00199,0.55549
test_00200,0.97
test_00201,0.97
test_00202,0.97
test_00203,0.97
test_00204,0.97
test_00205,0.03
test_00206,0.109176
test_00207,0.035137
test_00208,0.248218
test_00209,0.03
test_00210,0.03
test_00211,0.97
test_00212,0.97
test_00213,0.97
test_00214,0.97
test_00215,0.03
test_00216,0.03
test_00217,0.03
test_00218,0.42577
test_00219,0.819006
test_00220,0.97
test_00221,0.906057
test_00222,0.03
test_00223,0.97
test_00224,0.058509
test_00225,0.97
test_00226,0.03
test_00227,0.03
test_00228,0.649685
test_00229,0.03
test_00230,0.03
test_00231,0.893948
test_00232,0.788485
test_00233,0.771194
test_00234,0.123987
test_00235,0.951155
test_00236,0.03
test_00237,0.03
test_00238,0.97
test_00239,0.639279
test_00240,0.03
test_00241,0.03
test_00242,0.03
test_00243,0.942986
test_00244,0.97
test_00245,0.586153
test_00246,0.168615
test_00247,0.97
test_00248,0.97
test_00249,0.863569
test_00250,0.920408
test_00251,0.03
test_00252,0.530741
test_00253,0.97
test_00254,0.03
test_00255,0.03
test_00256,0.401433
test_00257,0.03
test_00258,0.97
test_00259,0.455618
test_00260,0.03
test_00261,0.247976
test_00262,0.97
test_00263,0.828799
test_00264,0.97
test_00265,0.161839
test_00266,0.500239
test_00267,0.139082
test_00268,0.03
test_00269,0.97
test_00270,0.293818
test_00271,0.42669
test_00272,0.97
test_00273,0.03
test_00274,0.56031
test_00275,0.035667
test_00276,0.25048
test_00277,0.97
test_00278,0.085231
test_00279,0.93692
test_00280,0.899602
test_00281,0.151845
test_00282,0.97
test_00283,0.587101
test_00284,0.85091
test_00285,0.03
test_00286,0.03
test_00287,0.542786
test_00288,0.97
test_00289,0.97
test_00290,0.97
test_00291,0.97
test_00292,0.97
test_00293,0.03
test_00294,0.97
test_00295,0.97
test_00296,0.119007
test_00297,0.97
test_00298,0.949827
test_00299,0.97
test_00300,0.03
test_00301,0.771334
test_00302,0.450059
test_00303,0.131955
test_00304,0.057182
test_00305,0.188377
test_00306,0.97
test_00307,0.031308
test_00308,0.301121
test_00309,0.40347
test_00310,0.97
test_00311,0.744232
test_00312,0.03
test_00313,0.97
test_00314,0.094904
test_00315,0.842798
test_00316,0.74822
test_00317,0.08326
test_00318,0.97
test_00319,0.97
test_00320,0.936001
test_00321,0.092463
test_00322,0.93992
test_00323,0.97
test_00324,0.717035
test_00325,0.88029
test_00326,0.16855
test_00327,0.03
test_00328,0.695977
test_00329,0.94126
test_00330,0.95716
test_00331,0.97
test_00332,0.958498
test_00333,0.97
test_00334,0.97
test_00335,0.251318
test_00336,0.03
test_00337,0.97
test_00338,0.382166
test_00339,0.63861
test_00340,0.09043
test_00341,0.03
test_00342,0.97
test_00343,0.548966
test_00344,0.97
test_00345,0.238375
test_00346,0.03
test_00347,0.03
test_00348,0.97
test_00349,0.03
test_00350,0.238035
test_00351,0.537755
test_00352,0.793638
test_00353,0.606802
test_00354,0.051892
test_00355,0.134394
test_00356,0.109904
test_00357,0.03
test_00358,0.97
test_00359,0.97
test_00360,0.97
test_00361,0.97
test_00362,0.886452
test_00363,0.97
test_00364,0.92282
test_00365,0.97
test_00366,0.97
test_00367,0.03
test_00368,0.069242
test_00369,0.97
test_00370,0.03
test_00371,0.150451
test_00372,0.97
test_00373,0.788808
test_00374,0.97
test_00375,0.97
test_00376,0.03
test_00377,0.03
test_00378,0.97
test_00379,0.03
test_00380,0.03
test_00381,0.779968
test_00382,0.082496
test_00383,0.125027
test_00384,0.97
test_00385,0.03
test_00386,0.91802
test_00387,0.97
test_00388,0.261916
test_00389,0.97
test_00390,0.903752
test_00391,0.03
test_00392,0.922774
test_00393,0.97
test_00394,0.03
test_00395,0.03
test_00396,0.03
test_00397,0.697773
test_00398,0.03
test_00399,0.828144
test_00400,0.97
test_00401,0.965081
test_00402,0.713151
test_00403,0.03
test_00404,0.03
test_00405,0.968678
test_00406,0.108024
test_00407,0.039652
test_00408,0.230144
test_00409,0.97
test_00410,0.03
test_00411,0.949094
test_00412,0.03
test_00413,0.572093
test_00414,0.960492
test_00415,0.956096
test_00416,0.03
test_00417,0.03
test_00418,0.940805
test_00419,0.97
test_00420,0.03
test_00421,0.97
test_00422,0.97
test_00423,0.03
test_00424,0.69482
test_00425,0.31081
test_00426,0.895051
test_00427,0.03
test_00428,0.03
test_00429,0.97
test_00430,0.97
test_00431,0.97
test_00432,0.97
test_00433,0.18392
test_00434,0.946873
test_00435,0.03
test_00436,0.97
test_00437,0.958696
test_00438,0.97
test_00439,0.798666
test_00440,0.234296
test_00441,0.03
test_00442,0.603313
test_00443,0.97
test_00444,0.97
test_00445,0.039937
test_00446,0.03
test_00447,0.03
test_00448,0.885056
test_00449,0.432111
test_00450,0.03
test_00451,0.97
test_00452,0.97
test_00453,0.21883
test_00454,0.360612
test_00455,0.97
test_00456,0.97
test_00457,0.111169
test_00458,0.807538
test_00459,0.84222
test_00460,0.132752
test_00461,0.430491
test_00462,0.065436
test_00463,0.03
test_00464,0.03
test_00465,0.09427
test_00466,0.97
test_00467,0.574528
test_00468,0.6032
test_00469,0.03
test_00470,0.424966
test_00471,0.03
test_00472,0.032692
test_00473,0.03
test_00474,0.03
test_00475,0.03
test_00476,0.625342
test_00477,0.572632
test_00478,0.893495
test_00479,0.499813
test_00480,0.97
test_00481,0.03
test_00482,0.088439
test_00483,0.542696
test_00484,0.102598
test_00485,0.03
test_00486,0.03
test_00487,0.97
test_00488,0.120328
test_00489,0.97
test_00490,0.97
test_00491,0.819728
test_00492,0.514994
test_00493,0.97
test_00494,0.969592
test_00495,0.97
test_00496,0.768945
test_00497,0.97
test_00498,0.690517
test_00499,0.03
test_00500,0.97
test_00501,0.102878
test_00502,0.274991
test_00503,0.03
test_00504,0.97
test_00505,0.883659
test_00506,0.284271
test_00507,0.03
test_00508,0.97
test_00509,0.188077
test_00510,0.948692
test_00511,0.323408
test_00512,0.963805
test_00513,0.891952
test_00514,0.03
test_00515,0.087899
test_00516,0.03
test_00517,0.045669
test_00518,0.108208
test_00519,0.97
test_00520,0.03
test_00521,0.97
test_00522,0.831512
test_00523,0.03
test_00524,0.97
test_00525,0.918543
test_00526,0.042179
test_00527,0.03
test_00528,0.03
test_00529,0.876884
test_00530,0.037046
test_00531,0.97
test_00532,0.539323
test_00533,0.03
test_00534,0.97
test_00535,0.21694
test_00536,0.03
test_00537,0.036843
test_00538,0.97
test_00539,0.045937
test_00540,0.846186
test_00541,0.179714
test_00542,0.886415
test_00543,0.97
test_00544,0.914276
test_00545,0.03
test_00546,0.070498
test_00547,0.97
test_00548,0.03
test_00549,0.612911
test_00550,0.03
test_00551,0.03
test_00552,0.03
test_00553,0.938248
test_00554,0.356365
test_00555,0.294212
test_00556,0.03
test_00557,0.97
test_00558,0.672787
test_00559,0.03
test_00560,0.036122
test_00561,0.120422
test_00562,0.74404
test_00563,0.03
test_00564,0.97
test_00565,0.97
test_00566,0.03
test_00567,0.89416
test_00568,0.03
test_00569,0.141389
test_00570,0.050106
test_00571,0.03
test_00572,0.03
test_00573,0.03
test_00574,0.433141
test_00575,0.185683
test_00576,0.849876
test_00577,0.97
test_00578,0.041335
test_00579,0.58517
test_00580,0.97
test_00581,0.97
test_00582,0.03
test_00583,0.849169
test_00584,0.03
test_00585,0.03
test_00586,0.96263
test_00587,0.97
test_00588,0.413919
test_00589,0.03
test_00590,0.03
test_00591,0.03
test_00592,0.03
test_00593,0.684415
test_00594,0.911252
test_00595,0.188618
test_00596,0.03
test_00597,0.03
test_00598,0.97
test_00599,0.03
test_00600,0.042143
test_00601,0.97
test_00602,0.668682
test_00603,0.046862
test_00604,0.566276
test_00605,0.97
test_00606,0.956086
test_00607,0.651352
test_00608,0.511687
test_00609,0.03
test_00610,0.97
test_00611,0.680837
test_00612,0.823331
test_00613,0.875486
test_00614,0.326759
test_00615,0.97
test_00616,0.192578
test_00617,0.838778
test_00618,0.850217
test_00619,0.9687
test_00620,0.97
test_00621,0.685365
test_00622,0.97
test_00623,0.957281
test_00624,0.03
test_00625,0.283182
test_00626,0.85568
test_00627,0.193251
test_00628,0.03
test_00629,0.182983
test_00630,0.97
test_00631,0.97
test_00632,0.188349
test_00633,0.08012
test_00634,0.97
test_00635,0.03
test_00636,0.444049
test_00637,0.31518
test_00638,0.03
test_00639,0.97
test_00640,0.03
test_00641,0.97
test_00642,0.803332
test_00643,0.03
test_00644,0.97
test_00645,0.97
test_00646,0.03
test_00647,0.073611
test_00648,0.97
test_00649,0.97
test_00650,0.04472
test_00651,0.03
test_00652,0.03
test_00653,0.97
test_00654,0.97
test_00655,0.829618
test_00656,0.219478
test_00657,0.687649
test_00658,0.97
test_00659,0.908343
test_00660,0.300887
test_00661,0.03
test_00662,0.03
test_00663,0.077604
test_00664,0.03
test_00665,0.075317
test_00666,0.745064
test_00667,0.325934
test_00668,0.054045
test_00669,0.03
test_00670,0.867756
test_00671,0.97
test_00672,0.97
test_00673,0.97
test_00674,0.97
test_00675,0.790988
test_00676,0.03
test_00677,0.207731
test_00678,0.97
test_00679,0.03
test_00680,0.90333
test_00681,0.97
test_00682,0.97
test_00683,0.586941
test_00684,0.833851
test_00685,0.97
test_00686,0.97
test_00687,0.574016
test_00688,0.137363
test_00689,0.757298
test_00690,0.03
test_00691,0.97
test_00692,0.97
test_00693,0.97
test_00694,0.03
test_00695,0.03
test_00696,0.396394
test_00697,0.97
test_00698,0.03
test_00699,0.03
test_00700,0.97
test_00701,0.97
test_00702,0.97
test_00703,0.03
test_00704,0.03
test_00705,0.703775
test_00706,0.03
test_00707,0.97
test_00708,0.03
test_00709,0.591213
test_00710,0.554997
test_00711,0.97
test_00712,0.96579
test_00713,0.73678
test_00714,0.581098
test_00715,0.038283
test_00716,0.97
test_00717,0.753652
test_00718,0.03
test_00719,0.03
test_00720,0.97
test_00721,0.03
test_00722,0.03
test_00723,0.97
test_00724,0.97
test_00725,0.97
test_00726,0.03
test_00727,0.03
test_00728,0.97
test_00729,0.97
test_00730,0.167471
test_00731,0.626142
test_00732,0.03
test_00733,0.185766
test_00734,0.968609
test_00735,0.03
test_00736,0.694663
test_00737,0.97
test_00738,0.126726
test_00739,0.97
test_00740,0.047593
test_00741,0.97
test_00742,0.97
test_00743,0.748719
test_00744,0.872285
test_00745,0.875154
test_00746,0.03
test_00747,0.094597
test_00748,0.97
test_00749,0.03
test_00750,0.863554
test_00751,0.97
test_00752,0.03
test_00753,0.262112
test_00754,0.254834
test_00755,0.922983
test_00756,0.03
test_00757,0.299627
test_00758,0.03
test_00759,0.451171
test_00760,0.896975
test_00761,0.97
test_00762,0.03
test_00763,0.586885
test_00764,0.083617
test_00765,0.97
test_00766,0.209454
test_00767,0.97
test_00768,0.03
test_00769,0.03
test_00770,0.97
test_00771,0.466759
test_00772,0.03
test_00773,0.926628
test_00774,0.963388
test_00775,0.97
test_00776,0.97
test_00777,0.310075
test_00778,0.07939
test_00779,0.099615
test_00780,0.771632
test_00781,0.03
test_00782,0.555928
test_00783,0.798795
test_00784,0.550017
test_00785,0.951349
test_00786,0.97
test_00787,0.041809
test_00788,0.97
test_00789,0.051901
test_00790,0.97
test_00791,0.97
test_00792,0.97
test_00793,0.03
test_00794,0.574839
test_00795,0.03
test_00796,0.03
test_00797,0.03
test_00798,0.46247
test_00799,0.97
test_00800,0.037997
test_00801,0.053682
test_00802,0.03
test_00803,0.03
test_00804,0.848718
test_00805,0.03
test_00806,0.97
test_00807,0.97
test_00808,0.03
test_00809,0.884225
test_00810,0.97
test_00811,0.97
test_00812,0.711291
test_00813,0.03
test_00814,0.745007
test_00815,0.049594
test_00816,0.284501
test_00817,0.03
test_00818,0.03
test_00819,0.890237
test_00820,0.03
test_00821,0.03
test_00822,0.076386
test_00823,0.03
test_00824,0.03
test_00825,0.97
test_00826,0.128352
test_00827,0.53229
test_00828,0.97
test_00829,0.97
test_00830,0.97
test_00831,0.834513
test_00832,0.361009
test_00833,0.03
test_00834,0.03
test_00835,0.030606
test_00836,0.97
test_00837,0.03
test_00838,0.03
test_00839,0.03
test_00840,0.587291
test_00841,0.475303
test_00842,0.942201
test_00843,0.97
test_00844,0.03
test_00845,0.03
test_00846,0.97
test_00847,0.440255
test_00848,0.03
test_00849,0.874543
test_00850,0.639196
test_00851,0.97
test_00852,0.713637
test_00853,0.97
test_00854,0.649451
test_00855,0.508124
test_00856,0.674593
test_00857,0.575358
test_00858,0.059993
test_00859,0.97
test_00860,0.572089
test_00861,0.97
test_00862,0.037753
test_00863,0.97
test_00864,0.03
test_00865,0.03
test_00866,0.079112
test_00867,0.03
test_00868,0.97
test_00869,0.119125
test_00870,0.03
test_00871,0.03
test_00872,0.03
test_00873,0.97
test_00874,0.03
test_00875,0.819137
test_00876,0.11775
test_00877,0.03
test_00878,0.218177
test_00879,0.97
test_00880,0.97
test_00881,0.97
test_00882,0.176369
test_00883,0.97
test_00884,0.830633
test_00885,0.690712
test_00886,0.03
test_00887,0.254671
test_00888,0.03
test_00889,0.97
test_00890,0.567124
test_00891,0.97
test_00892,0.03
test_00893,0.97
test_00894,0.968732
test_00895,0.407262
test_00896,0.97
test_00897,0.236956
test_00898,0.406396
test_00899,0.03
test_00900,0.313166
test_00901,0.97
test_00902,0.03
test_00903,0.97
test_00904,0.97
test_00905,0.03
test_00906,0.03
test_00907,0.383692
test_00908,0.03
test_00909,0.97
test_00910,0.03
test_00911,0.897056
test_00912,0.089774
test_00913,0.03
test_00914,0.368582
test_00915,0.03
test_00916,0.697003
test_00917,0.97
test_00918,0.03
test_00919,0.03
test_00920,0.03
test_00921,0.03
test_00922,0.686586
test_00923,0.03
test_00924,0.97
test_00925,0.97
test_00926,0.956856
test_00927,0.03
test_00928,0.97
test_00929,0.102215
test_00930,0.03
test_00931,0.97
test_00932,0.03
test_00933,0.756822
test_00934,0.97
test_00935,0.03
test_00936,0.710961
test_00937,0.97
test_00938,0.03
test_00939,0.97
test_00940,0.97
test_00941,0.97
test_00942,0.97
test_00943,0.03
test_00944,0.03
test_00945,0.135412
test_00946,0.820547
test_00947,0.03
test_00948,0.03
test_00949,0.03
test_00950,0.03
test_00951,0.537236
test_00952,0.053796
test_00953,0.97
test_00954,0.03
test_00955,0.97
test_00956,0.907828
test_00957,0.439726
test_00958,0.040103
test_00959,0.802955
test_00960,0.127311
test_00961,0.963561
test_00962,0.03
test_00963,0.860151
test_00964,0.97
test_00965,0.97
test_00966,0.97
test_00967,0.03
test_00968,0.067238
test_00969,0.831015
test_00970,0.03
test_00971,0.97
test_00972,0.469735
test_00973,0.543634
test_00974,0.03
test_00975,0.727017
test_00976,0.03
test_00977,0.306009
test_00978,0.03
test_00979,0.04648
test_00980,0.25484
test_00981,0.840249
test_00982,0.069744
test_00983,0.03
test_00984,0.03
test_00985,0.831641
test_00986,0.054105
test_00987,0.03
test_00988,0.056616
test_00989,0.97
test_00990,0.03
test_00991,0.97
test_00992,0.03
test_00993,0.03
test_00994,0.03
test_00995,0.215999
test_00996,0.97
test_00997,0.969774
test_00998,0.03
test_00999,0.03
test_01000,0.03
test_01001,0.97
test_01002,0.97
test_01003,0.850744
test_01004,0.365006
test_01005,0.03
test_01006,0.03
test_01007,0.03
test_01008,0.532521
test_01009,0.97
test_01010,0.97
test_01011,0.97
test_01012,0.195394
test_01013,0.03
test_01014,0.03
test_01015,0.97
test_01016,0.97
test_01017,0.675555
test_01018,0.97
test_01019,0.97
test_01020,0.97
test_01021,0.97
test_01022,0.255245
test_01023,0.613462
test_01024,0.03
test_01025,0.03
test_01026,0.97
test_01027,0.03
test_01028,0.03
test_01029,0.97
test_01030,0.97
test_01031,0.23992
test_01032,0.03
test_01033,0.97
test_01034,0.863991
test_01035,0.03
test_01036,0.97
test_01037,0.97
test_01038,0.16603
test_01039,0.97
test_01040,0.97
test_01041,0.965785
test_01042,0.97
test_01043,0.913743
test_01044,0.97
test_01045,0.97
test_01046,0.03
test_01047,0.97
test_01048,0.97
test_01049,0.030719
test_01050,0.03
test_01051,0.819112
test_01052,0.960448
test_01053,0.03
test_01054,0.677069
test_01055,0.764007
test_01056,0.03
test_01057,0.03
test_01058,0.97
test_01059,0.104423
test_01060,0.97
test_01061,0.961066
test_01062,0.711757
test_01063,0.03
test_01064,0.039511
test_01065,0.1597
test_01066,0.9672
test_01067,0.03
test_01068,0.97
test_01069,0.03
test_01070,0.97
test_01071,0.97
test_01072,0.97
test_01073,0.946791
test_01074,0.97
test_01075,0.03
test_01076,0.03
test_01077,0.97
test_01078,0.03
test_01079,0.763594
test_01080,0.761736
test_01081,0.97
test_01082,0.97
test_01083,0.97
test_01084,0.195996
test_01085,0.505166
test_01086,0.701075
test_01087,0.638653
test_01088,0.264201
test_01089,0.97
test_01090,0.97
test_01091,0.97
test_01092,0.883345
test_01093,0.03
test_01094,0.03
test_01095,0.97
test_01096,0.03
test_01097,0.97
test_01098,0.97
test_01099,0.06873
test_01100,0.03
test_01101,0.128759
test_01102,0.958789
test_01103,0.03
test_01104,0.03
test_01105,0.504682
test_01106,0.596141
test_01107,0.97
test_01108,0.8255
test_01109,0.03
test_01110,0.97
test_01111,0.03
test_01112,0.076901
test_01113,0.553612
test_01114,0.03
test_01115,0.03
test_01116,0.562291
test_01117,0.97
test_01118,0.405427
test_01119,0.690537
test_01120,0.03
test_01121,0.967885
test_01122,0.065635
test_01123,0.97
test_01124,0.03
test_01125,0.747651
test_01126,0.97
test_01127,0.03
test_01128,0.475989
test_01129,0.47228
test_01130,0.97
test_01131,0.03
test_01132,0.03
test_01133,0.03
test_01134,0.065707
test_01135,0.563071
test_01136,0.138843
test_01137,0.856585
test_01138,0.97
test_01139,0.03
test_01140,0.937684
test_01141,0.97
test_01142,0.97
test_01143,0.97
test_01144,0.967617
test_01145,0.957332
test_01146,0.943943
test_01147,0.069852
test_01148,0.97
test_01149,0.210612
test_01150,0.97
test_01151,0.03
test_01152,0.052792
test_01153,0.97
test_01154,0.97
test_01155,0.03
test_01156,0.03
test_01157,0.03
test_01158,0.105385
test_01159,0.216336
test_01160,0.03
test_01161,0.179358
test_01162,0.03
test_01163,0.763684
test_01164,0.03
test_01165,0.03
test_01166,0.97
test_01167,0.03
test_01168,0.75946
test_01169,0.057971
test_01170,0.895159
test_01171,0.97
test_01172,0.97
test_01173,0.03
test_01174,0.817163
test_01175,0.03
test_01176,0.03
test_01177,0.244333
test_01178,0.408794
test_01179,0.074998
test_01180,0.03
test_01181,0.03
test_01182,0.729186
test_01183,0.97
test_01184,0.945912
test_01185,0.03
test_01186,0.329322
test_01187,0.039131
test_01188,0.03
test_01189,0.03
test_01190,0.03
test_01191,0.064047
test_01192,0.97
test_01193,0.034247
test_01194,0.97
test_01195,0.91136
test_01196,0.314305
test_01197,0.802583
test_01198,0.046938
test_01199,0.03
test_01200,0.885994
test_01201,0.302143
test_01202,0.97
test_01203,0.962416
test_01204,0.03
test_01205,0.219534
test_01206,0.818653
test_01207,0.295231
test_01208,0.97
test_01209,0.042214
test_01210,0.97
test_01211,0.931894
test_01212,0.127004
test_01213,0.588548
test_01214,0.486406
test_01215,0.03
test_01216,0.964301
test_01217,0.03
test_01218,0.753462
test_01219,0.03
test_01220,0.97
test_01221,0.97
test_01222,0.03679
test_01223,0.277516
test_01224,0.97
test_01225,0.267739
test_01226,0.072186
test_01227,0.78369
test_01228,0.676882
test_01229,0.97
test_01230,0.968263
test_01231,0.944448
test_01232,0.03
test_01233,0.97
test_01234,0.087434
test_01235,0.957991
test_01236,0.97
test_01237,0.03
test_01238,0.03
test_01239,0.97
test_01240,0.97
test_01241,0.97
test_01242,0.235853
test_01243,0.413461
test_01244,0.03
test_01245,0.97
test_01246,0.883601
test_01247,0.97
test_01248,0.03
test_01249,0.246323
test_01250,0.320006
test_01251,0.960498
test_01252,0.630558
test_01253,0.557254
test_01254,0.958911
test_01255,0.97
test_01256,0.810338
test_01257,0.322253
test_01258,0.03
test_01259,0.203835
test_01260,0.066721
test_01261,0.8001
test_01262,0.162978
test_01263,0.886592
test_01264,0.681173
test_01265,0.97
test_01266,0.03
test_01267,0.03
test_01268,0.03
test_01269,0.834316
test_01270,0.056135
test_01271,0.03
test_01272,0.03
test_01273,0.03
test_01274,0.087156
test_01275,0.97
test_01276,0.03
test_01277,0.090142
test_01278,0.03
test_01279,0.03
test_01280,0.522983
test_01281,0.853704
test_01282,0.97
test_01283,0.97
test_01284,0.03
test_01285,0.814308
test_01286,0.939602
test_01287,0.97
test_01288,0.258957
test_01289,0.517429
test_01290,0.639238
test_01291,0.03
test_01292,0.97
test_01293,0.03
test_01294,0.97
test_01295,0.872346
test_01296,0.291048
test_01297,0.97
test_01298,0.03
test_01299,0.97
test_01300,0.03
test_01301,0.786447
test_01302,0.950787
test_01303,0.03
test_01304,0.03
test_01305,0.03
test_01306,0.121287
test_01307,0.97
test_01308,0.97
test_01309,0.03
test_01310,0.939913
test_01311,0.03
test_01312,0.97
test_01313,0.03
test_01314,0.97
test_01315,0.03
test_01316,0.39961
test_01317,0.97
test_01318,0.130123
test_01319,0.03
test_01320,0.240235
test_01321,0.650108
test_01322,0.97
test_01323,0.520876
test_01324,0.03
test_01325,0.97
test_01326,0.03
test_01327,0.729619
test_01328,0.97
test_01329,0.97
test_01330,0.97
test_01331,0.03
test_01332,0.97
test_01333,0.97
test_01334,0.838812
test_01335,0.97
test_01336,0.775954
test_01337,0.967382
test_01338,0.97
test_01339,0.871928
test_01340,0.256933
test_01341,0.97
test_01342,0.86272
test_01343,0.797554
test_01344,0.97
test_01345,0.07315
test_01346,0.03
test_01347,0.97
test_01348,0.03
test_01349,0.03
test_01350,0.708278
test_01351,0.97
test_01352,0.824737
test_01353,0.03
test_01354,0.97
test_01355,0.752359
test_01356,0.253553
test_01357,0.03
test_01358,0.97
test_01359,0.83236
test_01360,0.03
test_01361,0.97
test_01362,0.03
test_01363,0.97
test_01364,0.793942
test_01365,0.924459
test_01366,0.044957
test_01367,0.881534
test_01368,0.931881
test_01369,0.03
test_01370,0.197712
test_01371,0.03
test_01372,0.03
test_01373,0.97
test_01374,0.97
test_01375,0.03
test_01376,0.03
test_01377,0.035963
test_01378,0.03
test_01379,0.03
test_01380,0.051672
test_01381,0.03
test_01382,0.869593
test_01383,0.97
test_01384,0.97
test_01385,0.97
test_01386,0.827153
test_01387,0.190024
test_01388,0.241474
test_01389,0.03
test_01390,0.03
test_01391,0.03
test_01392,0.97
test_01393,0.97
test_01394,0.03
test_01395,0.97
test_01396,0.97
test_01397,0.356907
test_01398,0.772544
test_01399,0.24798
test_01400,0.038522
test_01401,0.03
test_01402,0.03
test_01403,0.939478
test_01404,0.97
test_01405,0.97
test_01406,0.694302
test_01407,0.861675
test_01408,0.97
test_01409,0.919032
test_01410,0.912316
test_01411,0.03
test_01412,0.043082
test_01413,0.113557
test_01414,0.253789
test_01415,0.03675
test_01416,0.97
test_01417,0.051747
test_01418,0.706137
test_01419,0.808223
test_01420,0.03
test_01421,0.937862
test_01422,0.059418
test_01423,0.97
test_01424,0.568614
test_01425,0.97
test_01426,0.841642
test_01427,0.03
test_01428,0.97
test_01429,0.794416
test_01430,0.03
test_01431,0.03
test_01432,0.97
test_01433,0.97
test_01434,0.97
test_01435,0.03
test_01436,0.03
test_01437,0.036085
test_01438,0.062281
test_01439,0.63582
test_01440,0.97
test_01441,0.101662
test_01442,0.97
test_01443,0.03
test_01444,0.965376
test_01445,0.97
test_01446,0.030536
test_01447,0.820729
test_01448,0.97
test_01449,0.97
test_01450,0.589992
test_01451,0.690757
test_01452,0.953577
test_01453,0.939676
test_01454,0.97
test_01455,0.97
test_01456,0.174211
test_01457,0.944188
test_01458,0.741163
test_01459,0.97
test_01460,0.03
test_01461,0.03
test_01462,0.03
test_01463,0.97
test_01464,0.03
test_01465,0.873277
test_01466,0.97
test_01467,0.97
test_01468,0.97
test_01469,0.03
test_01470,0.056077
test_01471,0.323223
test_01472,0.60418
test_01473,0.03
test_01474,0.97
test_01475,0.03
test_01476,0.968432
test_01477,0.03
test_01478,0.03
test_01479,0.079698
test_01480,0.97
test_01481,0.499724
test_01482,0.03
test_01483,0.764315
test_01484,0.03
test_01485,0.421672
test_01486,0.97
test_01487,0.372221
test_01488,0.97
test_01489,0.208904
test_01490,0.916477
test_01491,0.03
test_01492,0.041047
test_01493,0.342739
test_01494,0.03
test_01495,0.03
test_01496,0.97
test_01497,0.110576
test_01498,0.87613
test_01499,0.580833
test_01500,0.30886
test_01501,0.664046
test_01502,0.441338
test_01503,0.941218
test_01504,0.97
test_01505,0.03
test_01506,0.97
test_01507,0.720291
test_01508,0.900492
test_01509,0.97
test_01510,0.31473
test_01511,0.97
test_01512,0.97
test_01513,0.381173
test_01514,0.03
test_01515,0.911963
test_01516,0.712487
test_01517,0.764497
test_01518,0.969465
test_01519,0.03
test_01520,0.521997
test_01521,0.97
test_01522,0.787676
test_01523,0.074541
test_01524,0.946822
test_01525,0.97
test_01526,0.03
test_01527,0.97
test_01528,0.772708
test_01529,0.0576
test_01530,0.97
test_01531,0.036829
test_01532,0.97
test_01533,0.946429
test_01534,0.03
test_01535,0.195162
test_01536,0.03
test_01537,0.97
test_01538,0.03
test_01539,0.97
test_01540,0.274745
test_01541,0.053131
test_01542,0.047447
test_01543,0.97
test_01544,0.046062
test_01545,0.97
test_01546,0.740419
test_01547,0.03
test_01548,0.03
test_01549,0.840289
test_01550,0.961778
test_01551,0.03
test_01552,0.157309
test_01553,0.848628
test_01554,0.03
test_01555,0.287839
test_01556,0.97
test_01557,0.97
test_01558,0.97
test_01559,0.03
test_01560,0.97
test_01561,0.228296
test_01562,0.217126
test_01563,0.97
test_01564,0.03
test_01565,0.97
test_01566,0.97
test_01567,0.03
test_01568,0.047973
test_01569,0.065683
test_01570,0.055414
test_01571,0.760927
test_01572,0.97
test_01573,0.97
test_01574,0.900766
test_01575,0.952175
test_01576,0.97
test_01577,0.22765
test_01578,0.909821
test_01579,0.909663
test_01580,0.799202
test_01581,0.97
test_01582,0.03
test_01583,0.03
test_01584,0.130709
test_01585,0.03
test_01586,0.891304
test_01587,0.70088
test_01588,0.062846
test_01589,0.561446
test_01590,0.918443
test_01591,0.97
test_01592,0.054052
test_01593,0.231934
test_01594,0.97
test_01595,0.97
test_01596,0.072401
test_01597,0.03
test_01598,0.03
test_01599,0.807329
test_01600,0.03
test_01601,0.74761
test_01602,0.674458
test_01603,0.962233
test_01604,0.97
test_01605,0.03
test_01606,0.03
test_01607,0.97
test_01608,0.897786
test_01609,0.061721
test_01610,0.97
test_01611,0.208402
test_01612,0.935794
test_01613,0.803043
test_01614,0.03
test_01615,0.112866
test_01616,0.389111
test_01617,0.763853
test_01618,0.97
test_01619,0.03
test_01620,0.03
test_01621,0.380105
test_01622,0.97
test_01623,0.958966
test_01624,0.235854
test_01625,0.275545
test_01626,0.97
test_01627,0.132027
test_01628,0.03
test_01629,0.97
test_01630,0.97
test_01631,0.97
test_01632,0.03
test_01633,0.97
test_01634,0.163088
test_01635,0.389331
test_01636,0.97
test_01637,0.03
test_01638,0.75653
test_01639,0.03
test_01640,0.03
test_01641,0.123178
test_01642,0.170822
test_01643,0.03
test_01644,0.9553
test_01645,0.929732
test_01646,0.744236
test_01647,0.97
test_01648,0.97
test_01649,0.03
test_01650,0.302548
test_01651,0.129349
test_01652,0.97
test_01653,0.03
test_01654,0.97
test_01655,0.620554
test_01656,0.97
test_01657,0.03
test_01658,0.352647
test_01659,0.03
test_01660,0.97
test_01661,0.03
test_01662,0.97
test_01663,0.03
test_01664,0.03
test_01665,0.97
test_01666,0.03
test_01667,0.03
test_01668,0.859514
test_01669,0.03
test_01670,0.751049
test_01671,0.97
test_01672,0.97
test_01673,0.547012
test_01674,0.03
test_01675,0.046614
test_01676,0.97
test_01677,0.875784
test_01678,0.274295
test_01679,0.785903
test_01680,0.03
test_01681,0.33558
test_01682,0.97
test_01683,0.03
test_01684,0.97
test_01685,0.941438
test_01686,0.946794
test_01687,0.053819
test_01688,0.03
test_01689,0.03
test_01690,0.97
test_01691,0.03
test_01692,0.03
test_01693,0.603339
test_01694,0.03
test_01695,0.03
test_01696,0.950288
test_01697,0.97
test_01698,0.97
test_01699,0.03
test_01700,0.750496
test_01701,0.03
test_01702,0.270115
test_01703,0.97
test_01704,0.03
test_01705,0.461888
test_01706,0.97
test_01707,0.968015
test_01708,0.97
test_01709,0.97
test_01710,0.946847
test_01711,0.03
test_01712,0.199815
test_01713,0.03
test_01714,0.03
test_01715,0.962795
test_01716,0.56235
test_01717,0.97
test_01718,0.03
test_01719,0.03
test_01720,0.97
test_01721,0.03
test_01722,0.97
test_01723,0.03
test_01724,0.03
test_01725,0.03
test_01726,0.03
test_01727,0.97
test_01728,0.541939
test_01729,0.949883
test_01730,0.049398
test_01731,0.933896
test_01732,0.03
test_01733,0.97
test_01734,0.365035
test_01735,0.97
test_01736,0.651806
test_01737,0.97
test_01738,0.796448
test_01739,0.03
test_01740,0.085924
test_01741,0.03
test_01742,0.03
test_01743,0.49575
test_01744,0.789299
test_01745,0.52938
test_01746,0.820122
test_01747,0.97
test_01748,0.131934
test_01749,0.97
test_01750,0.97
test_01751,0.035981
test_01752,0.091286
test_01753,0.817864
test_01754,0.464318
test_01755,0.135403
test_01756,0.97
test_01757,0.765134
test_01758,0.03
test_01759,0.11372
test_01760,0.97
test_01761,0.072552
test_01762,0.03
test_01763,0.03
test_01764,0.695966
test_01765,0.900299
test_01766,0.03
test_01767,0.03
test_01768,0.97
test_01769,0.260849
test_01770,0.97
test_01771,0.03
test_01772,0.287774
test_01773,0.97
test_01774,0.97
test_01775,0.766734
test_01776,0.97
test_01777,0.97
test_01778,0.97
test_01779,0.311117
test_01780,0.136435
test_01781,0.97
test_01782,0.03
test_01783,0.97
test_01784,0.939348
test_01785,0.659369
test_01786,0.373254
test_01787,0.204314
test_01788,0.97
test_01789,0.149526
test_01790,0.03
test_01791,0.97
test_01792,0.24643
test_01793,0.97
test_01794,0.881249
test_01795,0.173798
test_01796,0.03
test_01797,0.540054
test_01798,0.769043
test_01799,0.255451
test_01800,0.855482
test_01801,0.97
test_01802,0.03
test_01803,0.97
test_01804,0.765113
test_01805,0.03
test_01806,0.584872
test_01807,0.97
test_01808,0.97
test_01809,0.97
test_01810,0.960088
test_01811,0.97
test_01812,0.171314
test_01813,0.746018
test_01814,0.03
test_01815,0.955856
test_01816,0.148349
test_01817,0.03
test_01818,0.97
test_01819,0.97
test_01820,0.05375
test_01821,0.97
test_01822,0.214951
test_01823,0.03
test_01824,0.845735
test_01825,0.03
test_01826,0.315226
test_01827,0.03
test_01828,0.97
test_01829,0.03
test_01830,0.97
test_01831,0.03
test_01832,0.650124
test_01833,0.03
test_01834,0.608382
test_01835,0.7354
test_01836,0.083127
test_01837,0.97
test_01838,0.03
test_01839,0.969154
test_01840,0.03
test_01841,0.102132
test_01842,0.03
test_01843,0.212993
test_01844,0.943612
test_01845,0.546952
test_01846,0.97
test_01847,0.183406
test_01848,0.584602
test_01849,0.375616
test_01850,0.97
test_01851,0.97
test_01852,0.03
test_01853,0.723478
test_01854,0.03
test_01855,0.03
test_01856,0.62196
test_01857,0.03
test_01858,0.97
test_01859,0.36525
test_01860,0.97
test_01861,0.03
test_01862,0.881445
test_01863,0.924801
test_01864,0.03
test_01865,0.653476
test_01866,0.043333
test_01867,0.164553
test_01868,0.03
test_01869,0.97
test_01870,0.110805
test_01871,0.97
test_01872,0.03
test_01873,0.97
test_01874,0.935811
test_01875,0.03
test_01876,0.97
test_01877,0.97
test_01878,0.03
test_01879,0.794848
test_01880,0.97
test_01881,0.97
test_01882,0.03
test_01883,0.476348
test_01884,0.03
test_01885,0.92987
test_01886,0.03
test_01887,0.97
test_01888,0.826506
test_01889,0.789151
test_01890,0.957019
test_01891,0.293396
test_01892,0.051667
test_01893,0.97
test_01894,0.03
test_01895,0.03
test_01896,0.944308
test_01897,0.03
test_01898,0.576444
test_01899,0.076375
test_01900,0.867588
test_01901,0.21297
test_01902,0.97
test_01903,0.047356
test_01904,0.03
test_01905,0.859692
test_01906,0.03
test_01907,0.97
test_01908,0.97
test_01909,0.03
test_01910,0.03
test_01911,0.03
test_01912,0.97
test_01913,0.03
test_01914,0.97
test_01915,0.037087
test_01916,0.97
test_01917,0.97
test_01918,0.97
test_01919,0.412707
test_01920,0.97
test_01921,0.03
test_01922,0.644324
test_01923,0.198991
test_01924,0.97
test_01925,0.904975
test_01926,0.03
test_01927,0.97
test_01928,0.03
test_01929,0.951721
test_01930,0.97
test_01931,0.03
test_01932,0.97
test_01933,0.97
test_01934,0.755895
test_01935,0.03
test_01936,0.03
test_01937,0.97
test_01938,0.417503
test_01939,0.97
test_01940,0.03
test_01941,0.968786
test_01942,0.97
test_01943,0.03
test_01944,0.574246
test_01945,0.03
test_01946,0.87251
test_01947,0.03
test_01948,0.804751
test_01949,0.270193
test_01950,0.47609
test_01951,0.362921
test_01952,0.97
test_01953,0.03
test_01954,0.97
test_01955,0.461909
test_01956,0.97
test_01957,0.590271
test_01958,0.03
test_01959,0.03
test_01960,0.969563
test_01961,0.967053
test_01962,0.03
test_01963,0.132088
test_01964,0.03
test_01965,0.358111
test_01966,0.03
test_01967,0.13334
test_01968,0.968508
test_01969,0.03
test_01970,0.389329
test_01971,0.875929
test_01972,0.863489
test_01973,0.042495
test_01974,0.143208
test_01975,0.97
test_01976,0.894502
test_01977,0.03
test_01978,0.97
test_01979,0.03
test_01980,0.03
test_01981,0.894691
test_01982,0.03
test_01983,0.761608
test_01984,0.651328
test_01985,0.97
test_01986,0.405638
test_01987,0.586422
test_01988,0.03
test_01989,0.215369
test_01990,0.096882
test_01991,0.97
test_01992,0.060449
test_01993,0.97
test_01994,0.106464
test_01995,0.97
test_01996,0.97
test_01997,0.034619
test_01998,0.03
test_01999,0.03
test_02000,0.97
test_02001,0.03
test_02002,0.03
test_02003,0.839352
test_02004,0.03
test_02005,0.655472
test_02006,0.298801
test_02007,0.690983
test_02008,0.341391
test_02009,0.556457
test_02010,0.876121
test_02011,0.97
test_02012,0.626095
test_02013,0.97
test_02014,0.03
test_02015,0.03
test_02016,0.97
test_02017,0.03
test_02018,0.97
test_02019,0.93599
test_02020,0.30303
test_02021,0.97
test_02022,0.03
test_02023,0.297086
test_02024,0.03
test_02025,0.132176
test_02026,0.97
test_02027,0.03
test_02028,0.97
test_02029,0.394694
test_02030,0.97
test_02031,0.05983
test_02032,0.03
test_02033,0.03
test_02034,0.089395
test_02035,0.628046
test_02036,0.102694
test_02037,0.03
test_02038,0.681148
test_02039,0.949217
test_02040,0.632282
test_02041,0.97
test_02042,0.08177
test_02043,0.081311
test_02044,0.075271
test_02045,0.742934
test_02046,0.03
test_02047,0.70438
test_02048,0.97
test_02049,0.065694
test_02050,0.824082
test_02051,0.97
test_02052,0.149878
test_02053,0.450287
test_02054,0.78808
test_02055,0.97
test_02056,0.97
test_02057,0.97
test_02058,0.941582
test_02059,0.97
test_02060,0.97
test_02061,0.558426
test_02062,0.032455
test_02063,0.03
test_02064,0.681426
test_02065,0.955676
test_02066,0.963589
test_02067,0.03
test_02068,0.085968
test_02069,0.97
test_02070,0.096556
test_02071,0.04912
test_02072,0.97
test_02073,0.03
test_02074,0.97
test_02075,0.97
test_02076,0.867039
test_02077,0.03
test_02078,0.97
test_02079,0.821865
test_02080,0.97
test_02081,0.03
test_02082,0.200648
test_02083,0.03
test_02084,0.03
test_02085,0.03
test_02086,0.041169
test_02087,0.03
test_02088,0.03
test_02089,0.03
test_02090,0.695576
test_02091,0.309155
test_02092,0.315536
test_02093,0.03
test_02094,0.97
test_02095,0.03
test_02096,0.089748
test_02097,0.061943
test_02098,0.415826
test_02099,0.97
test_02100,0.97
test_02101,0.434225
test_02102,0.97
test_02103,0.594915
test_02104,0.135977
test_02105,0.97
test_02106,0.97
test_02107,0.234307
test_02108,0.03
test_02109,0.03
test_02110,0.97
test_02111,0.03
test_02112,0.97
test_02113,0.97
test_02114,0.97
test_02115,0.221123
test_02116,0.939638
test_02117,0.03
test_02118,0.62654
test_02119,0.97
test_02120,0.03
test_02121,0.287148
test_02122,0.03
test_02123,0.898476
test_02124,0.03
test_02125,0.97
test_02126,0.956222
test_02127,0.03
test_02128,0.03
test_02129,0.715299
test_02130,0.97
test_02131,0.962595
test_02132,0.840764
test_02133,0.938444
test_02134,0.03
test_02135,0.97
test_02136,0.082139
test_02137,0.186242
test_02138,0.956629
test_02139,0.97
test_02140,0.03
test_02141,0.966293
test_02142,0.97
test_02143,0.03
test_02144,0.861091
test_02145,0.179775
test_02146,0.03
test_02147,0.97
test_02148,0.693856
test_02149,0.03
test_02150,0.97
test_02151,0.236334
test_02152,0.03
test_02153,0.947977
test_02154,0.97
test_02155,0.97
test_02156,0.564799
test_02157,0.03
test_02158,0.03
test_02159,0.97
test_02160,0.97
test_02161,0.97
test_02162,0.959554
test_02163,0.330627
test_02164,0.03
test_02165,0.154702
test_02166,0.03
test_02167,0.56558
test_02168,0.214777
test_02169,0.03
test_02170,0.339336
test_02171,0.239374
test_02172,0.97
test_02173,0.068025
test_02174,0.414899
test_02175,0.960531
test_02176,0.060767
test_02177,0.90756
test_02178,0.03
test_02179,0.814714
test_02180,0.97
test_02181,0.97
test_02182,0.275916
test_02183,0.103529
test_02184,0.03
test_02185,0.97
test_02186,0.03
test_02187,0.97
test_02188,0.469374
test_02189,0.97
test_02190,0.97
test_02191,0.97
test_02192,0.03
test_02193,0.03
test_02194,0.97
test_02195,0.355837
test_02196,0.03
test_02197,0.97
test_02198,0.22844
test_02199,0.141185
test_02200,0.032102
test_02201,0.049631
test_02202,0.03
test_02203,0.03
test_02204,0.123318
test_02205,0.03
test_02206,0.97
test_02207,0.689063
test_02208,0.307175
test_02209,0.493608
test_02210,0.211015
test_02211,0.034646
test_02212,0.543772
test_02213,0.97
test_02214,0.97
test_02215,0.03
test_02216,0.041965
test_02217,0.03
test_02218,0.948235
test_02219,0.03
test_02220,0.08468
test_02221,0.240965
test_02222,0.958228
test_02223,0.043795
test_02224,0.97
test_02225,0.03
test_02226,0.03
test_02227,0.770351
test_02228,0.97
test_02229,0.97
test_02230,0.209802
test_02231,0.145915
test_02232,0.97
test_02233,0.97
test_02234,0.03
test_02235,0.97
test_02236,0.229142
test_02237,0.953274
test_02238,0.03
test_02239,0.97
test_02240,0.890299
test_02241,0.97
test_02242,0.03
test_02243,0.03
test_02244,0.97
test_02245,0.03
test_02246,0.97
test_02247,0.095531
test_02248,0.647948
test_02249,0.146556
test_02250,0.97
test_02251,0.624958
test_02252,0.963032
test_02253,0.488607
test_02254,0.03
test_02255,0.896242
test_02256,0.580138
test_02257,0.040255
test_02258,0.067802
test_02259,0.648711
test_02260,0.518074
test_02261,0.03
test_02262,0.587063
test_02263,0.167242
test_02264,0.349076
test_02265,0.97
test_02266,0.896841
test_02267,0.03
test_02268,0.206518
test_02269,0.850887
test_02270,0.97
test_02271,0.153539
test_02272,0.03
test_02273,0.923412
test_02274,0.910841
test_02275,0.97
test_02276,0.97
test_02277,0.97
test_02278,0.97
test_02279,0.97
test_02280,0.03
test_02281,0.786158
test_02282,0.03
test_02283,0.63488
test_02284,0.03
test_02285,0.95419
test_02286,0.03
test_02287,0.03
test_02288,0.03
test_02289,0.03
test_02290,0.432528
test_02291,0.062788
test_02292,0.269371
test_02293,0.233483
test_02294,0.97
test_02295,0.897811
test_02296,0.97
test_02297,0.97
test_02298,0.97
test_02299,0.97
test_02300,0.049658
test_02301,0.126288
test_02302,0.322852
test_02303,0.97
test_02304,0.03
test_02305,0.97
test_02306,0.97
test_02307,0.055509
test_02308,0.03
test_02309,0.606591
test_02310,0.97
test_02311,0.936271
test_02312,0.03
test_02313,0.162204
test_02314,0.883852
test_02315,0.634079
test_02316,0.724233
test_02317,0.03
test_02318,0.896502
test_02319,0.97
test_02320,0.871248
test_02321,0.56033
test_02322,0.97
test_02323,0.03
test_02324,0.97
test_02325,0.97
test_02326,0.291769
test_02327,0.138636
test_02328,0.03
test_02329,0.03
test_02330,0.03
test_02331,0.03
test_02332,0.03
test_02333,0.03
test_02334,0.093082
test_02335,0.863953
test_02336,0.97
test_02337,0.03
test_02338,0.16749
test_02339,0.873633
test_02340,0.97
test_02341,0.098284
test_02342,0.03
test_02343,0.514407
test_02344,0.03
test_02345,0.03
test_02346,0.97
test_02347,0.950234
test_02348,0.97
test_02349,0.97
test_02350,0.03
test_02351,0.03
test_02352,0.03
test_02353,0.337633
test_02354,0.97
test_02355,0.828144
test_02356,0.125908
test_02357,0.03
test_02358,0.97
test_02359,0.97
test_02360,0.03
test_02361,0.069035
test_02362,0.97
test_02363,0.97
test_02364,0.97
test_02365,0.97
test_02366,0.03
test_02367,0.97
test_02368,0.03
test_02369,0.056186
test_02370,0.61573
test_02371,0.97
test_02372,0.03
test_02373,0.03
test_02374,0.97
test_02375,0.97
test_02376,0.736471
test_02377,0.181133
test_02378,0.559403
test_02379,0.078106
test_02380,0.308173
test_02381,0.963393
test_02382,0.955
test_02383,0.03
test_02384,0.03
test_02385,0.071874
test_02386,0.040749
test_02387,0.97
test_02388,0.03
test_02389,0.03
test_02390,0.94693
test_02391,0.030585
test_02392,0.957588
test_02393,0.03
test_02394,0.098102
test_02395,0.97
test_02396,0.03
test_02397,0.963475
test_02398,0.97
test_02399,0.428475
test_02400,0.97
test_02401,0.97
test_02402,0.960479
test_02403,0.039338
test_02404,0.92475
test_02405,0.97
test_02406,0.908724
test_02407,0.97
test_02408,0.221222
test_02409,0.03
test_02410,0.03
test_02411,0.39186
test_02412,0.938569
test_02413,0.97
test_02414,0.933748
test_02415,0.965374
test_02416,0.03
test_02417,0.940733
test_02418,0.639292
test_02419,0.03
test_02420,0.03
test_02421,0.201696
test_02422,0.03
test_02423,0.97
test_02424,0.03
test_02425,0.03
test_02426,0.97
test_02427,0.97
test_02428,0.03
test_02429,0.03
test_02430,0.963303
test_02431,0.092854
test_02432,0.176408
test_02433,0.97
test_02434,0.97
test_02435,0.854005
test_02436,0.03
test_02437,0.227931
test_02438,0.97
test_02439,0.97
test_02440,0.958959
test_02441,0.968145
test_02442,0.10196
test_02443,0.96688
test_02444,0.868034
test_02445,0.25823
test_02446,0.608218
test_02447,0.739402
test_02448,0.97
test_02449,0.03
test_02450,0.97
test_02451,0.97
test_02452,0.03
test_02453,0.558418
test_02454,0.97
test_02455,0.354531
test_02456,0.078065
test_02457,0.173715
test_02458,0.038171
test_02459,0.03
test_02460,0.944178
test_02461,0.97
test_02462,0.97
test_02463,0.03
test_02464,0.97
test_02465,0.050132
test_02466,0.03
test_02467,0.03
test_02468,0.97
test_02469,0.03
test_02470,0.918581
test_02471,0.97
test_02472,0.032592
test_02473,0.862481
test_02474,0.03
test_02475,0.03
test_02476,0.040664
test_02477,0.490648
test_02478,0.955915
test_02479,0.97
test_02480,0.953215
test_02481,0.97
test_02482,0.846622
test_02483,0.389642
test_02484,0.332574
test_02485,0.03
test_02486,0.962932
test_02487,0.049193
test_02488,0.155137
test_02489,0.97
test_02490,0.97
test_02491,0.598972
test_02492,0.03
test_02493,0.03
test_02494,0.841057
test_02495,0.03
test_02496,0.933967
test_02497,0.03
test_02498,0.13867
test_02499,0.882918
test_02500,0.97
test_02501,0.32463
test_02502,0.042386
test_02503,0.367283
test_02504,0.78265
test_02505,0.092159
test_02506,0.136829
test_02507,0.658908
test_02508,0.03
test_02509,0.939706
test_02510,0.03
test_02511,0.48742
test_02512,0.97
test_02513,0.97
test_02514,0.03
test_02515,0.97
test_02516,0.895884
test_02517,0.035126
test_02518,0.03
test_02519,0.203768
test_02520,0.03
test_02521,0.238313
test_02522,0.97
test_02523,0.03
test_02524,0.826214
test_02525,0.97
test_02526,0.874737
test_02527,0.935686
test_02528,0.942211
test_02529,0.408786
test_02530,0.97
test_02531,0.907469
test_02532,0.03
test_02533,0.845542
test_02534,0.03
test_02535,0.97
test_02536,0.97
test_02537,0.142042
test_02538,0.743049
test_02539,0.328164
test_02540,0.03
test_02541,0.03
test_02542,0.623712
test_02543,0.97
test_02544,0.962841
test_02545,0.951643
test_02546,0.03
test_02547,0.97
test_02548,0.089243
test_02549,0.949075
test_02550,0.97
test_02551,0.03
test_02552,0.444669
test_02553,0.97
test_02554,0.97
test_02555,0.869642
test_02556,0.43351
test_02557,0.22781
test_02558,0.947812
test_02559,0.03
test_02560,0.793362
test_02561,0.97
test_02562,0.346144
test_02563,0.944082
test_02564,0.493755
test_02565,0.588385
test_02566,0.328748
test_02567,0.779692
test_02568,0.03
test_02569,0.139738
test_02570,0.97
test_02571,0.03
test_02572,0.588146
test_02573,0.304978
test_02574,0.97
test_02575,0.166514
test_02576,0.97
test_02577,0.057069
test_02578,0.97
test_02579,0.03
test_02580,0.435258
test_02581,0.97
test_02582,0.155353
test_02583,0.357638
test_02584,0.97
test_02585,0.03
test_02586,0.03
test_02587,0.03
test_02588,0.33225
test_02589,0.114796
test_02590,0.345993
test_02591,0.97
test_02592,0.177711
test_02593,0.97
test_02594,0.97
test_02595,0.97
test_02596,0.03
test_02597,0.472213
test_02598,0.957853
test_02599,0.373211
test_02600,0.921923
test_02601,0.03
test_02602,0.03
test_02603,0.03
test_02604,0.4847
test_02605,0.03
test_02606,0.726659
test_02607,0.97
test_02608,0.963765
test_02609,0.97
test_02610,0.03
test_02611,0.060768
test_02612,0.274033
test_02613,0.03
test_02614,0.03
test_02615,0.03
test_02616,0.866417
test_02617,0.926846
test_02618,0.060891
test_02619,0.97
test_02620,0.03
test_02621,0.185607
test_02622,0.897621
test_02623,0.713051
test_02624,0.97
test_02625,0.03
test_02626,0.97
test_02627,0.614025
test_02628,0.257511
test_02629,0.03
test_02630,0.957556
test_02631,0.03
test_02632,0.056333
test_02633,0.97
test_02634,0.793689
test_02635,0.494839
test_02636,0.155485
test_02637,0.97
test_02638,0.916636
test_02639,0.089102
test_02640,0.919253
test_02641,0.932474
test_02642,0.03
test_02643,0.97
test_02644,0.03
test_02645,0.03
test_02646,0.313112
test_02647,0.03
test_02648,0.03
test_02649,0.725781
test_02650,0.085515
test_02651,0.848695
test_02652,0.121267
test_02653,0.280003
test_02654,0.954924
test_02655,0.179421
test_02656,0.086748
test_02657,0.103226
test_02658,0.88537
test_02659,0.849401
test_02660,0.705917
test_02661,0.97
test_02662,0.316777
test_02663,0.03
test_02664,0.97
test_02665,0.630835
test_02666,0.97
test_02667,0.490716
test_02668,0.97
test_02669,0.03
test_02670,0.730168
test_02671,0.03
test_02672,0.97
test_02673,0.97
test_02674,0.253627
test_02675,0.760009
test_02676,0.97
test_02677,0.061315
test_02678,0.97
test_02679,0.662546
test_02680,0.03
test_02681,0.066284
test_02682,0.03
test_02683,0.936526
test_02684,0.03
test_02685,0.096262
test_02686,0.97
test_02687,0.055131
test_02688,0.97
test_02689,0.095537
test_02690,0.688055
test_02691,0.262289
test_02692,0.97
test_02693,0.97
test_02694,0.931909
test_02695,0.482063
test_02696,0.334854
test_02697,0.03
test_02698,0.03
test_02699,0.935997
test_02700,0.03
test_02701,0.03
test_02702,0.36399
test_02703,0.040373
test_02704,0.03
test_02705,0.97
test_02706,0.03
test_02707,0.97
test_02708,0.967208
test_02709,0.711017
test_02710,0.97
test_02711,0.03
test_02712,0.97
test_02713,0.76583
test_02714,0.03
test_02715,0.97
test_02716,0.463503
test_02717,0.432416
test_02718,0.03
test_02719,0.761112
test_02720,0.03
test_02721,0.03
test_02722,0.65352
test_02723,0.97
test_02724,0.03
test_02725,0.819118
test_02726,0.876005
test_02727,0.086238
test_02728,0.03
test_02729,0.220115
test_02730,0.97
test_02731,0.124544
test_02732,0.735042
test_02733,0.357908
test_02734,0.03
test_02735,0.97
test_02736,0.190225
test_02737,0.97
test_02738,0.97
test_02739,0.912839
test_02740,0.97
test_02741,0.03
test_02742,0.03
test_02743,0.03
test_02744,0.03
test_02745,0.97
test_02746,0.305326
test_02747,0.03
test_02748,0.03
test_02749,0.97
test_02750,0.97
test_02751,0.838294
test_02752,0.97
test_02753,0.97
test_02754,0.03
test_02755,0.478438
test_02756,0.97
test_02757,0.03
test_02758,0.077344
test_02759,0.608503
test_02760,0.03
test_02761,0.97
test_02762,0.03
test_02763,0.190178
test_02764,0.97
test_02765,0.03
test_02766,0.97
test_02767,0.03
test_02768,0.144535
test_02769,0.03
test_02770,0.130769
test_02771,0.97
test_02772,0.058164
test_02773,0.03
test_02774,0.97
test_02775,0.328635
test_02776,0.97
test_02777,0.97
test_02778,0.230234
test_02779,0.03127
test_02780,0.860832
test_02781,0.963902
test_02782,0.811828
test_02783,0.416573
test_02784,0.03
test_02785,0.97
test_02786,0.03
test_02787,0.03
test_02788,0.97
test_02789,0.34883
test_02790,0.03
test_02791,0.243164
test_02792,0.753654
test_02793,0.336717
test_02794,0.03
test_02795,0.95497
test_02796,0.97
test_02797,0.066355
test_02798,0.97
test_02799,0.637195
test_02800,0.03
test_02801,0.03
test_02802,0.03
test_02803,0.469045
test_02804,0.322567
test_02805,0.043494
test_02806,0.97
test_02807,0.03
test_02808,0.03
test_02809,0.614104
test_02810,0.039495
test_02811,0.03
test_02812,0.178625
test_02813,0.20993
test_02814,0.97
test_02815,0.650313
test_02816,0.97
test_02817,0.153645
test_02818,0.330882
test_02819,0.910928
test_02820,0.03
test_02821,0.834612
test_02822,0.97
test_02823,0.615742
test_02824,0.03
test_02825,0.97
test_02826,0.97
test_02827,0.794133
test_02828,0.97
test_02829,0.97
test_02830,0.97
test_02831,0.97
test_02832,0.151457
test_02833,0.120374
test_02834,0.817521
test_02835,0.03
test_02836,0.97
test_02837,0.97
test_02838,0.188912
test_02839,0.97
test_02840,0.143831
test_02841,0.97
test_02842,0.799783
test_02843,0.03
test_02844,0.03
test_02845,0.852146
test_02846,0.97
test_02847,0.97
test_02848,0.85639
test_02849,0.038032
test_02850,0.03
test_02851,0.97
test_02852,0.03
test_02853,0.97
test_02854,0.12241
test_02855,0.97
test_02856,0.103667
test_02857,0.97
test_02858,0.97
test_02859,0.14706
test_02860,0.562117
test_02861,0.97
test_02862,0.03
test_02863,0.03
test_02864,0.932116
test_02865,0.97
test_02866,0.921877
test_02867,0.914438
test_02868,0.03
test_02869,0.97
test_02870,0.151447
test_02871,0.97
test_02872,0.03
test_02873,0.97
test_02874,0.97
test_02875,0.9443
test_02876,0.97
test_02877,0.907524
test_02878,0.03
test_02879,0.071331
test_02880,0.97
test_02881,0.096352
test_02882,0.707744
test_02883,0.97
test_02884,0.084177
test_02885,0.1487
test_02886,0.03
test_02887,0.03
test_02888,0.03
test_02889,0.72268
test_02890,0.03
test_02891,0.871578
test_02892,0.616103
test_02893,0.03
test_02894,0.03
test_02895,0.614687
test_02896,0.97
test_02897,0.075725
test_02898,0.948018
test_02899,0.97
test_02900,0.52971
test_02901,0.336025
test_02902,0.03
test_02903,0.03
test_02904,0.074746
test_02905,0.97
test_02906,0.601218
test_02907,0.35121
test_02908,0.051215
test_02909,0.03
test_02910,0.03
test_02911,0.03
test_02912,0.97
test_02913,0.03
test_02914,0.961222
test_02915,0.97
test_02916,0.968891
test_02917,0.03
test_02918,0.03
test_02919,0.03
test_02920,0.03
test_02921,0.20075
test_02922,0.637627
test_02923,0.03
test_02924,0.291706
test_02925,0.312278
test_02926,0.883832
test_02927,0.788863
test_02928,0.815993
test_02929,0.03
test_02930,0.97
test_02931,0.915545
test_02932,0.97
test_02933,0.03
test_02934,0.03
test_02935,0.423652
test_02936,0.97
test_02937,0.103408
test_02938,0.21393
test_02939,0.97
test_02940,0.291127
test_02941,0.97
test_02942,0.03
test_02943,0.03
test_02944,0.03
test_02945,0.938645
test_02946,0.03
test_02947,0.803899
test_02948,0.03
test_02949,0.225982
test_02950,0.957728
test_02951,0.038663
test_02952,0.77893
test_02953,0.97
test_02954,0.97
test_02955,0.6051
test_02956,0.03
test_02957,0.03
test_02958,0.97
test_02959,0.03
test_02960,0.755597
test_02961,0.03
test_02962,0.97
test_02963,0.130413
test_02964,0.966324
test_02965,0.03
test_02966,0.057748
test_02967,0.03
test_02968,0.97
test_02969,0.97
test_02970,0.330549
test_02971,0.97
test_02972,0.97
test_02973,0.03
test_02974,0.03
test_02975,0.03
test_02976,0.97
test_02977,0.957878
test_02978,0.97
test_02979,0.97
test_02980,0.03
test_02981,0.903927
test_02982,0.534818
test_02983,0.97
test_02984,0.798944
test_02985,0.567337
test_02986,0.794764
test_02987,0.03
test_02988,0.03
test_02989,0.30651
test_02990,0.97
test_02991,0.96687
test_02992,0.03
test_02993,0.03
test_02994,0.845642
test_02995,0.03
test_02996,0.97
test_02997,0.97
test_02998,0.03
test_02999,0.960949
test_03000,0.183064
test_03001,0.97
test_03002,0.97
test_03003,0.277324
test_03004,0.158609
test_03005,0.03
test_03006,0.190457
test_03007,0.03
test_03008,0.03
test_03009,0.947873
test_03010,0.97
test_03011,0.97
test_03012,0.03
test_03013,0.97
test_03014,0.97
test_03015,0.03
test_03016,0.03
test_03017,0.768825
test_03018,0.03
test_03019,0.03
test_03020,0.72755
test_03021,0.03
test_03022,0.97
test_03023,0.582394
test_03024,0.97
test_03025,0.03
test_03026,0.03
test_03027,0.03
test_03028,0.868484
test_03029,0.03
test_03030,0.158319
test_03031,0.034958
test_03032,0.084706
test_03033,0.812968
test_03034,0.236033
test_03035,0.03
test_03036,0.6896
test_03037,0.03
test_03038,0.03
test_03039,0.03
test_03040,0.97
test_03041,0.97
test_03042,0.97
test_03043,0.97
test_03044,0.961499
test_03045,0.766381
test_03046,0.346901
test_03047,0.954723
test_03048,0.03
test_03049,0.97
test_03050,0.365119
test_03051,0.03
test_03052,0.218699
test_03053,0.397061
test_03054,0.944029
test_03055,0.946807
test_03056,0.97
test_03057,0.03
test_03058,0.03
test_03059,0.97
test_03060,0.958392
test_03061,0.97
test_03062,0.97
test_03063,0.03
test_03064,0.955867
test_03065,0.03
test_03066,0.97
test_03067,0.936766
test_03068,0.97
test_03069,0.97
test_03070,0.942759
test_03071,0.97
test_03072,0.155605
test_03073,0.03
test_03074,0.920145
test_03075,0.97
test_03076,0.075498
test_03077,0.883953
test_03078,0.03
test_03079,0.03
test_03080,0.067283
test_03081,0.03
test_03082,0.97
test_03083,0.329654
test_03084,0.03
test_03085,0.048665
test_03086,0.97
test_03087,0.365722
test_03088,0.97
test_03089,0.766574
test_03090,0.162257
test_03091,0.072752
test_03092,0.03
test_03093,0.97
test_03094,0.97
test_03095,0.97
test_03096,0.808077
test_03097,0.03
test_03098,0.03
test_03099,0.97
test_03100,0.452558
test_03101,0.476034
test_03102,0.97
test_03103,0.054105
test_03104,0.48626
test_03105,0.089582
test_03106,0.836722
test_03107,0.03
test_03108,0.103857
test_03109,0.03
test_03110,0.286843
test_03111,0.03
test_03112,0.03
test_03113,0.105648
test_03114,0.039137
test_03115,0.185694
test_03116,0.864521
test_03117,0.272806
test_03118,0.905943
test_03119,0.923756
test_03120,0.666353
test_03121,0.03
test_03122,0.844192
test_03123,0.97
test_03124,0.97
test_03125,0.901283
test_03126,0.957018
test_03127,0.090731
test_03128,0.03
test_03129,0.074318
test_03130,0.97
test_03131,0.921845
test_03132,0.97
test_03133,0.075167
test_03134,0.96311
test_03135,0.97
test_03136,0.03
test_03137,0.649051
test_03138,0.03
test_03139,0.051803
test_03140,0.288915
test_03141,0.71295
test_03142,0.97
test_03143,0.737586
test_03144,0.834109
test_03145,0.97
test_03146,0.03
test_03147,0.425737
test_03148,0.03
test_03149,0.114458
test_03150,0.97
test_03151,0.03
test_03152,0.97
test_03153,0.03
test_03154,0.97
test_03155,0.03
test_03156,0.78464
test_03157,0.03
test_03158,0.97
test_03159,0.97
test_03160,0.03
test_03161,0.03
test_03162,0.97
test_03163,0.092019
test_03164,0.476684
test_03165,0.03
test_03166,0.03
test_03167,0.03
test_03168,0.03
test_03169,0.03
test_03170,0.03
test_03171,0.97
test_03172,0.97
test_03173,0.058473
test_03174,0.97
test_03175,0.97
test_03176,0.97
test_03177,0.03
test_03178,0.97
test_03179,0.740066
test_03180,0.97
test_03181,0.97
test_03182,0.03
test_03183,0.97
test_03184,0.97
test_03185,0.963791
test_03186,0.03
test_03187,0.455525
test_03188,0.917772
test_03189,0.97
test_03190,0.49645
test_03191,0.03
test_03192,0.873936
test_03193,0.541721
test_03194,0.97
test_03195,0.03098
test_03196,0.97
test_03197,0.03
test_03198,0.03
test_03199,0.7253
test_03200,0.03
test_03201,0.170281
test_03202,0.79741
test_03203,0.03
test_03204,0.963532
test_03205,0.846779
test_03206,0.03
test_03207,0.97
test_03208,0.066235
test_03209,0.255124
test_03210,0.97
test_03211,0.03
test_03212,0.97
test_03213,0.97
test_03214,0.03
test_03215,0.97
test_03216,0.043504
test_03217,0.03
test_03218,0.03
test_03219,0.97
test_03220,0.901541
test_03221,0.97
test_03222,0.03
test_03223,0.03
test_03224,0.97
test_03225,0.97
test_03226,0.03
test_03227,0.942127
test_03228,0.929072
test_03229,0.03
test_03230,0.97
test_03231,0.97
test_03232,0.97
test_03233,0.03
test_03234,0.145983
test_03235,0.198984
test_03236,0.068206
test_03237,0.97
test_03238,0.820332
test_03239,0.063051
test_03240,0.609131
test_03241,0.441509
test_03242,0.03
test_03243,0.03
test_03244,0.212926
test_03245,0.903713
test_03246,0.967984
test_03247,0.954152
test_03248,0.03
test_03249,0.97
test_03250,0.03
test_03251,0.03
test_03252,0.97
test_03253,0.960881
test_03254,0.03
test_03255,0.03
test_03256,0.97
test_03257,0.97
test_03258,0.372478
test_03259,0.507911
test_03260,0.03
test_03261,0.03
test_03262,0.557481
test_03263,0.840761
test_03264,0.086463
test_03265,0.048904
test_03266,0.97
test_03267,0.97
test_03268,0.952134
test_03269,0.97
test_03270,0.03
test_03271,0.751245
test_03272,0.889097
test_03273,0.03
test_03274,0.03
test_03275,0.03
test_03276,0.03
test_03277,0.03
test_03278,0.931047
test_03279,0.329389
test_03280,0.905902
test_03281,0.97
test_03282,0.425162
test_03283,0.189105
test_03284,0.129738
test_03285,0.97
test_03286,0.968213
test_03287,0.97
test_03288,0.909851
test_03289,0.97
test_03290,0.065488
test_03291,0.747363
test_03292,0.201925
test_03293,0.97
test_03294,0.657064
test_03295,0.03
test_03296,0.038646
test_03297,0.97
test_03298,0.03
test_03299,0.368861
test_03300,0.941656
test_03301,0.555655
test_03302,0.97
test_03303,0.361456
test_03304,0.03
test_03305,0.97
test_03306,0.066995
test_03307,0.97
test_03308,0.97
test_03309,0.03
test_03310,0.97
test_03311,0.03
test_03312,0.107444
test_03313,0.222606
test_03314,0.03
test_03315,0.97
test_03316,0.851312
test_03317,0.97
test_03318,0.944291
test_03319,0.03
test_03320,0.97
test_03321,0.962525
test_03322,0.97
test_03323,0.956553
test_03324,0.03
test_03325,0.03
test_03326,0.062369
test_03327,0.97
test_03328,0.401208
test_03329,0.066985
test_03330,0.97
test_03331,0.03
test_03332,0.97
test_03333,0.177225
test_03334,0.97
test_03335,0.97
test_03336,0.03
test_03337,0.570328
test_03338,0.072297
test_03339,0.91428
test_03340,0.77661
test_03341,0.03
test_03342,0.929566
test_03343,0.03
test_03344,0.752783
test_03345,0.03
test_03346,0.03
test_03347,0.854206
test_03348,0.03
test_03349,0.97
test_03350,0.568205
test_03351,0.03
test_03352,0.97
test_03353,0.399378
test_03354,0.03
test_03355,0.97
test_03356,0.440797
test_03357,0.943784
test_03358,0.03
test_03359,0.97
test_03360,0.128035
test_03361,0.842988
test_03362,0.97
test_03363,0.958018
test_03364,0.97
test_03365,0.03
test_03366,0.03
test_03367,0.665696
test_03368,0.97
test_03369,0.03
test_03370,0.97
test_03371,0.97
test_03372,0.133487
test_03373,0.732411
test_03374,0.633387
test_03375,0.03
test_03376,0.97
test_03377,0.206094
test_03378,0.03
test_03379,0.695652
test_03380,0.97
test_03381,0.97
test_03382,0.97
test_03383,0.03
test_03384,0.955875
test_03385,0.97
test_03386,0.108472
test_03387,0.97
test_03388,0.325782
test_03389,0.888909
test_03390,0.333373
test_03391,0.960244
test_03392,0.943199
test_03393,0.03
test_03394,0.235676
test_03395,0.908217
test_03396,0.03
test_03397,0.03
test_03398,0.97
test_03399,0.97
test_03400,0.093998
test_03401,0.910828
test_03402,0.956579
test_03403,0.241038
test_03404,0.036012
test_03405,0.97
test_03406,0.043396
test_03407,0.178703
test_03408,0.031063
test_03409,0.03
test_03410,0.124487
test_03411,0.719577
test_03412,0.97
test_03413,0.03
test_03414,0.03
test_03415,0.299934
test_03416,0.036076
test_03417,0.910058
test_03418,0.448951
test_03419,0.03
test_03420,0.732878
test_03421,0.598509
test_03422,0.97
test_03423,0.03
test_03424,0.03
test_03425,0.03
test_03426,0.617285
test_03427,0.97
test_03428,0.03
test_03429,0.03
test_03430,0.97
test_03431,0.97
test_03432,0.204465
test_03433,0.97
test_03434,0.03
test_03435,0.97
test_03436,0.03
test_03437,0.03
test_03438,0.03
test_03439,0.97
test_03440,0.97
test_03441,0.13741
test_03442,0.818518
test_03443,0.572065
test_03444,0.03
test_03445,0.312531
test_03446,0.927377
test_03447,0.97
test_03448,0.273755
test_03449,0.97
test_03450,0.694938
test_03451,0.03
test_03452,0.03
test_03453,0.03
test_03454,0.03
test_03455,0.03
test_03456,0.03
test_03457,0.175732
test_03458,0.945168
test_03459,0.140552
test_03460,0.190433
test_03461,0.631458
test_03462,0.97
test_03463,0.098414
test_03464,0.97
test_03465,0.112167
test_03466,0.03
test_03467,0.967685
test_03468,0.03
test_03469,0.79872
test_03470,0.03
test_03471,0.820083
test_03472,0.97
test_03473,0.97
test_03474,0.97
test_03475,0.77885
test_03476,0.127389
test_03477,0.03
test_03478,0.03
test_03479,0.101428
test_03480,0.97
test_03481,0.97
test_03482,0.97
test_03483,0.036728
test_03484,0.808695
test_03485,0.376548
test_03486,0.97
test_03487,0.916301
test_03488,0.97
test_03489,0.036777
test_03490,0.97
test_03491,0.861079
test_03492,0.97
test_03493,0.929179
test_03494,0.790625
test_03495,0.03
test_03496,0.187103
test_03497,0.97
test_03498,0.97
test_03499,0.97
test_03500,0.896945
test_03501,0.03
test_03502,0.254775
test_03503,0.03
test_03504,0.03
test_03505,0.03
test_03506,0.117286
test_03507,0.665774
test_03508,0.1246
test_03509,0.760548
test_03510,0.487375
test_03511,0.03
test_03512,0.97
test_03513,0.328365
test_03514,0.41624
test_03515,0.389875
test_03516,0.03
test_03517,0.845923
test_03518,0.03
test_03519,0.167384
test_03520,0.932915
test_03521,0.03
test_03522,0.773857
test_03523,0.97
test_03524,0.413943
test_03525,0.97
test_03526,0.97
test_03527,0.171667
test_03528,0.03
test_03529,0.03
test_03530,0.03
test_03531,0.03
test_03532,0.97
test_03533,0.345753
test_03534,0.97
test_03535,0.035169
test_03536,0.97
test_03537,0.44402
test_03538,0.03
test_03539,0.047014
test_03540,0.54997
test_03541,0.111512
test_03542,0.155269
test_03543,0.97
test_03544,0.042453
test_03545,0.094499
test_03546,0.03
test_03547,0.97
test_03548,0.97
test_03549,0.927689
test_03550,0.181956
test_03551,0.97
test_03552,0.690016
test_03553,0.958871
test_03554,0.554957
test_03555,0.043136
test_03556,0.03003
test_03557,0.97
test_03558,0.420865
test_03559,0.03
test_03560,0.97
test_03561,0.97
test_03562,0.97
test_03563,0.573953
test_03564,0.97
test_03565,0.97
test_03566,0.03
test_03567,0.592967
test_03568,0.046386
test_03569,0.608889
test_03570,0.97
test_03571,0.03
test_03572,0.963743
test_03573,0.336483
test_03574,0.97
test_03575,0.97
test_03576,0.97
test_03577,0.035478
test_03578,0.03
test_03579,0.03
test_03580,0.97
test_03581,0.03
test_03582,0.97
test_03583,0.97
test_03584,0.03
test_03585,0.97
test_03586,0.03
test_03587,0.455986
test_03588,0.03
test_03589,0.03
test_03590,0.207372
test_03591,0.03
test_03592,0.97
test_03593,0.97
test_03594,0.119273
test_03595,0.97
test_03596,0.97
test_03597,0.410846
test_03598,0.948209
test_03599,0.97
test_03600,0.073029
test_03601,0.87592
test_03602,0.095596
test_03603,0.97
test_03604,0.97
test_03605,0.97
test_03606,0.03
test_03607,0.03
test_03608,0.97
test_03609,0.03
test_03610,0.03
test_03611,0.09995
test_03612,0.97
test_03613,0.944155
test_03614,0.03
test_03615,0.754362
test_03616,0.03
test_03617,0.917426
test_03618,0.97
test_03619,0.03
test_03620,0.03
test_03621,0.556513
test_03622,0.696188
test_03623,0.03
test_03624,0.034531
test_03625,0.97
test_03626,0.468749
test_03627,0.371438
test_03628,0.03
test_03629,0.97
test_03630,0.122216
test_03631,0.180998
test_03632,0.250812
test_03633,0.03
test_03634,0.03
test_03635,0.080972
test_03636,0.442961
test_03637,0.03
test_03638,0.97
test_03639,0.03
test_03640,0.03
test_03641,0.97
test_03642,0.94197
test_03643,0.369678
test_03644,0.03
test_03645,0.97
test_03646,0.519849
test_03647,0.686632
test_03648,0.808733
test_03649,0.90418
test_03650,0.97
test_03651,0.03
test_03652,0.093045
test_03653,0.97
test_03654,0.97
test_03655,0.679782
test_03656,0.360461
test_03657,0.358102
test_03658,0.552738
test_03659,0.97
test_03660,0.97
test_03661,0.957186
test_03662,0.97
test_03663,0.97
test_03664,0.97
test_03665,0.97
test_03666,0.108045
test_03667,0.03
test_03668,0.97
test_03669,0.97
test_03670,0.298077
test_03671,0.050372
test_03672,0.958828
test_03673,0.835836
test_03674,0.729233
test_03675,0.97
test_03676,0.97
test_03677,0.940284
test_03678,0.900146
test_03679,0.03
test_03680,0.952936
test_03681,0.877028
test_03682,0.961993
test_03683,0.97
test_03684,0.97
test_03685,0.97
test_03686,0.97
test_03687,0.46655
test_03688,0.97
test_03689,0.03
test_03690,0.97
test_03691,0.97
test_03692,0.03
test_03693,0.699768
test_03694,0.97
test_03695,0.03
test_03696,0.500403
test_03697,0.738535
test_03698,0.97
test_03699,0.44151
test_03700,0.97
test_03701,0.288339
test_03702,0.97
test_03703,0.97
test_03704,0.03
test_03705,0.03
test_03706,0.03
test_03707,0.97
test_03708,0.131546
test_03709,0.97
test_03710,0.03
test_03711,0.095621
test_03712,0.97
test_03713,0.061393
test_03714,0.320956
test_03715,0.97
test_03716,0.97
test_03717,0.03
test_03718,0.03
test_03719,0.97
test_03720,0.03
test_03721,0.03
test_03722,0.050086
test_03723,0.03
test_03724,0.456788
test_03725,0.03
test_03726,0.97
test_03727,0.03
test_03728,0.03
test_03729,0.504925
test_03730,0.71107
test_03731,0.808787
test_03732,0.096496
test_03733,0.97
test_03734,0.97
test_03735,0.605067
test_03736,0.03
test_03737,0.97
test_03738,0.96073
test_03739,0.62963
test_03740,0.03
test_03741,0.160445
test_03742,0.33593
test_03743,0.97
test_03744,0.939922
test_03745,0.97
test_03746,0.03
test_03747,0.709945
test_03748,0.03
test_03749,0.932687
test_03750,0.931063
test_03751,0.917371
test_03752,0.97
test_03753,0.97
test_03754,0.97
test_03755,0.934923
test_03756,0.97
test_03757,0.03
test_03758,0.97
test_03759,0.03
test_03760,0.721827
test_03761,0.875855
test_03762,0.97
test_03763,0.030051
test_03764,0.97
test_03765,0.056563
test_03766,0.97
test_03767,0.034294
test_03768,0.03
test_03769,0.042931
test_03770,0.94075
test_03771,0.97
test_03772,0.97
test_03773,0.03
test_03774,0.97
test_03775,0.97
test_03776,0.03
test_03777,0.324711
test_03778,0.97
test_03779,0.03
test_03780,0.086517
test_03781,0.584758
test_03782,0.03
test_03783,0.03
test_03784,0.03
test_03785,0.97
test_03786,0.03
test_03787,0.03
test_03788,0.03
test_03789,0.047769
test_03790,0.163428
test_03791,0.586832
test_03792,0.97
test_03793,0.03
test_03794,0.97
test_03795,0.97
test_03796,0.97
test_03797,0.229542
test_03798,0.107902
test_03799,0.03
test_03800,0.97
test_03801,0.03
test_03802,0.964392
test_03803,0.127932
test_03804,0.155753
test_03805,0.903529
test_03806,0.03
test_03807,0.948871
test_03808,0.88951
test_03809,0.03
test_03810,0.03
test_03811,0.647094
test_03812,0.13999
test_03813,0.97
test_03814,0.03
test_03815,0.373195
test_03816,0.258579
test_03817,0.968983
test_03818,0.03
test_03819,0.03
test_03820,0.97
test_03821,0.97
test_03822,0.584018
test_03823,0.03
test_03824,0.148659
test_03825,0.97
test_03826,0.97
test_03827,0.03
test_03828,0.97
test_03829,0.03
test_03830,0.906357
test_03831,0.03
test_03832,0.03
test_03833,0.666372
test_03834,0.97
test_03835,0.821174
test_03836,0.03
test_03837,0.205961
test_03838,0.03
test_03839,0.697087
test_03840,0.97
test_03841,0.97
test_03842,0.03
test_03843,0.97
test_03844,0.03
test_03845,0.97
test_03846,0.97
test_03847,0.03
test_03848,0.97
test_03849,0.907006
test_03850,0.03
test_03851,0.03
test_03852,0.958642
test_03853,0.97
test_03854,0.97
test_03855,0.963585
test_03856,0.03
test_03857,0.03
test_03858,0.03
test_03859,0.03
test_03860,0.03
test_03861,0.849862
test_03862,0.97
test_03863,0.97
test_03864,0.97
test_03865,0.13096
test_03866,0.97
test_03867,0.03
test_03868,0.03
test_03869,0.97
test_03870,0.532141
test_03871,0.03
test_03872,0.21108
test_03873,0.586045
test_03874,0.043448
test_03875,0.218585
test_03876,0.97
test_03877,0.779459
test_03878,0.825998
test_03879,0.97
test_03880,0.945527
test_03881,0.03
test_03882,0.97
test_03883,0.03
test_03884,0.714748
test_03885,0.03
test_03886,0.03
test_03887,0.03
test_03888,0.97
test_03889,0.03
test_03890,0.689472
test_03891,0.03
test_03892,0.03
test_03893,0.050966
test_03894,0.03
test_03895,0.403342
test_03896,0.97
test_03897,0.459168
test_03898,0.03
test_03899,0.463517
test_03900,0.03119
test_03901,0.03
test_03902,0.03
test_03903,0.367737
test_03904,0.03
test_03905,0.510623
test_03906,0.148833
test_03907,0.97
test_03908,0.97
test_03909,0.97
test_03910,0.041271
test_03911,0.857812
test_03912,0.97
test_03913,0.040933
test_03914,0.039254
test_03915,0.03
test_03916,0.97
test_03917,0.364645
test_03918,0.97
test_03919,0.97
test_03920,0.030047
test_03921,0.075928
test_03922,0.03
test_03923,0.142514
test_03924,0.839506
test_03925,0.03
test_03926,0.97
test_03927,0.03
test_03928,0.03
test_03929,0.97
test_03930,0.174803
test_03931,0.362811
test_03932,0.03
test_03933,0.03
test_03934,0.960137
test_03935,0.03
test_03936,0.112637
test_03937,0.157381
test_03938,0.959976
test_03939,0.03
test_03940,0.061471
test_03941,0.048304
test_03942,0.751288
test_03943,0.089631
test_03944,0.97
test_03945,0.97
test_03946,0.398645
test_03947,0.947919
test_03948,0.917283
test_03949,0.100435
test_03950,0.430043
test_03951,0.03
test_03952,0.706251
test_03953,0.97
test_03954,0.97
test_03955,0.094105
test_03956,0.03
test_03957,0.97
test_03958,0.97
test_03959,0.186278
test_03960,0.03
test_03961,0.97
test_03962,0.97
test_03963,0.03
test_03964,0.97
test_03965,0.03
test_03966,0.035555
test_03967,0.03
test_03968,0.97
test_03969,0.899582
test_03970,0.904899
test_03971,0.03
test_03972,0.03
test_03973,0.969856
test_03974,0.0452
test_03975,0.97
test_03976,0.97
test_03977,0.946833
test_03978,0.631491
test_03979,0.97
test_03980,0.889128
test_03981,0.97
test_03982,0.644527
test_03983,0.97
test_03984,0.97
test_03985,0.198723
test_03986,0.03
test_03987,0.8387
test_03988,0.111406
test_03989,0.054988
test_03990,0.270002
test_03991,0.03
test_03992,0.110734
test_03993,0.07657
test_03994,0.03
test_03995,0.03
test_03996,0.97
test_03997,0.660269
test_03998,0.463668
test_03999,0.97
test_04000,0.935806
test_04001,0.110353
test_04002,0.97
test_04003,0.954322
test_04004,0.443659
test_04005,0.03
test_04006,0.207629
test_04007,0.03
test_04008,0.80785
test_04009,0.03
test_04010,0.069952
test_04011,0.03
test_04012,0.03
test_04013,0.03
test_04014,0.876003
test_04015,0.97
test_04016,0.683171
test_04017,0.847967
test_04018,0.97
test_04019,0.97
test_04020,0.97
test_04021,0.03
test_04022,0.03
test_04023,0.67825
test_04024,0.770718
test_04025,0.127811
test_04026,0.97
test_04027,0.505564
test_04028,0.222247
test_04029,0.213475
test_04030,0.97
test_04031,0.03
test_04032,0.585751
test_04033,0.433407
test_04034,0.97
test_04035,0.97
test_04036,0.97
test_04037,0.97
test_04038,0.03426
test_04039,0.054009
test_04040,0.97
test_04041,0.601588
test_04042,0.97
test_04043,0.142706
test_04044,0.03
test_04045,0.056082
test_04046,0.57888
test_04047,0.566709
test_04048,0.695612
test_04049,0.949377
test_04050,0.03
test_04051,0.97
test_04052,0.785472
test_04053,0.97
test_04054,0.03
test_04055,0.97
test_04056,0.97
test_04057,0.97
test_04058,0.616513
test_04059,0.875064
test_04060,0.761775
test_04061,0.762475
test_04062,0.767502
test_04063,0.069409
test_04064,0.175523
test_04065,0.383713
test_04066,0.97
test_04067,0.034862
test_04068,0.28595
test_04069,0.03
test_04070,0.03
test_04071,0.97
test_04072,0.056786
test_04073,0.03
test_04074,0.051384
test_04075,0.97
test_04076,0.96492
test_04077,0.118564
test_04078,0.97
test_04079,0.03
test_04080,0.049096
test_04081,0.543264
test_04082,0.03
test_04083,0.344352
test_04084,0.912549
test_04085,0.608149
test_04086,0.430956
test_04087,0.263319
test_04088,0.97
test_04089,0.293301
test_04090,0.97
test_04091,0.97
test_04092,0.97
test_04093,0.97
test_04094,0.389299
test_04095,0.155052
test_04096,0.03
test_04097,0.124092
test_04098,0.031609
test_04099,0.9499
test_04100,0.97
test_04101,0.03
test_04102,0.030041
test_04103,0.03
test_04104,0.904734
test_04105,0.03
test_04106,0.03
test_04107,0.233436
test_04108,0.057159
test_04109,0.97
test_04110,0.11963
test_04111,0.752388
test_04112,0.356718
test_04113,0.97
test_04114,0.97
test_04115,0.924802
test_04116,0.97
test_04117,0.97
test_04118,0.03
test_04119,0.03
test_04120,0.907932
test_04121,0.083117
test_04122,0.03
test_04123,0.97
test_04124,0.720441
test_04125,0.03
test_04126,0.03
test_04127,0.03
test_04128,0.97
test_04129,0.97
test_04130,0.041378
test_04131,0.337755
test_04132,0.037399
test_04133,0.043857
test_04134,0.97
test_04135,0.97
test_04136,0.266936
test_04137,0.520079
test_04138,0.851414
test_04139,0.97
test_04140,0.97
test_04141,0.157631
test_04142,0.145843
test_04143,0.580166
test_04144,0.97
test_04145,0.163243
test_04146,0.03
test_04147,0.18834
test_04148,0.165847
test_04149,0.97
test_04150,0.03
test_04151,0.450178
test_04152,0.206299
test_04153,0.03461
test_04154,0.064828
test_04155,0.03
test_04156,0.97
test_04157,0.97
test_04158,0.969059
test_04159,0.03
test_04160,0.651275
test_04161,0.037904
test_04162,0.97
test_04163,0.065811
test_04164,0.97
test_04165,0.904935
test_04166,0.03
test_04167,0.656774
test_04168,0.032385
test_04169,0.951284
test_04170,0.97
test_04171,0.97
test_04172,0.03
test_04173,0.97
test_04174,0.03
test_04175,0.816448
test_04176,0.692624
test_04177,0.03
test_04178,0.851748
test_04179,0.34982
test_04180,0.03
test_04181,0.902969
test_04182,0.958496
test_04183,0.248055
test_04184,0.97
test_04185,0.967029
test_04186,0.952217
test_04187,0.97
test_04188,0.639412
test_04189,0.118727
test_04190,0.97
test_04191,0.757753
test_04192,0.03
test_04193,0.03
test_04194,0.128121
test_04195,0.03
test_04196,0.272439
test_04197,0.03
test_04198,0.97
test_04199,0.457151
test_04200,0.268413
test_04201,0.859221
test_04202,0.97
test_04203,0.648764
test_04204,0.839213
test_04205,0.03
test_04206,0.03
test_04207,0.215336
test_04208,0.046848
test_04209,0.623947
test_04210,0.97
test_04211,0.053915
test_04212,0.164001
test_04213,0.03
test_04214,0.97
test_04215,0.093641
test_04216,0.050628
test_04217,0.97
test_04218,0.03
test_04219,0.47904
test_04220,0.03
test_04221,0.505136
test_04222,0.832824
test_04223,0.97
test_04224,0.97
test_04225,0.660025
test_04226,0.97
test_04227,0.97
test_04228,0.97
test_04229,0.97
test_04230,0.315387
test_04231,0.358698
test_04232,0.97
test_04233,0.97
test_04234,0.964648
test_04235,0.97
test_04236,0.03
test_04237,0.358107
test_04238,0.03
test_04239,0.97
test_04240,0.907227
test_04241,0.97
test_04242,0.95493
test_04243,0.03
test_04244,0.97
test_04245,0.97
test_04246,0.97
test_04247,0.97
test_04248,0.97
test_04249,0.97
test_04250,0.428212
test_04251,0.97
test_04252,0.215514
test_04253,0.03
test_04254,0.03
test_04255,0.672888
test_04256,0.97
test_04257,0.06006
test_04258,0.197481
test_04259,0.429987
test_04260,0.03
test_04261,0.812108
test_04262,0.926161
test_04263,0.395624
test_04264,0.963674
test_04265,0.97
test_04266,0.03
test_04267,0.56143
test_04268,0.97
test_04269,0.928072
test_04270,0.154351
test_04271,0.409998
test_04272,0.685584
test_04273,0.97
test_04274,0.385501
test_04275,0.176613
test_04276,0.97
test_04277,0.03
test_04278,0.689551
test_04279,0.03
test_04280,0.03
test_04281,0.97
test_04282,0.488818
test_04283,0.03
test_04284,0.03
test_04285,0.954215
test_04286,0.03
test_04287,0.97
test_04288,0.03
test_04289,0.97
test_04290,0.03
test_04291,0.03
test_04292,0.321376
test_04293,0.93362
test_04294,0.559267
test_04295,0.03
test_04296,0.072151
test_04297,0.97
test_04298,0.97
test_04299,0.057715
test_04300,0.03
test_04301,0.97
test_04302,0.03
test_04303,0.97
test_04304,0.97
test_04305,0.81778
test_04306,0.03
test_04307,0.5222
test_04308,0.939115
test_04309,0.97
test_04310,0.97
test_04311,0.044161
test_04312,0.684695
test_04313,0.246268
test_04314,0.896878
test_04315,0.97
test_04316,0.03
test_04317,0.828373
test_04318,0.18693
test_04319,0.03
test_04320,0.610467
test_04321,0.97
test_04322,0.97
test_04323,0.03
test_04324,0.97
test_04325,0.97
test_04326,0.03
test_04327,0.623436
test_04328,0.03
test_04329,0.97
test_04330,0.77356
test_04331,0.97
test_04332,0.825721
test_04333,0.03
test_04334,0.97
test_04335,0.052626
test_04336,0.03
test_04337,0.958006
test_04338,0.97
test_04339,0.968307
test_04340,0.133283
test_04341,0.97
test_04342,0.03
test_04343,0.772047
test_04344,0.03
test_04345,0.97
test_04346,0.169584
test_04347,0.544489
test_04348,0.862031
test_04349,0.97
test_04350,0.694032
test_04351,0.524938
test_04352,0.03
test_04353,0.369807
test_04354,0.296949
test_04355,0.620871
test_04356,0.03
test_04357,0.833426
test_04358,0.03
test_04359,0.03
test_04360,0.967495
test_04361,0.03
test_04362,0.03
test_04363,0.97
test_04364,0.850207
test_04365,0.031756
test_04366,0.03
test_04367,0.109892
test_04368,0.152034
test_04369,0.97
test_04370,0.052193
test_04371,0.97
test_04372,0.03
test_04373,0.111621
test_04374,0.03
test_04375,0.97
test_04376,0.509717
test_04377,0.070067
test_04378,0.97
test_04379,0.03
test_04380,0.097172
test_04381,0.97
test_04382,0.053874
test_04383,0.213677
test_04384,0.97
test_04385,0.217933
test_04386,0.03
test_04387,0.03
test_04388,0.03
test_04389,0.112479
test_04390,0.929445
test_04391,0.958631
test_04392,0.97
test_04393,0.97
test_04394,0.97
test_04395,0.173384
test_04396,0.069751
test_04397,0.97
test_04398,0.03
test_04399,0.060278
test_04400,0.03
test_04401,0.03
test_04402,0.97
test_04403,0.878784
test_04404,0.102254
test_04405,0.97
test_04406,0.97
test_04407,0.104144
test_04408,0.97
test_04409,0.915172
test_04410,0.965446
test_04411,0.97
test_04412,0.942374
test_04413,0.97
test_04414,0.97
test_04415,0.03
test_04416,0.817824
test_04417,0.233732
test_04418,0.308367
test_04419,0.225257
test_04420,0.063173
test_04421,0.836372
test_04422,0.03
test_04423,0.066702
test_04424,0.576317
test_04425,0.97
test_04426,0.068807
test_04427,0.97
test_04428,0.03
test_04429,0.97
test_04430,0.420259
test_04431,0.97
test_04432,0.03
test_04433,0.814126
test_04434,0.97
test_04435,0.565091
test_04436,0.03
test_04437,0.97
test_04438,0.95589
test_04439,0.03
test_04440,0.97
test_04441,0.97
test_04442,0.938429
test_04443,0.03
test_04444,0.611477
test_04445,0.97
test_04446,0.03
test_04447,0.97
test_04448,0.03
test_04449,0.663763
test_04450,0.97
test_04451,0.03
test_04452,0.97
test_04453,0.86013
test_04454,0.03
test_04455,0.864071
test_04456,0.03
test_04457,0.043248
test_04458,0.97
test_04459,0.03
test_04460,0.03
test_04461,0.97
test_04462,0.03
test_04463,0.97
test_04464,0.97
test_04465,0.225829
test_04466,0.03
test_04467,0.925002
test_04468,0.03
test_04469,0.788011
test_04470,0.257054
test_04471,0.447648
test_04472,0.97
test_04473,0.03
test_04474,0.03
test_04475,0.03
test_04476,0.03
test_04477,0.506138
test_04478,0.97
test_04479,0.417771
test_04480,0.256216
test_04481,0.962843
test_04482,0.180371
test_04483,0.97
test_04484,0.890884
test_04485,0.683591
test_04486,0.97
test_04487,0.03
test_04488,0.97
test_04489,0.03
test_04490,0.960948
test_04491,0.420416
test_04492,0.074943
test_04493,0.072353
test_04494,0.03
test_04495,0.949075
test_04496,0.03
test_04497,0.246205
test_04498,0.199454
test_04499,0.03
test_04500,0.420787
test_04501,0.03
test_04502,0.900641
test_04503,0.03
test_04504,0.1428
test_04505,0.754031
test_04506,0.97
test_04507,0.03
test_04508,0.060115
test_04509,0.03
test_04510,0.030699
test_04511,0.03
test_04512,0.621159
test_04513,0.049025
test_04514,0.836477
test_04515,0.03
test_04516,0.03
test_04517,0.97
test_04518,0.03
test_04519,0.076054
test_04520,0.372014
test_04521,0.955756
test_04522,0.97
test_04523,0.03422
test_04524,0.97
test_04525,0.03
test_04526,0.97
test_04527,0.058128
test_04528,0.147064
test_04529,0.120208
test_04530,0.03
test_04531,0.583793
test_04532,0.949087
test_04533,0.03
test_04534,0.03
test_04535,0.967664
test_04536,0.03
test_04537,0.03
test_04538,0.393873
test_04539,0.97
test_04540,0.97
test_04541,0.97
test_04542,0.97
test_04543,0.03
test_04544,0.076765
test_04545,0.97
test_04546,0.97
test_04547,0.941434
test_04548,0.97
test_04549,0.03
test_04550,0.474173
test_04551,0.97
test_04552,0.928336
test_04553,0.616403
test_04554,0.425136
test_04555,0.0846
test_04556,0.16222
test_04557,0.088224
test_04558,0.03
test_04559,0.03
test_04560,0.03
test_04561,0.03
test_04562,0.97
test_04563,0.97
test_04564,0.03
test_04565,0.97
test_04566,0.03
test_04567,0.125831
test_04568,0.643442
test_04569,0.80021
test_04570,0.118556
test_04571,0.03
test_04572,0.97
test_04573,0.065784
test_04574,0.040678
test_04575,0.94963
test_04576,0.58979
test_04577,0.34536
test_04578,0.96098
test_04579,0.03
test_04580,0.177868
test_04581,0.035294
test_04582,0.03
test_04583,0.935753
test_04584,0.40178
test_04585,0.97
test_04586,0.03
test_04587,0.97
test_04588,0.956021
test_04589,0.97
test_04590,0.97
test_04591,0.829853
test_04592,0.03
test_04593,0.219661
test_04594,0.747169
test_04595,0.957976
test_04596,0.03
test_04597,0.03
test_04598,0.0363
test_04599,0.69909
test_04600,0.03
test_04601,0.03
test_04602,0.373949
test_04603,0.97
test_04604,0.086092
test_04605,0.949336
test_04606,0.825468
test_04607,0.10537
test_04608,0.03
test_04609,0.728456
test_04610,0.03
test_04611,0.97
test_04612,0.97
test_04613,0.298524
test_04614,0.97
test_04615,0.946235
test_04616,0.97
test_04617,0.072474
test_04618,0.876941
test_04619,0.430509
test_04620,0.03
test_04621,0.97
test_04622,0.910915
test_04623,0.955767
test_04624,0.506981
test_04625,0.97
test_04626,0.03
test_04627,0.03
test_04628,0.955419
test_04629,0.058759
test_04630,0.74565
test_04631,0.97
test_04632,0.03
test_04633,0.111188
test_04634,0.97
test_04635,0.97
test_04636,0.97
test_04637,0.371617
test_04638,0.856796
test_04639,0.97
test_04640,0.97
test_04641,0.929998
test_04642,0.613699
test_04643,0.917798
test_04644,0.941904
test_04645,0.879088
test_04646,0.03
test_04647,0.97
test_04648,0.03
test_04649,0.106905
test_04650,0.050439
test_04651,0.97
test_04652,0.03
test_04653,0.97
test_04654,0.03
test_04655,0.714312
test_04656,0.03
test_04657,0.690113
test_04658,0.97
test_04659,0.942004
test_04660,0.637917
test_04661,0.655118
test_04662,0.235346
test_04663,0.143476
test_04664,0.158936
test_04665,0.97
test_04666,0.03
test_04667,0.70171
test_04668,0.03
test_04669,0.933625
test_04670,0.551531
test_04671,0.269109
test_04672,0.208135
test_04673,0.74384
test_04674,0.121833
test_04675,0.358315
test_04676,0.589098
test_04677,0.97
test_04678,0.675092
test_04679,0.4542
test_04680,0.97
test_04681,0.97
test_04682,0.03
test_04683,0.03
test_04684,0.146196
test_04685,0.97
test_04686,0.97
test_04687,0.97
test_04688,0.632279
test_04689,0.564439
test_04690,0.97
test_04691,0.961517
test_04692,0.03
test_04693,0.429442
test_04694,0.97
test_04695,0.04391
test_04696,0.906456
test_04697,0.129252
test_04698,0.03
test_04699,0.03
test_04700,0.97
test_04701,0.03
test_04702,0.047313
test_04703,0.925372
test_04704,0.069972
test_04705,0.305711
test_04706,0.03
test_04707,0.97
test_04708,0.329941
test_04709,0.221939
test_04710,0.97
test_04711,0.651143
test_04712,0.912133
test_04713,0.181817
test_04714,0.03
test_04715,0.97
test_04716,0.03
test_04717,0.11057
test_04718,0.03
test_04719,0.030031
test_04720,0.889076
test_04721,0.97
test_04722,0.97
test_04723,0.97
test_04724,0.867673
test_04725,0.089803
test_04726,0.373817
test_04727,0.965697
test_04728,0.89983
test_04729,0.03
test_04730,0.03
test_04731,0.03
test_04732,0.94299
test_04733,0.03
test_04734,0.806104
test_04735,0.97
test_04736,0.03
test_04737,0.148595
test_04738,0.03
test_04739,0.03
test_04740,0.793764
test_04741,0.702198
test_04742,0.97
test_04743,0.97
test_04744,0.206872
test_04745,0.08697
test_04746,0.171927
test_04747,0.255234
test_04748,0.154645
test_04749,0.97
test_04750,0.411353
test_04751,0.97
test_04752,0.03
test_04753,0.924583
test_04754,0.220859
test_04755,0.188096
test_04756,0.03
test_04757,0.03
test_04758,0.03
test_04759,0.97
test_04760,0.97
test_04761,0.272348
test_04762,0.03
test_04763,0.28667
test_04764,0.97
test_04765,0.97
test_04766,0.03
test_04767,0.603036
test_04768,0.041388
test_04769,0.911491
test_04770,0.97
test_04771,0.03
test_04772,0.795115
test_04773,0.96419
test_04774,0.03
test_04775,0.080353
test_04776,0.97
test_04777,0.122714
test_04778,0.03
test_04779,0.97
test_04780,0.890709
test_04781,0.252966
test_04782,0.03
test_04783,0.97
test_04784,0.03
test_04785,0.955384
test_04786,0.03
test_04787,0.97
test_04788,0.03
test_04789,0.042455
test_04790,0.97
test_04791,0.03
test_04792,0.320629
test_04793,0.97
test_04794,0.511752
test_04795,0.03
test_04796,0.052213
test_04797,0.97
test_04798,0.97
test_04799,0.03
test_04800,0.97
test_04801,0.916272
test_04802,0.03
test_04803,0.97
test_04804,0.97
test_04805,0.03
test_04806,0.435513
test_04807,0.12581
test_04808,0.497403
test_04809,0.97
test_04810,0.691465
test_04811,0.03
test_04812,0.97
test_04813,0.97
test_04814,0.03
test_04815,0.040671
test_04816,0.067406
test_04817,0.047881
test_04818,0.355791
test_04819,0.03
test_04820,0.150071
test_04821,0.97
test_04822,0.97
test_04823,0.97
test_04824,0.03
test_04825,0.271677
test_04826,0.154045
test_04827,0.03
test_04828,0.967575
test_04829,0.97
test_04830,0.03
test_04831,0.073753
test_04832,0.97
test_04833,0.03
test_04834,0.03
test_04835,0.887287
test_04836,0.03
test_04837,0.690566
test_04838,0.340922
test_04839,0.043133
test_04840,0.03
test_04841,0.03
test_04842,0.97
test_04843,0.03
test_04844,0.061442
test_04845,0.97
test_04846,0.03
test_04847,0.97
test_04848,0.225034
test_04849,0.97
test_04850,0.931302
test_04851,0.97
test_04852,0.631561
test_04853,0.622852
test_04854,0.586466
test_04855,0.97
test_04856,0.03
test_04857,0.03
test_04858,0.97
test_04859,0.85934
test_04860,0.32963
test_04861,0.137159
test_04862,0.03
test_04863,0.08603
test_04864,0.923161
test_04865,0.03
test_04866,0.120016
test_04867,0.148222
test_04868,0.03
test_04869,0.380774
test_04870,0.97
test_04871,0.97
test_04872,0.97
test_04873,0.241845
test_04874,0.136375
test_04875,0.97
test_04876,0.03
test_04877,0.818846
test_04878,0.176167
test_04879,0.97
test_04880,0.03
test_04881,0.03
test_04882,0.830602
test_04883,0.97
test_04884,0.132144
test_04885,0.03
test_04886,0.923192
test_04887,0.03
test_04888,0.03
test_04889,0.97
test_04890,0.842369
test_04891,0.97
test_04892,0.03
test_04893,0.252983
test_04894,0.03
test_04895,0.03
test_04896,0.03
test_04897,0.03
test_04898,0.03
test_04899,0.03
test_04900,0.97
test_04901,0.673406
test_04902,0.03
test_04903,0.97
test_04904,0.955542
test_04905,0.612798
test_04906,0.103467
test_04907,0.97
test_04908,0.18919
test_04909,0.97
test_04910,0.837974
test_04911,0.97
test_04912,0.97
test_04913,0.97
test_04914,0.03
test_04915,0.97
test_04916,0.03
test_04917,0.97
test_04918,0.523529
test_04919,0.061162
test_04920,0.392291
test_04921,0.94513
test_04922,0.03
test_04923,0.030451
test_04924,0.098527
test_04925,0.97
test_04926,0.97
test_04927,0.03
test_04928,0.048682
test_04929,0.97
test_04930,0.97
test_04931,0.97
test_04932,0.97
test_04933,0.897028
test_04934,0.376634
test_04935,0.03
test_04936,0.97
test_04937,0.03
test_04938,0.03
test_04939,0.97
test_04940,0.97
test_04941,0.97
test_04942,0.03
test_04943,0.97
test_04944,0.97
test_04945,0.035287
test_04946,0.03
test_04947,0.62063
test_04948,0.97
test_04949,0.97
test_04950,0.97
test_04951,0.10109
test_04952,0.962494
test_04953,0.03
test_04954,0.038181
test_04955,0.97
test_04956,0.97
test_04957,0.97
test_04958,0.03
test_04959,0.03
test_04960,0.452284
test_04961,0.037842
test_04962,0.224573
test_04963,0.03
test_04964,0.128552
test_04965,0.97
test_04966,0.97
test_04967,0.97
test_04968,0.074494
test_04969,0.652765
test_04970,0.97
test_04971,0.97
test_04972,0.03
test_04973,0.721846
test_04974,0.791269
test_04975,0.03
test_04976,0.03
test_04977,0.03
test_04978,0.03
test_04979,0.956462
test_04980,0.97
test_04981,0.97
test_04982,0.960104
test_04983,0.136303
test_04984,0.672607
test_04985,0.133018
test_04986,0.03
test_04987,0.917035
test_04988,0.03
test_04989,0.03
test_04990,0.97
test_04991,0.03
test_04992,0.03
test_04993,0.97
test_04994,0.047144
test_04995,0.97
test_04996,0.533279
test_04997,0.03
test_04998,0.233369
test_04999,0.03
test_05000,0.97
test_05001,0.97
test_05002,0.701494
test_05003,0.97
test_05004,0.366256
test_05005,0.97
test_05006,0.124119
test_05007,0.676484
test_05008,0.97
test_05009,0.637698
test_05010,0.03
test_05011,0.96758
test_05012,0.97
test_05013,0.97
test_05014,0.97
test_05015,0.97
test_05016,0.281818
test_05017,0.97
test_05018,0.428097
test_05019,0.962499
test_05020,0.59896
test_05021,0.031755
test_05022,0.97
test_05023,0.853892
test_05024,0.961324
test_05025,0.03
test_05026,0.97
test_05027,0.043906
test_05028,0.97
test_05029,0.97
test_05030,0.82751
test_05031,0.03
test_05032,0.794389
test_05033,0.97
test_05034,0.910675
test_05035,0.101041
test_05036,0.347478
test_05037,0.97
test_05038,0.254746
test_05039,0.97
test_05040,0.965435
test_05041,0.97
test_05042,0.658079
test_05043,0.97
test_05044,0.872775
test_05045,0.97
test_05046,0.182134
test_05047,0.97
test_05048,0.103082
test_05049,0.97
test_05050,0.97
test_05051,0.562377
test_05052,0.97
test_05053,0.97
test_05054,0.085867
test_05055,0.03
test_05056,0.203437
test_05057,0.97
test_05058,0.645197
test_05059,0.03
test_05060,0.97
test_05061,0.97
test_05062,0.116618
test_05063,0.97
test_05064,0.779887
test_05065,0.03
test_05066,0.03
test_05067,0.97
test_05068,0.97
test_05069,0.603439
test_05070,0.745225
test_05071,0.077203
test_05072,0.846034
test_05073,0.747159
test_05074,0.97
test_05075,0.97
test_05076,0.97
test_05077,0.03
test_05078,0.963345
test_05079,0.03
test_05080,0.97
test_05081,0.03
test_05082,0.03
test_05083,0.138646
test_05084,0.97
test_05085,0.97
test_05086,0.147779
test_05087,0.809363
test_05088,0.97
test_05089,0.97
test_05090,0.318467
test_05091,0.961393
test_05092,0.231539
test_05093,0.03
test_05094,0.454689
test_05095,0.97
test_05096,0.03
test_05097,0.97
test_05098,0.03
test_05099,0.97
test_05100,0.03
test_05101,0.19719
test_05102,0.03
test_05103,0.97
test_05104,0.03
test_05105,0.344353
test_05106,0.948676
test_05107,0.03
test_05108,0.536082
test_05109,0.03
test_05110,0.97
test_05111,0.853693
test_05112,0.957971
test_05113,0.960116
test_05114,0.153662
test_05115,0.03
test_05116,0.66011
test_05117,0.932963
test_05118,0.03
test_05119,0.97
test_05120,0.97
test_05121,0.108687
test_05122,0.284928
test_05123,0.272246
test_05124,0.072752
test_05125,0.448495
test_05126,0.97
test_05127,0.97
test_05128,0.036919
test_05129,0.266537
test_05130,0.057908
test_05131,0.267659
test_05132,0.031616
test_05133,0.041343
test_05134,0.844757
test_05135,0.03
test_05136,0.95974
test_05137,0.97
test_05138,0.439301
test_05139,0.858961
test_05140,0.97
test_05141,0.97
test_05142,0.190957
test_05143,0.97
test_05144,0.395572
test_05145,0.97
test_05146,0.94475
test_05147,0.910659
test_05148,0.956751
test_05149,0.047288
test_05150,0.169893
test_05151,0.97
test_05152,0.97
test_05153,0.03
test_05154,0.456606
test_05155,0.71723
test_05156,0.893812
test_05157,0.362338
test_05158,0.347252
test_05159,0.306796
test_05160,0.97
test_05161,0.798319
test_05162,0.560957
test_05163,0.03
test_05164,0.485681
test_05165,0.048602
test_05166,0.97
test_05167,0.112965
test_05168,0.278874
test_05169,0.268333
test_05170,0.03
test_05171,0.97
test_05172,0.572732
test_05173,0.03
test_05174,0.960837
test_05175,0.400969
test_05176,0.03
test_05177,0.93242
test_05178,0.97
test_05179,0.03
test_05180,0.03
test_05181,0.080815
test_05182,0.03
test_05183,0.03
test_05184,0.97
test_05185,0.97
test_05186,0.97
test_05187,0.97
test_05188,0.97
test_05189,0.91923
test_05190,0.97
test_05191,0.943829
test_05192,0.03
test_05193,0.03
test_05194,0.337823
test_05195,0.098635
test_05196,0.056521
test_05197,0.03
test_05198,0.97
test_05199,0.86645
test_05200,0.97
test_05201,0.97
test_05202,0.348843
test_05203,0.97
test_05204,0.03
test_05205,0.047917
test_05206,0.97
test_05207,0.396443
test_05208,0.97
test_05209,0.164218
test_05210,0.97
test_05211,0.111526
test_05212,0.97
test_05213,0.03
test_05214,0.03
test_05215,0.786699
test_05216,0.335132
test_05217,0.917422
test_05218,0.97
test_05219,0.768269
test_05220,0.97
test_05221,0.03
test_05222,0.09447
test_05223,0.97
test_05224,0.03
test_05225,0.161354
test_05226,0.03
test_05227,0.97
test_05228,0.647027
test_05229,0.340347
test_05230,0.03
test_05231,0.03
test_05232,0.114958
test_05233,0.794517
test_05234,0.308623
test_05235,0.852075
test_05236,0.410959
test_05237,0.97
test_05238,0.03
test_05239,0.76572
test_05240,0.97
test_05241,0.071348
test_05242,0.523358
test_05243,0.97
test_05244,0.436582
test_05245,0.03
test_05246,0.03
test_05247,0.03
test_05248,0.773659
test_05249,0.235616
test_05250,0.193023
test_05251,0.97
test_05252,0.03
test_05253,0.03
test_05254,0.670976
test_05255,0.796723
test_05256,0.052586
test_05257,0.949186
test_05258,0.156483
test_05259,0.03
test_05260,0.97
test_05261,0.97
test_05262,0.962628
test_05263,0.97
test_05264,0.398499
test_05265,0.03
test_05266,0.97
test_05267,0.97
test_05268,0.960474
test_05269,0.570409
test_05270,0.97
test_05271,0.953886
test_05272,0.97
test_05273,0.03
test_05274,0.03
test_05275,0.03
test_05276,0.97
test_05277,0.03
test_05278,0.950908
test_05279,0.03
test_05280,0.578488
test_05281,0.97
test_05282,0.03
test_05283,0.97
test_05284,0.925641
test_05285,0.03
test_05286,0.97
test_05287,0.03
test_05288,0.97
test_05289,0.97
test_05290,0.97
test_05291,0.03
test_05292,0.925714
test_05293,0.03
test_05294,0.9279
test_05295,0.97
test_05296,0.03
test_05297,0.03
test_05298,0.97
test_05299,0.97
test_05300,0.203525
test_05301,0.03
test_05302,0.03
test_05303,0.97
test_05304,0.886349
test_05305,0.97
test_05306,0.115695
test_05307,0.856362
test_05308,0.97
test_05309,0.03
test_05310,0.207667
test_05311,0.97
test_05312,0.97
test_05313,0.97
test_05314,0.957109
test_05315,0.03
test_05316,0.943145
test_05317,0.97
test_05318,0.533126
test_05319,0.97
test_05320,0.97
test_05321,0.94964
test_05322,0.923763
test_05323,0.97
test_05324,0.97
test_05325,0.720322
test_05326,0.97
test_05327,0.851272
test_05328,0.03
test_05329,0.97
test_05330,0.050161
test_05331,0.170966
test_05332,0.454672
test_05333,0.97
test_05334,0.03
test_05335,0.557966
test_05336,0.97
test_05337,0.077754
test_05338,0.97
test_05339,0.122801
test_05340,0.947895
test_05341,0.03
test_05342,0.103414
test_05343,0.97
test_05344,0.03
test_05345,0.03
test_05346,0.97
test_05347,0.095534
test_05348,0.855193
test_05349,0.032516
test_05350,0.234419
test_05351,0.97
test_05352,0.03
test_05353,0.03
test_05354,0.052476
test_05355,0.079961
test_05356,0.03
test_05357,0.931115
test_05358,0.755409
test_05359,0.03
test_05360,0.455409
test_05361,0.97
test_05362,0.950125
test_05363,0.03
test_05364,0.97
test_05365,0.03
test_05366,0.087848
test_05367,0.556048
test_05368,0.450364
test_05369,0.032426
test_05370,0.97
test_05371,0.03715
test_05372,0.945894
test_05373,0.330615
test_05374,0.155276
test_05375,0.03
test_05376,0.03
test_05377,0.886487
test_05378,0.97
test_05379,0.953862
test_05380,0.03
test_05381,0.810704
test_05382,0.704742
test_05383,0.97
test_05384,0.153442
test_05385,0.463039
test_05386,0.954806
test_05387,0.97
test_05388,0.97
test_05389,0.03
test_05390,0.97
test_05391,0.925385
test_05392,0.06538
test_05393,0.97
test_05394,0.914408
test_05395,0.97
test_05396,0.064596
test_05397,0.373627
test_05398,0.97
test_05399,0.97
test_05400,0.923495
test_05401,0.03
test_05402,0.97
test_05403,0.721591
test_05404,0.915337
test_05405,0.03
test_05406,0.97
test_05407,0.154006
test_05408,0.465026
test_05409,0.03
test_05410,0.645074
test_05411,0.97
test_05412,0.936498
test_05413,0.862052
test_05414,0.03
test_05415,0.03
test_05416,0.97
test_05417,0.03
test_05418,0.97
test_05419,0.97
test_05420,0.46458
test_05421,0.97
test_05422,0.875331
test_05423,0.081316
test_05424,0.03
test_05425,0.658062
test_05426,0.03
test_05427,0.03
test_05428,0.97
test_05429,0.800826
test_05430,0.97
test_05431,0.03
test_05432,0.97
test_05433,0.97
test_05434,0.97
test_05435,0.97
test_05436,0.03
test_05437,0.826907
test_05438,0.283507
test_05439,0.03
test_05440,0.048019
test_05441,0.97
test_05442,0.93129
test_05443,0.05633
test_05444,0.97
test_05445,0.658735
test_05446,0.03
test_05447,0.855928
test_05448,0.97
test_05449,0.03
test_05450,0.97
test_05451,0.593757
test_05452,0.949383
test_05453,0.97
test_05454,0.175067
test_05455,0.03
test_05456,0.03
test_05457,0.03
test_05458,0.03
test_05459,0.03
test_05460,0.55894
test_05461,0.03
test_05462,0.97
test_05463,0.97
test_05464,0.97
test_05465,0.322695
test_05466,0.97
test_05467,0.03
test_05468,0.843933
test_05469,0.97
test_05470,0.039165
test_05471,0.552907
test_05472,0.947116
test_05473,0.03
test_05474,0.03
test_05475,0.504292
test_05476,0.03
test_05477,0.168462
test_05478,0.73293
test_05479,0.248217
test_05480,0.03
test_05481,0.97
test_05482,0.03
test_05483,0.957978
test_05484,0.448739
test_05485,0.03
test_05486,0.03776
test_05487,0.586604
test_05488,0.97
test_05489,0.03
test_05490,0.03
test_05491,0.397208
test_05492,0.03
test_05493,0.03
test_05494,0.97
test_05495,0.946286
test_05496,0.938664
test_05497,0.03
test_05498,0.494487
test_05499,0.121228
test_05500,0.667611
test_05501,0.97
test_05502,0.03
test_05503,0.11608
test_05504,0.97
test_05505,0.618236
test_05506,0.041775
test_05507,0.03
test_05508,0.97
test_05509,0.03
test_05510,0.97
test_05511,0.775632
test_05512,0.03
test_05513,0.03
test_05514,0.03
test_05515,0.03
test_05516,0.889331
test_05517,0.443651
test_05518,0.03
test_05519,0.969537
test_05520,0.629011
test_05521,0.97
test_05522,0.03
test_05523,0.608663
test_05524,0.880776
test_05525,0.039868
test_05526,0.03
test_05527,0.97
test_05528,0.03
test_05529,0.97
test_05530,0.03
test_05531,0.03
test_05532,0.97
test_05533,0.962198
test_05534,0.97
test_05535,0.97
test_05536,0.310315
test_05537,0.97
test_05538,0.325354
test_05539,0.861407
test_05540,0.903328
test_05541,0.03
test_05542,0.171695
test_05543,0.03
test_05544,0.97
test_05545,0.03
test_05546,0.03
test_05547,0.03
test_05548,0.918741
test_05549,0.101576
test_05550,0.03
test_05551,0.97
test_05552,0.127984
test_05553,0.97
test_05554,0.97
test_05555,0.97
test_05556,0.97
test_05557,0.75153
test_05558,0.065504
test_05559,0.03
test_05560,0.97
test_05561,0.383686
test_05562,0.929033
test_05563,0.231102
test_05564,0.960481
test_05565,0.173963
test_05566,0.03
test_05567,0.380738
test_05568,0.97
test_05569,0.90732
test_05570,0.03
test_05571,0.97
test_05572,0.059413
test_05573,0.959559
test_05574,0.03
test_05575,0.97
test_05576,0.03
test_05577,0.97
test_05578,0.97
test_05579,0.03
test_05580,0.03
test_05581,0.03
test_05582,0.97
test_05583,0.03
test_05584,0.97
test_05585,0.03
test_05586,0.601557
test_05587,0.03
test_05588,0.97
test_05589,0.03
test_05590,0.770936
test_05591,0.829034
test_05592,0.084841
test_05593,0.97
test_05594,0.03
test_05595,0.97
test_05596,0.97
test_05597,0.056232
test_05598,0.97
test_05599,0.943574
test_05600,0.97
test_05601,0.97
test_05602,0.258915
test_05603,0.156266
test_05604,0.906595
test_05605,0.578459
test_05606,0.03
test_05607,0.697909
test_05608,0.063166
test_05609,0.03
test_05610,0.97
test_05611,0.03
test_05612,0.684805
test_05613,0.03
test_05614,0.260908
test_05615,0.97
test_05616,0.03
test_05617,0.04458
test_05618,0.03
test_05619,0.03
test_05620,0.14341
test_05621,0.03
test_05622,0.603206
test_05623,0.16342
test_05624,0.441876
test_05625,0.477661
test_05626,0.97
test_05627,0.03
test_05628,0.431855
test_05629,0.03
test_05630,0.03
test_05631,0.03
test_05632,0.97
test_05633,0.97
test_05634,0.97
test_05635,0.03
test_05636,0.97
test_05637,0.847033
test_05638,0.896983
test_05639,0.03
test_05640,0.969704
test_05641,0.03
test_05642,0.97
test_05643,0.14138
test_05644,0.760495
test_05645,0.97
test_05646,0.227458
test_05647,0.896119
test_05648,0.03
test_05649,0.03
test_05650,0.97
test_05651,0.03
test_05652,0.675559
test_05653,0.457441
test_05654,0.949511
test_05655,0.761878
test_05656,0.03
test_05657,0.03
test_05658,0.03
test_05659,0.97
test_05660,0.97
test_05661,0.102272
test_05662,0.97
test_05663,0.97
test_05664,0.97
test_05665,0.03
test_05666,0.03
test_05667,0.03
test_05668,0.37997
test_05669,0.97
test_05670,0.79487
test_05671,0.870094
test_05672,0.97
test_05673,0.097362
test_05674,0.03
test_05675,0.961505
test_05676,0.047361
test_05677,0.03
test_05678,0.043652
test_05679,0.659775
test_05680,0.03
test_05681,0.03
test_05682,0.97
test_05683,0.03
test_05684,0.416807
test_05685,0.03
test_05686,0.97
test_05687,0.03234
test_05688,0.04721
test_05689,0.97
test_05690,0.033823
test_05691,0.97
test_05692,0.722122
test_05693,0.97
test_05694,0.963662
test_05695,0.03
test_05696,0.824368
test_05697,0.440544
test_05698,0.03
test_05699,0.833796
test_05700,0.97
test_05701,0.97
test_05702,0.03
test_05703,0.97
test_05704,0.97
test_05705,0.567651
test_05706,0.277186
test_05707,0.97
test_05708,0.03
test_05709,0.065395
test_05710,0.03
test_05711,0.09329
test_05712,0.774658
test_05713,0.056941
test_05714,0.97
test_05715,0.623455
test_05716,0.97
test_05717,0.285412
test_05718,0.97
test_05719,0.03
test_05720,0.03
test_05721,0.97
test_05722,0.444538
test_05723,0.03
test_05724,0.97
test_05725,0.03
test_05726,0.056537
test_05727,0.97
test_05728,0.378846
test_05729,0.03
test_05730,0.97
test_05731,0.97
test_05732,0.03
test_05733,0.966419
test_05734,0.963573
test_05735,0.09139
test_05736,0.497152
test_05737,0.190198
test_05738,0.390118
test_05739,0.03
test_05740,0.914215
test_05741,0.03
test_05742,0.03
test_05743,0.056101
test_05744,0.638442
test_05745,0.430209
test_05746,0.03
test_05747,0.876168
test_05748,0.03
test_05749,0.823344
test_05750,0.03
test_05751,0.03
test_05752,0.03
test_05753,0.036731
test_05754,0.933374
test_05755,0.97
test_05756,0.03
test_05757,0.945549
test_05758,0.03
test_05759,0.03
test_05760,0.957293
test_05761,0.950538
test_05762,0.064873
test_05763,0.784442
test_05764,0.6765
test_05765,0.943817
test_05766,0.398959
test_05767,0.534845
test_05768,0.03
test_05769,0.03
test_05770,0.97
test_05771,0.03972
test_05772,0.608769
test_05773,0.9673
test_05774,0.861864
test_05775,0.781295
test_05776,0.03
test_05777,0.230418
test_05778,0.967744
test_05779,0.906536
test_05780,0.243325
test_05781,0.03
test_05782,0.97
test_05783,0.97
test_05784,0.820809
test_05785,0.97
test_05786,0.778641
test_05787,0.954735
test_05788,0.386162
test_05789,0.900914
test_05790,0.189811
test_05791,0.03
test_05792,0.962949
test_05793,0.97
test_05794,0.97
test_05795,0.711972
test_05796,0.97
test_05797,0.97
test_05798,0.828895
test_05799,0.97
test_05800,0.856581
test_05801,0.156625
test_05802,0.229527
test_05803,0.97
test_05804,0.97
test_05805,0.957601
test_05806,0.03
test_05807,0.03
test_05808,0.951716
test_05809,0.03
test_05810,0.97
test_05811,0.15512
test_05812,0.97
test_05813,0.97
test_05814,0.44911
test_05815,0.53998
test_05816,0.03
test_05817,0.97
test_05818,0.97
test_05819,0.97
test_05820,0.257959
test_05821,0.97
test_05822,0.03
test_05823,0.564731
test_05824,0.03
test_05825,0.03
test_05826,0.639577
test_05827,0.03
test_05828,0.15176
test_05829,0.03
test_05830,0.03
test_05831,0.03
test_05832,0.167675
test_05833,0.420555
test_05834,0.03
test_05835,0.97
test_05836,0.97
test_05837,0.122592
test_05838,0.03
test_05839,0.97
test_05840,0.97
test_05841,0.04566
test_05842,0.03
test_05843,0.97
test_05844,0.03
test_05845,0.03
test_05846,0.456184
test_05847,0.97
test_05848,0.03
test_05849,0.03
test_05850,0.03
test_05851,0.042962
test_05852,0.072445
test_05853,0.964973
test_05854,0.736008
test_05855,0.358913
test_05856,0.97
test_05857,0.97
test_05858,0.03
test_05859,0.03
test_05860,0.03
test_05861,0.03
test_05862,0.951383
test_05863,0.03
test_05864,0.247886
test_05865,0.03
test_05866,0.883101
test_05867,0.925881
test_05868,0.83385
test_05869,0.97
test_05870,0.367453
test_05871,0.97
test_05872,0.084437
test_05873,0.14825
test_05874,0.03
test_05875,0.03
test_05876,0.316609
test_05877,0.97
test_05878,0.961257
test_05879,0.97
test_05880,0.95952
test_05881,0.97
test_05882,0.882729
test_05883,0.97
test_05884,0.97
test_05885,0.03
test_05886,0.890757
test_05887,0.288431
test_05888,0.355187
test_05889,0.03
test_05890,0.03
test_05891,0.03
test_05892,0.817116
test_05893,0.03
test_05894,0.932749
test_05895,0.03
test_05896,0.801515
test_05897,0.934688
test_05898,0.104602
test_05899,0.97
test_05900,0.369618
test_05901,0.97
test_05902,0.853113
test_05903,0.03
test_05904,0.322447
test_05905,0.033647
test_05906,0.03
test_05907,0.109465
test_05908,0.03
test_05909,0.954477
test_05910,0.97
test_05911,0.03
test_05912,0.03
test_05913,0.948102
test_05914,0.03
test_05915,0.97
test_05916,0.114415
test_05917,0.03
test_05918,0.144193
test_05919,0.101074
test_05920,0.112955
test_05921,0.97
test_05922,0.97
test_05923,0.97
test_05924,0.03
test_05925,0.03
test_05926,0.03
test_05927,0.178868
test_05928,0.97
test_05929,0.03
test_05930,0.03
test_05931,0.97
test_05932,0.03
test_05933,0.077243
test_05934,0.03
test_05935,0.03
test_05936,0.97
test_05937,0.05919
test_05938,0.97
test_05939,0.03
test_05940,0.03
test_05941,0.97
test_05942,0.03
test_05943,0.97
test_05944,0.97
test_05945,0.03
test_05946,0.450244
test_05947,0.97
test_05948,0.97
test_05949,0.97
test_05950,0.03
test_05951,0.053507
test_05952,0.046655
test_05953,0.97
test_05954,0.505328
test_05955,0.936012
test_05956,0.081546
test_05957,0.03
test_05958,0.033179
test_05959,0.97
test_05960,0.113935
test_05961,0.582604
test_05962,0.97
test_05963,0.97
test_05964,0.713178
test_05965,0.03
test_05966,0.040198
test_05967,0.33397
test_05968,0.97
test_05969,0.03
test_05970,0.938783
test_05971,0.03
test_05972,0.227619
test_05973,0.03
test_05974,0.03
test_05975,0.97
test_05976,0.042161
test_05977,0.97
test_05978,0.054361
test_05979,0.03
test_05980,0.077446
test_05981,0.776248
test_05982,0.956008
test_05983,0.03
test_05984,0.754597
test_05985,0.174697
test_05986,0.503064
test_05987,0.97
test_05988,0.804866
test_05989,0.951677
test_05990,0.97
test_05991,0.97
test_05992,0.97
test_05993,0.97
test_05994,0.03
test_05995,0.309164
test_05996,0.918819
test_05997,0.97
test_05998,0.382886
test_05999,0.97
test_06000,0.97
test_06001,0.97
test_06002,0.97
test_06003,0.97
test_06004,0.03
test_06005,0.97
test_06006,0.97
test_06007,0.03
test_06008,0.03
test_06009,0.03
test_06010,0.97
test_06011,0.03
test_06012,0.97
test_06013,0.271964
test_06014,0.608826
test_06015,0.03
test_06016,0.084067
test_06017,0.094445
test_06018,0.084427
test_06019,0.881593
test_06020,0.819636
test_06021,0.03
test_06022,0.03
test_06023,0.03
test_06024,0.352248
test_06025,0.97
test_06026,0.03
test_06027,0.523538
test_06028,0.03
test_06029,0.038123
test_06030,0.97
test_06031,0.03
test_06032,0.06039
test_06033,0.03
test_06034,0.059564
test_06035,0.03
test_06036,0.97
test_06037,0.071111
test_06038,0.643869
test_06039,0.03
test_06040,0.940783
test_06041,0.930525
test_06042,0.543032
test_06043,0.065373
test_06044,0.97
test_06045,0.191715
test_06046,0.034975
test_06047,0.03
test_06048,0.704703
test_06049,0.600443
test_06050,0.032649
test_06051,0.03
test_06052,0.97
test_06053,0.03
test_06054,0.03
test_06055,0.031132
test_06056,0.97
test_06057,0.97
test_06058,0.97
test_06059,0.97
test_06060,0.97
test_06061,0.03
test_06062,0.857428
test_06063,0.97
test_06064,0.969697
test_06065,0.03
test_06066,0.503086
test_06067,0.304694
test_06068,0.97
test_06069,0.581912
test_06070,0.03
test_06071,0.03
test_06072,0.97
test_06073,0.75862
test_06074,0.03
test_06075,0.03
test_06076,0.97
test_06077,0.87453
test_06078,0.691764
test_06079,0.97
test_06080,0.965211
test_06081,0.97
test_06082,0.97
test_06083,0.03
test_06084,0.03
test_06085,0.97
test_06086,0.03
test_06087,0.97
test_06088,0.03
test_06089,0.711594
test_06090,0.97
test_06091,0.97
test_06092,0.03
test_06093,0.03
test_06094,0.97
test_06095,0.078614
test_06096,0.97
test_06097,0.03
test_06098,0.03
test_06099,0.03
test_06100,0.03
test_06101,0.03
test_06102,0.97
test_06103,0.97
test_06104,0.954069
test_06105,0.97
test_06106,0.97
test_06107,0.149232
test_06108,0.597443
test_06109,0.03
test_06110,0.578846
test_06111,0.03
test_06112,0.849442
test_06113,0.03
test_06114,0.03
test_06115,0.97
test_06116,0.97
test_06117,0.057049
test_06118,0.03
test_06119,0.031736
test_06120,0.729594
test_06121,0.97
test_06122,0.03
test_06123,0.03
test_06124,0.600499
test_06125,0.97
test_06126,0.476345
test_06127,0.03
test_06128,0.97
test_06129,0.829226
test_06130,0.97
test_06131,0.03
test_06132,0.97
test_06133,0.872817
test_06134,0.03
test_06135,0.03
test_06136,0.743884
test_06137,0.960856
test_06138,0.96009
test_06139,0.97
test_06140,0.612745
test_06141,0.87319
test_06142,0.930148
test_06143,0.03
test_06144,0.97
test_06145,0.330139
test_06146,0.03
test_06147,0.97
test_06148,0.03
test_06149,0.160692
test_06150,0.03
test_06151,0.842113
test_06152,0.03
test_06153,0.97
test_06154,0.352196
test_06155,0.97
test_06156,0.03
test_06157,0.050884
test_06158,0.038186
test_06159,0.487718
test_06160,0.97
test_06161,0.03
test_06162,0.807242
test_06163,0.97
test_06164,0.97
test_06165,0.059027
test_06166,0.617349
test_06167,0.431335
test_06168,0.880099
test_06169,0.97
test_06170,0.97
test_06171,0.03
test_06172,0.97
test_06173,0.97
test_06174,0.03
test_06175,0.03
test_06176,0.511624
test_06177,0.97
test_06178,0.97
test_06179,0.97
test_06180,0.951666
test_06181,0.03
test_06182,0.03
test_06183,0.97
test_06184,0.03
test_06185,0.287208
test_06186,0.97
test_06187,0.03
test_06188,0.97
test_06189,0.335888
test_06190,0.906374
test_06191,0.03
test_06192,0.037889
test_06193,0.97
test_06194,0.760373
test_06195,0.149093
test_06196,0.03
test_06197,0.97
test_06198,0.03
test_06199,0.97
test_06200,0.97
test_06201,0.954261
test_06202,0.337861
test_06203,0.522847
test_06204,0.358479
test_06205,0.97
test_06206,0.165533
test_06207,0.895104
test_06208,0.03
test_06209,0.052382
test_06210,0.957325
test_06211,0.03
test_06212,0.97
test_06213,0.03
test_06214,0.062576
test_06215,0.787822
test_06216,0.453874
test_06217,0.56345
test_06218,0.263327
test_06219,0.811937
test_06220,0.134443
test_06221,0.03
test_06222,0.140845
test_06223,0.03
test_06224,0.094439
test_06225,0.97
test_06226,0.948221
test_06227,0.03
test_06228,0.97
test_06229,0.03
test_06230,0.03
test_06231,0.041401
test_06232,0.03
test_06233,0.03
test_06234,0.97
test_06235,0.03
test_06236,0.03
test_06237,0.328775
test_06238,0.052587
test_06239,0.97
test_06240,0.885725
test_06241,0.926049
test_06242,0.03
test_06243,0.97
test_06244,0.97
test_06245,0.892855
test_06246,0.7221
test_06247,0.97
test_06248,0.97
test_06249,0.889006
test_06250,0.97
test_06251,0.213047
test_06252,0.93676
test_06253,0.156555
test_06254,0.389233
test_06255,0.03
test_06256,0.97
test_06257,0.97
test_06258,0.97
test_06259,0.689006
test_06260,0.97
test_06261,0.062018
test_06262,0.962503
test_06263,0.350167
test_06264,0.97
test_06265,0.153999
test_06266,0.950063
test_06267,0.97
test_06268,0.97
test_06269,0.03
test_06270,0.146041
test_06271,0.430665
test_06272,0.97
test_06273,0.919637
test_06274,0.096784
test_06275,0.107277
test_06276,0.03
test_06277,0.97
test_06278,0.057166
test_06279,0.03
test_06280,0.03
test_06281,0.97
test_06282,0.97
test_06283,0.97
test_06284,0.949672
test_06285,0.069821
test_06286,0.97
test_06287,0.434746
test_06288,0.97
test_06289,0.369767
test_06290,0.03
test_06291,0.03
test_06292,0.03
test_06293,0.03
test_06294,0.775019
test_06295,0.03
test_06296,0.03
test_06297,0.633327
test_06298,0.97
test_06299,0.536231
test_06300,0.919532
test_06301,0.03
test_06302,0.577198
test_06303,0.039728
test_06304,0.97
test_06305,0.176818
test_06306,0.03
test_06307,0.739815
test_06308,0.896116
test_06309,0.72619
test_06310,0.03
test_06311,0.03
test_06312,0.656967
test_06313,0.280347
test_06314,0.433348
test_06315,0.757895
test_06316,0.597113
test_06317,0.97
test_06318,0.97
test_06319,0.527515
test_06320,0.97
test_06321,0.07205
test_06322,0.97
test_06323,0.473699
test_06324,0.03
test_06325,0.97
test_06326,0.951327
test_06327,0.03
test_06328,0.788844
test_06329,0.419616
test_06330,0.03
test_06331,0.03
test_06332,0.03
test_06333,0.969864
test_06334,0.30699
test_06335,0.41551
test_06336,0.237938
test_06337,0.03
test_06338,0.965087
test_06339,0.942763
test_06340,0.97
test_06341,0.03
test_06342,0.97
test_06343,0.677191
test_06344,0.117415
test_06345,0.093444
test_06346,0.97
test_06347,0.592692
test_06348,0.97
test_06349,0.031172
test_06350,0.03
test_06351,0.96859
test_06352,0.03
test_06353,0.03
test_06354,0.97
test_06355,0.03
test_06356,0.97
test_06357,0.03
test_06358,0.153771
test_06359,0.97
test_06360,0.97
test_06361,0.716209
test_06362,0.03
test_06363,0.941421
test_06364,0.947047
test_06365,0.03
test_06366,0.775612
test_06367,0.62087
test_06368,0.97
test_06369,0.97
test_06370,0.588532
test_06371,0.051752
test_06372,0.97
test_06373,0.934126
test_06374,0.97
test_06375,0.096207
test_06376,0.03
test_06377,0.928385
test_06378,0.135056
test_06379,0.03
test_06380,0.056534
test_06381,0.03
test_06382,0.97
test_06383,0.969741
test_06384,0.894245
test_06385,0.031985
test_06386,0.97
test_06387,0.97
test_06388,0.952644
test_06389,0.535027
test_06390,0.97
test_06391,0.03
test_06392,0.03
test_06393,0.593922
test_06394,0.908324
test_06395,0.038659
test_06396,0.809552
test_06397,0.03
test_06398,0.97
test_06399,0.03
test_06400,0.03
test_06401,0.818529
test_06402,0.97
test_06403,0.03
test_06404,0.031216
test_06405,0.03
test_06406,0.03
test_06407,0.116367
test_06408,0.03
test_06409,0.97
test_06410,0.758874
test_06411,0.966206
test_06412,0.384461
test_06413,0.063031
test_06414,0.97
test_06415,0.444238
test_06416,0.527819
test_06417,0.930542
test_06418,0.872095
test_06419,0.97
test_06420,0.072543
test_06421,0.97
test_06422,0.97
test_06423,0.824516
test_06424,0.960852
test_06425,0.766118
test_06426,0.03
test_06427,0.03
test_06428,0.477202
test_06429,0.03
test_06430,0.473453
test_06431,0.920711
test_06432,0.03
test_06433,0.176618
test_06434,0.97
test_06435,0.97
test_06436,0.094939
test_06437,0.23306
test_06438,0.03
test_06439,0.97
test_06440,0.20992
test_06441,0.937515
test_06442,0.03
test_06443,0.03
test_06444,0.03
test_06445,0.03
test_06446,0.21625
test_06447,0.731267
test_06448,0.97
test_06449,0.03
test_06450,0.924028
test_06451,0.97
test_06452,0.97
test_06453,0.03
test_06454,0.97
test_06455,0.97
test_06456,0.03
test_06457,0.97
test_06458,0.88968
test_06459,0.97
test_06460,0.03
test_06461,0.03
test_06462,0.97
test_06463,0.761079
test_06464,0.306283
test_06465,0.176369
test_06466,0.057538
test_06467,0.214957
test_06468,0.03
test_06469,0.934212
test_06470,0.97
test_06471,0.03
test_06472,0.063432
test_06473,0.97
test_06474,0.03
test_06475,0.752889
test_06476,0.149357
test_06477,0.03
test_06478,0.937215
test_06479,0.847675
test_06480,0.97
test_06481,0.97
test_06482,0.955062
test_06483,0.113494
test_06484,0.03
test_06485,0.03
test_06486,0.97
test_06487,0.03
test_06488,0.941906
test_06489,0.03
test_06490,0.351539
test_06491,0.03
test_06492,0.609468
test_06493,0.051347
test_06494,0.197521
test_06495,0.03
test_06496,0.042503
test_06497,0.245312
test_06498,0.97
test_06499,0.03
test_06500,0.465159
test_06501,0.683194
test_06502,0.97
test_06503,0.03
test_06504,0.03
test_06505,0.03
test_06506,0.121815
test_06507,0.867383
test_06508,0.97
test_06509,0.03
test_06510,0.03
test_06511,0.10365
test_06512,0.97
test_06513,0.924574
test_06514,0.173916
test_06515,0.185812
test_06516,0.97
test_06517,0.781805
test_06518,0.45048
test_06519,0.03
test_06520,0.03
test_06521,0.45562
test_06522,0.97
test_06523,0.97
test_06524,0.03
test_06525,0.03
test_06526,0.256416
test_06527,0.03
test_06528,0.506906
test_06529,0.086315
test_06530,0.03
test_06531,0.97
test_06532,0.464989
test_06533,0.6583
test_06534,0.597556
test_06535,0.945794
test_06536,0.880009
test_06537,0.03
test_06538,0.03
test_06539,0.071105
test_06540,0.03
test_06541,0.679479
test_06542,0.03
test_06543,0.607979
test_06544,0.97
test_06545,0.800862
test_06546,0.03
test_06547,0.104218
test_06548,0.97
test_06549,0.176842
test_06550,0.97
test_06551,0.03
test_06552,0.163876
test_06553,0.97
test_06554,0.180586
test_06555,0.75638
test_06556,0.97
test_06557,0.244511
test_06558,0.774916
test_06559,0.03
test_06560,0.03
test_06561,0.917841
test_06562,0.04739
test_06563,0.260138
test_06564,0.97
test_06565,0.193728
test_06566,0.424812
test_06567,0.296465
test_06568,0.03
test_06569,0.29314
test_06570,0.03
test_06571,0.0628
test_06572,0.03
test_06573,0.037092
test_06574,0.913144
test_06575,0.03
test_06576,0.570873
test_06577,0.03
test_06578,0.97
test_06579,0.569261
test_06580,0.369384
test_06581,0.03
test_06582,0.97
test_06583,0.051449
test_06584,0.717471
test_06585,0.063235
test_06586,0.97
test_06587,0.97
test_06588,0.341832
test_06589,0.799101
test_06590,0.03
test_06591,0.03
test_06592,0.97
test_06593,0.97
test_06594,0.97
test_06595,0.22734
test_06596,0.683682
test_06597,0.684344
test_06598,0.03
test_06599,0.03
test_06600,0.03
test_06601,0.03
test_06602,0.578992
test_06603,0.03
test_06604,0.45953
test_06605,0.03
test_06606,0.68145
test_06607,0.03
test_06608,0.97
test_06609,0.957149
test_06610,0.03
test_06611,0.118436
test_06612,0.03
test_06613,0.03
test_06614,0.03
test_06615,0.03
test_06616,0.045567
test_06617,0.97
test_06618,0.083329
test_06619,0.871397
test_06620,0.415174
test_06621,0.03
test_06622,0.595422
test_06623,0.103242
test_06624,0.625152
test_06625,0.97
test_06626,0.03
test_06627,0.03
test_06628,0.938813
test_06629,0.03
test_06630,0.079868
test_06631,0.03
test_06632,0.03
test_06633,0.03
test_06634,0.802259
test_06635,0.03
test_06636,0.03
test_06637,0.03
test_06638,0.263945
test_06639,0.187743
test_06640,0.97
test_06641,0.03492
test_06642,0.059866
test_06643,0.965333
test_06644,0.97
test_06645,0.97
test_06646,0.619181
test_06647,0.97
test_06648,0.086306
test_06649,0.941794
test_06650,0.03
test_06651,0.03
test_06652,0.03
test_06653,0.862348
test_06654,0.065669
test_06655,0.03
test_06656,0.97
test_06657,0.97
test_06658,0.03
test_06659,0.256012
test_06660,0.97
test_06661,0.907427
test_06662,0.031389
test_06663,0.03
test_06664,0.03
test_06665,0.03
test_06666,0.767927
test_06667,0.861682
test_06668,0.812624
test_06669,0.03
test_06670,0.576163
test_06671,0.761615
test_06672,0.03
test_06673,0.248419
test_06674,0.97
test_06675,0.90092
test_06676,0.875813
test_06677,0.97
test_06678,0.97
test_06679,0.03
test_06680,0.03
test_06681,0.499155
test_06682,0.03
test_06683,0.173496
test_06684,0.714441
test_06685,0.97
test_06686,0.745829
test_06687,0.03332
test_06688,0.843016
test_06689,0.836469
test_06690,0.97
test_06691,0.201103
test_06692,0.140474
test_06693,0.03
test_06694,0.959313
test_06695,0.03
test_06696,0.97
test_06697,0.97
test_06698,0.03
test_06699,0.484393
test_06700,0.97
test_06701,0.97
test_06702,0.97
test_06703,0.164177
test_06704,0.846152
test_06705,0.97
test_06706,0.205627
test_06707,0.03
test_06708,0.892652
test_06709,0.16017
test_06710,0.918361
test_06711,0.97
test_06712,0.97
test_06713,0.97
test_06714,0.260815
test_06715,0.03
test_06716,0.97
test_06717,0.97
test_06718,0.97
test_06719,0.945621
test_06720,0.97
test_06721,0.03
test_06722,0.677212
test_06723,0.97
test_06724,0.03
test_06725,0.03
test_06726,0.97
test_06727,0.285181
test_06728,0.03
test_06729,0.03
test_06730,0.03
test_06731,0.801748
test_06732,0.43826
test_06733,0.97
test_06734,0.076934
test_06735,0.97
test_06736,0.97
test_06737,0.97
test_06738,0.97
test_06739,0.97
test_06740,0.695947
test_06741,0.573873
test_06742,0.97
test_06743,0.97
test_06744,0.248414
test_06745,0.03
test_06746,0.940145
test_06747,0.97
test_06748,0.201202
test_06749,0.97
test_06750,0.779431
test_06751,0.209971
test_06752,0.03
test_06753,0.056047
test_06754,0.348584
test_06755,0.96846
test_06756,0.043488
test_06757,0.97
test_06758,0.03
test_06759,0.03
test_06760,0.03
test_06761,0.952159
test_06762,0.97
test_06763,0.97
test_06764,0.64294
test_06765,0.97
test_06766,0.284164
test_06767,0.03
test_06768,0.97
test_06769,0.03
test_06770,0.03
test_06771,0.97
test_06772,0.03
test_06773,0.97
test_06774,0.699394
test_06775,0.03
test_06776,0.97
test_06777,0.97
test_06778,0.03
test_06779,0.094648
test_06780,0.97
test_06781,0.897137
test_06782,0.97
test_06783,0.843416
test_06784,0.03
test_06785,0.97
test_06786,0.581263
test_06787,0.03
test_06788,0.03
test_06789,0.771255
test_06790,0.97
test_06791,0.915333
test_06792,0.97
test_06793,0.056543
test_06794,0.968412
test_06795,0.03
test_06796,0.97
test_06797,0.97
test_06798,0.660507
test_06799,0.03
test_06800,0.03
test_06801,0.97
test_06802,0.03
test_06803,0.314643
test_06804,0.948582
test_06805,0.03
test_06806,0.97
test_06807,0.97
test_06808,0.97
test_06809,0.656519
test_06810,0.918901
test_06811,0.97
test_06812,0.03
test_06813,0.350607
test_06814,0.97
test_06815,0.97
test_06816,0.97
test_06817,0.053635
test_06818,0.97
test_06819,0.931838
test_06820,0.681427
test_06821,0.97
test_06822,0.035336
test_06823,0.537783
test_06824,0.07762
test_06825,0.03
test_06826,0.165352
test_06827,0.080167
test_06828,0.97
test_06829,0.97
test_06830,0.03
test_06831,0.97
test_06832,0.03
test_06833,0.191284
test_06834,0.03
test_06835,0.03
test_06836,0.179636
test_06837,0.079689
test_06838,0.03
test_06839,0.220961
test_06840,0.97
test_06841,0.060687
test_06842,0.952502
test_06843,0.263505
test_06844,0.03
test_06845,0.03
test_06846,0.397169
test_06847,0.97
test_06848,0.109466
test_06849,0.97
test_06850,0.03
test_06851,0.663601
test_06852,0.634334
test_06853,0.03
test_06854,0.128568
test_06855,0.03
test_06856,0.186267
test_06857,0.97
test_06858,0.03
test_06859,0.927999
test_06860,0.939692
test_06861,0.03
test_06862,0.97
test_06863,0.286005
test_06864,0.97
test_06865,0.03
test_06866,0.225196
test_06867,0.329329
test_06868,0.707833
test_06869,0.473057
test_06870,0.97
test_06871,0.948336
test_06872,0.88174
test_06873,0.03
test_06874,0.945785
test_06875,0.602007
test_06876,0.03
test_06877,0.97
test_06878,0.03
test_06879,0.898954
test_06880,0.03
test_06881,0.97
test_06882,0.03
test_06883,0.60459
test_06884,0.03
test_06885,0.03
test_06886,0.096888
test_06887,0.806787
test_06888,0.03
test_06889,0.97
test_06890,0.035316
test_06891,0.03
test_06892,0.03
test_06893,0.97
test_06894,0.057645
test_06895,0.03
test_06896,0.97
test_06897,0.260199
test_06898,0.039581
test_06899,0.03
test_06900,0.03
test_06901,0.97
test_06902,0.96327
test_06903,0.8539
test_06904,0.97
test_06905,0.97
test_06906,0.03
test_06907,0.97
test_06908,0.952006
test_06909,0.03
test_06910,0.97
test_06911,0.92305
test_06912,0.03
test_06913,0.106992
test_06914,0.829126
test_06915,0.03
test_06916,0.97
test_06917,0.03
test_06918,0.97
test_06919,0.870925
test_06920,0.03559
test_06921,0.95283
test_06922,0.97
test_06923,0.811944
test_06924,0.852645
test_06925,0.03
test_06926,0.824095
test_06927,0.119668
test_06928,0.03
test_06929,0.842602
test_06930,0.03
test_06931,0.467904
test_06932,0.851236
test_06933,0.97
test_06934,0.03
test_06935,0.03
test_06936,0.93247
test_06937,0.385993
test_06938,0.03
test_06939,0.03
test_06940,0.056965
test_06941,0.362248
test_06942,0.03
test_06943,0.03
test_06944,0.085684
test_06945,0.03
test_06946,0.03
test_06947,0.97
test_06948,0.97
test_06949,0.97
test_06950,0.032521
test_06951,0.03
test_06952,0.541194
test_06953,0.043009
test_06954,0.618176
test_06955,0.97
test_06956,0.925923
test_06957,0.900592
test_06958,0.97
test_06959,0.03
test_06960,0.03
test_06961,0.254107
test_06962,0.072071
test_06963,0.069412
test_06964,0.97
test_06965,0.554642
test_06966,0.03
test_06967,0.098062
test_06968,0.03
test_06969,0.03
test_06970,0.97
test_06971,0.97
test_06972,0.03
test_06973,0.361745
test_06974,0.085128
test_06975,0.964813
test_06976,0.97
test_06977,0.881905
test_06978,0.03
test_06979,0.245467
test_06980,0.97
test_06981,0.97
test_06982,0.97
test_06983,0.03
test_06984,0.106188
test_06985,0.03
test_06986,0.107769
test_06987,0.03
test_06988,0.03
test_06989,0.805235
test_06990,0.97
test_06991,0.97
test_06992,0.03
test_06993,0.03
test_06994,0.03
test_06995,0.727516
test_06996,0.277803
test_06997,0.742269
test_06998,0.03
test_06999,0.876705
test_07000,0.928095
test_07001,0.064774
test_07002,0.97
test_07003,0.42769
test_07004,0.830116
test_07005,0.411526
test_07006,0.126505
test_07007,0.049301
test_07008,0.03
test_07009,0.97
test_07010,0.109282
test_07011,0.919351
test_07012,0.084986
test_07013,0.041936
test_07014,0.97
test_07015,0.066832
test_07016,0.452084
test_07017,0.03
test_07018,0.404882
test_07019,0.314187
test_07020,0.03
test_07021,0.925806
test_07022,0.03285
test_07023,0.800924
test_07024,0.03
test_07025,0.97
test_07026,0.97
test_07027,0.03
test_07028,0.924949
test_07029,0.875919
test_07030,0.814414
test_07031,0.031604
test_07032,0.191984
test_07033,0.97
test_07034,0.03
test_07035,0.03
test_07036,0.03
test_07037,0.03
test_07038,0.97
test_07039,0.03
test_07040,0.032587
test_07041,0.97
test_07042,0.39122
test_07043,0.97
test_07044,0.97
test_07045,0.554566
test_07046,0.97
test_07047,0.97
test_07048,0.235668
test_07049,0.050625
test_07050,0.03
test_07051,0.03
test_07052,0.97
test_07053,0.03
test_07054,0.557662
test_07055,0.773013
test_07056,0.95712
test_07057,0.043505
test_07058,0.238259
test_07059,0.780886
test_07060,0.97
test_07061,0.97
test_07062,0.03
test_07063,0.03
test_07064,0.03
test_07065,0.539063
test_07066,0.115709
test_07067,0.97
test_07068,0.526202
test_07069,0.957811
test_07070,0.03
test_07071,0.246985
test_07072,0.97
test_07073,0.97
test_07074,0.97
test_07075,0.97
test_07076,0.97
test_07077,0.03
test_07078,0.97
test_07079,0.97
test_07080,0.646814
test_07081,0.217329
test_07082,0.744109
test_07083,0.03
test_07084,0.142881
test_07085,0.331321
test_07086,0.940991
test_07087,0.03
test_07088,0.97
test_07089,0.944148
test_07090,0.97
test_07091,0.043353
test_07092,0.97
test_07093,0.925868
test_07094,0.03
test_07095,0.03
test_07096,0.887696
test_07097,0.03
test_07098,0.343939
test_07099,0.03
test_07100,0.12553
test_07101,0.97
test_07102,0.903938
test_07103,0.97
test_07104,0.442863
test_07105,0.048875
test_07106,0.462956
test_07107,0.037506
test_07108,0.03
test_07109,0.054043
test_07110,0.564069
test_07111,0.041812
test_07112,0.97
test_07113,0.03
test_07114,0.426989
test_07115,0.97
test_07116,0.067555
test_07117,0.44938
test_07118,0.275711
test_07119,0.184301
test_07120,0.03
test_07121,0.230927
test_07122,0.882218
test_07123,0.268203
test_07124,0.949575
test_07125,0.199284
test_07126,0.97
test_07127,0.97
test_07128,0.03
test_07129,0.03
test_07130,0.941214
test_07131,0.817683
test_07132,0.03
test_07133,0.380607
test_07134,0.03
test_07135,0.03
test_07136,0.97
test_07137,0.786384
test_07138,0.03
test_07139,0.23978
test_07140,0.03
test_07141,0.03
test_07142,0.043937
test_07143,0.108147
test_07144,0.204634
test_07145,0.03
test_07146,0.97
test_07147,0.46544
test_07148,0.940409
test_07149,0.150471
test_07150,0.046941
test_07151,0.084945
test_07152,0.97
test_07153,0.946128
test_07154,0.642489
test_07155,0.03
test_07156,0.751932
test_07157,0.97
test_07158,0.808234
test_07159,0.629781
test_07160,0.519707
test_07161,0.03
test_07162,0.97
test_07163,0.97
test_07164,0.698449
test_07165,0.269373
test_07166,0.97
test_07167,0.03
test_07168,0.97
test_07169,0.03
test_07170,0.97
test_07171,0.97
test_07172,0.967161
test_07173,0.97
test_07174,0.785244
test_07175,0.428022
test_07176,0.03
test_07177,0.03
test_07178,0.97
test_07179,0.111433
test_07180,0.049129
test_07181,0.963797
test_07182,0.03
test_07183,0.03
test_07184,0.03
test_07185,0.97
test_07186,0.97
test_07187,0.236202
test_07188,0.257787
test_07189,0.03
test_07190,0.97
test_07191,0.177525
test_07192,0.03
test_07193,0.131702
test_07194,0.313818
test_07195,0.771248
test_07196,0.97
test_07197,0.03
test_07198,0.29209
test_07199,0.03
test_07200,0.97
test_07201,0.591156
test_07202,0.060885
test_07203,0.97
test_07204,0.657143
test_07205,0.03
test_07206,0.269767
test_07207,0.97
test_07208,0.048088
test_07209,0.809733
test_07210,0.03
test_07211,0.03
test_07212,0.371757
test_07213,0.659066
test_07214,0.911448
test_07215,0.788397
test_07216,0.039072
test_07217,0.03
test_07218,0.03
test_07219,0.97
test_07220,0.03
test_07221,0.97
test_07222,0.206368
test_07223,0.902457
test_07224,0.97
test_07225,0.582646
test_07226,0.466264
test_07227,0.97
test_07228,0.03
test_07229,0.03
test_07230,0.03
test_07231,0.03
test_07232,0.095977
test_07233,0.97
test_07234,0.97
test_07235,0.97
test_07236,0.03
test_07237,0.97
test_07238,0.03
test_07239,0.29691
test_07240,0.03
test_07241,0.03
test_07242,0.634693
test_07243,0.03
test_07244,0.97
test_07245,0.212484
test_07246,0.03
test_07247,0.37694
test_07248,0.97
test_07249,0.03
test_07250,0.748475
test_07251,0.03937
test_07252,0.97
test_07253,0.03
test_07254,0.781009
test_07255,0.97
test_07256,0.03
test_07257,0.548097
test_07258,0.03
test_07259,0.97
test_07260,0.030612
test_07261,0.03
test_07262,0.03
test_07263,0.97
test_07264,0.059753
test_07265,0.362852
test_07266,0.03
test_07267,0.97
test_07268,0.786718
test_07269,0.898569
test_07270,0.535698
test_07271,0.801021
test_07272,0.464643
test_07273,0.97
test_07274,0.97
test_07275,0.370977
test_07276,0.03
test_07277,0.97
test_07278,0.966911
test_07279,0.246228
test_07280,0.03
test_07281,0.03
test_07282,0.303788
test_07283,0.03
test_07284,0.03
test_07285,0.97
test_07286,0.783586
test_07287,0.97
test_07288,0.311386
test_07289,0.229446
test_07290,0.03
test_07291,0.941809
test_07292,0.161942
test_07293,0.03
test_07294,0.97
test_07295,0.038589
test_07296,0.129129
test_07297,0.394278
test_07298,0.377223
test_07299,0.826314
test_07300,0.662057
test_07301,0.97
test_07302,0.03
test_07303,0.93597
test_07304,0.03
test_07305,0.662917
test_07306,0.894488
test_07307,0.03
test_07308,0.03
test_07309,0.03
test_07310,0.03
test_07311,0.087386
test_07312,0.97
test_07313,0.03
test_07314,0.942914
test_07315,0.12977
test_07316,0.380117
test_07317,0.920482
test_07318,0.03
test_07319,0.17727
test_07320,0.832208
test_07321,0.659132
test_07322,0.307231
test_07323,0.053878
test_07324,0.959571
test_07325,0.146102
test_07326,0.97
test_07327,0.97
test_07328,0.97
test_07329,0.227799
test_07330,0.33897
test_07331,0.03
test_07332,0.03
test_07333,0.590834
test_07334,0.931
test_07335,0.433466
test_07336,0.03
test_07337,0.97
test_07338,0.97
test_07339,0.145377
test_07340,0.238197
test_07341,0.967712
test_07342,0.03
test_07343,0.97
test_07344,0.276233
test_07345,0.03
test_07346,0.03
test_07347,0.03
test_07348,0.714888
test_07349,0.073151
test_07350,0.97
test_07351,0.148071
test_07352,0.97
test_07353,0.97
test_07354,0.652098
test_07355,0.97
test_07356,0.97
test_07357,0.210303
test_07358,0.721062
test_07359,0.940401
test_07360,0.97
test_07361,0.870968
test_07362,0.228129
test_07363,0.97
test_07364,0.056859
test_07365,0.241556
test_07366,0.97
test_07367,0.944513
test_07368,0.66285
test_07369,0.057547
test_07370,0.97
test_07371,0.238616
test_07372,0.204356
test_07373,0.790958
test_07374,0.143067
test_07375,0.775859
test_07376,0.201765
test_07377,0.03
test_07378,0.97
test_07379,0.03
test_07380,0.106258
test_07381,0.497066
test_07382,0.634181
test_07383,0.917685
test_07384,0.847784
test_07385,0.039623
test_07386,0.03
test_07387,0.076935
test_07388,0.394767
test_07389,0.117316
test_07390,0.03
test_07391,0.97
test_07392,0.555137
test_07393,0.623131
test_07394,0.065732
test_07395,0.68654
test_07396,0.260363
test_07397,0.927625
test_07398,0.97
test_07399,0.67317
test_07400,0.719233
test_07401,0.115381
test_07402,0.97
test_07403,0.256862
test_07404,0.035849
test_07405,0.97
test_07406,0.069126
test_07407,0.03
test_07408,0.089629
test_07409,0.97
test_07410,0.97
test_07411,0.034967
test_07412,0.032271
test_07413,0.616314
test_07414,0.03
test_07415,0.97
test_07416,0.104286
test_07417,0.086136
test_07418,0.97
test_07419,0.03
test_07420,0.03
test_07421,0.109437
test_07422,0.97
test_07423,0.97
test_07424,0.091473
test_07425,0.03
test_07426,0.03
test_07427,0.710929
test_07428,0.032569
test_07429,0.03
test_07430,0.03
test_07431,0.97
test_07432,0.03
test_07433,0.33253
test_07434,0.03
test_07435,0.03
test_07436,0.03
test_07437,0.829002
test_07438,0.97
test_07439,0.03
test_07440,0.03
test_07441,0.03
test_07442,0.03
test_07443,0.97
test_07444,0.03
test_07445,0.03
test_07446,0.03
test_07447,0.03
test_07448,0.03
test_07449,0.488341
test_07450,0.871688
test_07451,0.97
test_07452,0.272329
test_07453,0.03
test_07454,0.97
test_07455,0.04027
test_07456,0.97
test_07457,0.085704
test_07458,0.97
test_07459,0.97
test_07460,0.373033
test_07461,0.363338
test_07462,0.775968
test_07463,0.03
test_07464,0.03
test_07465,0.97
test_07466,0.03
test_07467,0.96899
test_07468,0.97
test_07469,0.526103
test_07470,0.97
test_07471,0.144937
test_07472,0.198025
test_07473,0.03
test_07474,0.03
test_07475,0.092357
test_07476,0.03
test_07477,0.069562
test_07478,0.97
test_07479,0.97
test_07480,0.244027
test_07481,0.95822
test_07482,0.03
test_07483,0.356514
test_07484,0.03
test_07485,0.967749
test_07486,0.97
test_07487,0.03
test_07488,0.03
test_07489,0.97
test_07490,0.488901
test_07491,0.043109
test_07492,0.382892
test_07493,0.95296
test_07494,0.97
test_07495,0.899183
test_07496,0.52545
test_07497,0.03
test_07498,0.039681
test_07499,0.03
test_07500,0.03
test_07501,0.03
test_07502,0.97
test_07503,0.03
test_07504,0.906734
test_07505,0.894891
test_07506,0.653703
test_07507,0.03
test_07508,0.03
test_07509,0.965489
test_07510,0.155649
test_07511,0.97
test_07512,0.03
test_07513,0.566603
test_07514,0.97
test_07515,0.478583
test_07516,0.97
test_07517,0.97
test_07518,0.040064
test_07519,0.822357
test_07520,0.03
test_07521,0.065744
test_07522,0.97
test_07523,0.03
test_07524,0.096103
test_07525,0.436329
test_07526,0.03
test_07527,0.152473
test_07528,0.97
test_07529,0.05131
test_07530,0.850854
test_07531,0.645496
test_07532,0.97
test_07533,0.03
test_07534,0.321382
test_07535,0.723855
test_07536,0.071873
test_07537,0.539861
test_07538,0.75673
test_07539,0.97
test_07540,0.03
test_07541,0.068199
test_07542,0.672065
test_07543,0.03
test_07544,0.97
test_07545,0.03
test_07546,0.97
test_07547,0.49081
test_07548,0.265317
test_07549,0.97
test_07550,0.97
test_07551,0.614689
test_07552,0.03
test_07553,0.97
test_07554,0.97
test_07555,0.03
test_07556,0.03
test_07557,0.97
test_07558,0.969372
test_07559,0.97
test_07560,0.97
test_07561,0.03
test_07562,0.533062
test_07563,0.150941
test_07564,0.97
test_07565,0.507422
test_07566,0.237495
test_07567,0.03
test_07568,0.03
test_07569,0.640862
test_07570,0.97
test_07571,0.223206
test_07572,0.97
test_07573,0.945159
test_07574,0.930064
test_07575,0.548003
test_07576,0.03
test_07577,0.03
test_07578,0.03
test_07579,0.03
test_07580,0.97
test_07581,0.03
test_07582,0.03
test_07583,0.51377
test_07584,0.97
test_07585,0.503737
test_07586,0.568581
test_07587,0.471006
test_07588,0.888833
test_07589,0.954873
test_07590,0.123771
test_07591,0.97
test_07592,0.03
test_07593,0.97
test_07594,0.513882
test_07595,0.03
test_07596,0.03
test_07597,0.97
test_07598,0.03
test_07599,0.329846
test_07600,0.03
test_07601,0.03
test_07602,0.099127
test_07603,0.97
test_07604,0.052997
test_07605,0.03
test_07606,0.03
test_07607,0.03
test_07608,0.272823
test_07609,0.97
test_07610,0.03
test_07611,0.371505
test_07612,0.047237
test_07613,0.68518
test_07614,0.97
test_07615,0.91883
test_07616,0.97
test_07617,0.609668
test_07618,0.97
test_07619,0.03
test_07620,0.782951
test_07621,0.03
test_07622,0.03
test_07623,0.896377
test_07624,0.03
test_07625,0.03
test_07626,0.902866
test_07627,0.433951
test_07628,0.97
test_07629,0.032529
test_07630,0.97
test_07631,0.063377
test_07632,0.669387
test_07633,0.03
test_07634,0.97
test_07635,0.97
test_07636,0.03
test_07637,0.531255
test_07638,0.97
test_07639,0.605373
test_07640,0.03
test_07641,0.833112
test_07642,0.689357
test_07643,0.580808
test_07644,0.97
test_07645,0.03
test_07646,0.834177
test_07647,0.97
test_07648,0.03
test_07649,0.97
test_07650,0.898351
test_07651,0.128448
test_07652,0.767742
test_07653,0.97
test_07654,0.97
test_07655,0.078593
test_07656,0.04481
test_07657,0.97
test_07658,0.03
test_07659,0.950436
test_07660,0.040354
test_07661,0.97
test_07662,0.03
test_07663,0.03
test_07664,0.03
test_07665,0.03
test_07666,0.97
test_07667,0.03
test_07668,0.03
test_07669,0.953259
test_07670,0.03
test_07671,0.03
test_07672,0.03
test_07673,0.138813
test_07674,0.28067
test_07675,0.03
test_07676,0.03
test_07677,0.03
test_07678,0.638673
test_07679,0.193402
test_07680,0.930755
test_07681,0.03
test_07682,0.03
test_07683,0.97
test_07684,0.665313
test_07685,0.076222
test_07686,0.210627
test_07687,0.648054
test_07688,0.71738
test_07689,0.95248
test_07690,0.97
test_07691,0.03
test_07692,0.97
test_07693,0.941092
test_07694,0.237126
test_07695,0.494356
test_07696,0.089682
test_07697,0.97
test_07698,0.97
test_07699,0.073639
test_07700,0.802853
test_07701,0.03
test_07702,0.03
test_07703,0.97
test_07704,0.97
test_07705,0.194606
test_07706,0.510034
test_07707,0.03
test_07708,0.97
test_07709,0.97
test_07710,0.03
test_07711,0.960314
test_07712,0.03
test_07713,0.041346
test_07714,0.03
test_07715,0.97
test_07716,0.97
test_07717,0.03
test_07718,0.03
test_07719,0.03
test_07720,0.060275
test_07721,0.03
test_07722,0.03
test_07723,0.03
test_07724,0.97
test_07725,0.860415
test_07726,0.551242
test_07727,0.03
test_07728,0.06888
test_07729,0.97
test_07730,0.03
test_07731,0.03
test_07732,0.0847
test_07733,0.97
test_07734,0.03
test_07735,0.085487
test_07736,0.21693
test_07737,0.97
test_07738,0.311583
test_07739,0.914231
test_07740,0.140347
test_07741,0.238254
test_07742,0.924493
test_07743,0.97
test_07744,0.112125
test_07745,0.12031
test_07746,0.166931
test_07747,0.077651
test_07748,0.808135
test_07749,0.97
test_07750,0.945648
test_07751,0.86409
test_07752,0.03
test_07753,0.816262
test_07754,0.164814
test_07755,0.03
test_07756,0.808898
test_07757,0.040451
test_07758,0.56327
test_07759,0.849747
test_07760,0.03
test_07761,0.97
test_07762,0.89071
test_07763,0.97
test_07764,0.97
test_07765,0.259677
test_07766,0.97
test_07767,0.03
test_07768,0.918899
test_07769,0.03
test_07770,0.03
test_07771,0.97
test_07772,0.97
test_07773,0.97
test_07774,0.03
test_07775,0.03
test_07776,0.189789
test_07777,0.97
test_07778,0.955968
test_07779,0.854794
test_07780,0.97
test_07781,0.03
test_07782,0.236485
test_07783,0.03
test_07784,0.037034
test_07785,0.03
test_07786,0.321522
test_07787,0.97
test_07788,0.925477
test_07789,0.97
test_07790,0.062394
test_07791,0.245137
test_07792,0.053523
test_07793,0.03
test_07794,0.03
test_07795,0.950438
test_07796,0.03
test_07797,0.03
test_07798,0.97
test_07799,0.97
test_07800,0.783521
test_07801,0.03
test_07802,0.943002
test_07803,0.97
test_07804,0.97
test_07805,0.03
test_07806,0.148947
test_07807,0.03
test_07808,0.03
test_07809,0.03
test_07810,0.03
test_07811,0.838016
test_07812,0.072449
test_07813,0.97
test_07814,0.03
test_07815,0.03
test_07816,0.034618
test_07817,0.97
test_07818,0.03
test_07819,0.631533
test_07820,0.03
test_07821,0.963479
test_07822,0.294656
test_07823,0.874679
test_07824,0.97
test_07825,0.97
test_07826,0.140449
test_07827,0.958831
test_07828,0.03
test_07829,0.70951
test_07830,0.04209
test_07831,0.97
test_07832,0.423669
test_07833,0.063827
test_07834,0.953969
test_07835,0.941297
test_07836,0.381998
test_07837,0.03
test_07838,0.97
test_07839,0.936879
test_07840,0.681064
test_07841,0.03
test_07842,0.03
test_07843,0.03
test_07844,0.396053
test_07845,0.97
test_07846,0.03
test_07847,0.97
test_07848,0.03
test_07849,0.97
test_07850,0.97
test_07851,0.041902
test_07852,0.530844
test_07853,0.03
test_07854,0.79977
test_07855,0.03
test_07856,0.03
test_07857,0.03
test_07858,0.03
test_07859,0.69493
test_07860,0.03
test_07861,0.136353
test_07862,0.03
test_07863,0.84696
test_07864,0.047011
test_07865,0.110011
test_07866,0.826555
test_07867,0.03
test_07868,0.97
test_07869,0.27304
test_07870,0.889575
test_07871,0.97
test_07872,0.415414
test_07873,0.03
test_07874,0.03
test_07875,0.03
test_07876,0.037093
test_07877,0.03
test_07878,0.03
test_07879,0.03
test_07880,0.964496
test_07881,0.483945
test_07882,0.608823
test_07883,0.97
test_07884,0.879532
test_07885,0.948042
test_07886,0.03
test_07887,0.97
test_07888,0.03
test_07889,0.97
test_07890,0.33897
test_07891,0.941359
test_07892,0.960938
test_07893,0.97
test_07894,0.07485
test_07895,0.862294
test_07896,0.97
test_07897,0.03
test_07898,0.216597
test_07899,0.97
test_07900,0.97
test_07901,0.97
test_07902,0.03
test_07903,0.084729
test_07904,0.03
test_07905,0.932258
test_07906,0.476145
test_07907,0.178876
test_07908,0.157686
test_07909,0.802444
test_07910,0.107969
test_07911,0.97
test_07912,0.03
test_07913,0.189455
test_07914,0.03
test_07915,0.03
test_07916,0.97
test_07917,0.03
test_07918,0.03
test_07919,0.034115
test_07920,0.03
test_07921,0.97
test_07922,0.056139
test_07923,0.97
test_07924,0.03
test_07925,0.03
test_07926,0.349229
test_07927,0.97
test_07928,0.03
test_07929,0.03
test_07930,0.08115
test_07931,0.426096
test_07932,0.97
test_07933,0.97
test_07934,0.03
test_07935,0.074291
test_07936,0.041525
test_07937,0.03
test_07938,0.874935
test_07939,0.03
test_07940,0.422789
test_07941,0.45351
test_07942,0.03
test_07943,0.670767
test_07944,0.043954
test_07945,0.03
test_07946,0.03
test_07947,0.97
test_07948,0.360683
test_07949,0.97
test_07950,0.97
test_07951,0.03
test_07952,0.03
test_07953,0.03
test_07954,0.03
test_07955,0.03
test_07956,0.447271
test_07957,0.047699
test_07958,0.203482
test_07959,0.845106
test_07960,0.03
test_07961,0.951634
test_07962,0.093266
test_07963,0.97
test_07964,0.03
test_07965,0.03
test_07966,0.97
test_07967,0.97
test_07968,0.03
test_07969,0.03
test_07970,0.192815
test_07971,0.03
test_07972,0.97
test_07973,0.03
test_07974,0.37703
test_07975,0.03
test_07976,0.97
test_07977,0.03
test_07978,0.929252
test_07979,0.03
test_07980,0.97
test_07981,0.97
test_07982,0.05713
test_07983,0.03
test_07984,0.97
test_07985,0.97
test_07986,0.037796
test_07987,0.048544
test_07988,0.84779
test_07989,0.03
test_07990,0.97
test_07991,0.383707
test_07992,0.092158
test_07993,0.97
test_07994,0.204926
test_07995,0.97
test_07996,0.97
test_07997,0.726975
test_07998,0.956096
test_07999,0.97
test_08000,0.97
test_08001,0.03
test_08002,0.03
test_08003,0.97
test_08004,0.196527
test_08005,0.97
test_08006,0.738024
test_08007,0.03
test_08008,0.97
test_08009,0.03
test_08010,0.97
test_08011,0.926186
test_08012,0.97
test_08013,0.03
test_08014,0.236857
test_08015,0.03
test_08016,0.179422
test_08017,0.956767
test_08018,0.202064
test_08019,0.97
test_08020,0.97
test_08021,0.03
test_08022,0.145186
test_08023,0.03
test_08024,0.03
test_08025,0.911677
test_08026,0.966537
test_08027,0.97
test_08028,0.03
test_08029,0.431445
test_08030,0.594805
test_08031,0.716888
test_08032,0.97
test_08033,0.067819
test_08034,0.97
test_08035,0.03
test_08036,0.104738
test_08037,0.105996
test_08038,0.822161
test_08039,0.957099
test_08040,0.97
test_08041,0.97
test_08042,0.964283
test_08043,0.97
test_08044,0.03
test_08045,0.089397
test_08046,0.388405
test_08047,0.03
test_08048,0.380409
test_08049,0.97
test_08050,0.03
test_08051,0.391038
test_08052,0.97
test_08053,0.79561
test_08054,0.513638
test_08055,0.97
test_08056,0.969929
test_08057,0.03
test_08058,0.03
test_08059,0.03
test_08060,0.97
test_08061,0.957894
test_08062,0.910727
test_08063,0.519245
test_08064,0.689301
test_08065,0.97
test_08066,0.487599
test_08067,0.97
test_08068,0.833393
test_08069,0.562622
test_08070,0.03
test_08071,0.603511
test_08072,0.03
test_08073,0.225912
test_08074,0.853442
test_08075,0.054022
test_08076,0.03
test_08077,0.038462
test_08078,0.97
test_08079,0.03
test_08080,0.958071
test_08081,0.03
test_08082,0.03
test_08083,0.97
test_08084,0.03
test_08085,0.03
test_08086,0.03
test_08087,0.936302
test_08088,0.871777
test_08089,0.921677
test_08090,0.234498
test_08091,0.97
test_08092,0.622984
test_08093,0.954728
test_08094,0.037426
test_08095,0.606624
test_08096,0.03
test_08097,0.97
test_08098,0.032586
test_08099,0.103679
test_08100,0.97
test_08101,0.03
test_08102,0.03
test_08103,0.948302
test_08104,0.094113
test_08105,0.97
test_08106,0.97
test_08107,0.889652
test_08108,0.03
test_08109,0.872401
test_08110,0.97
test_08111,0.03
test_08112,0.97
test_08113,0.03
test_08114,0.03
test_08115,0.03
test_08116,0.97
test_08117,0.03
test_08118,0.165767
test_08119,0.217868
test_08120,0.079213
test_08121,0.435431
test_08122,0.932378
test_08123,0.036148
test_08124,0.135514
test_08125,0.08605
test_08126,0.947866
test_08127,0.03
test_08128,0.937307
test_08129,0.03
test_08130,0.049809
test_08131,0.97
test_08132,0.03
test_08133,0.03
test_08134,0.567618
test_08135,0.241788
test_08136,0.755404
test_08137,0.03
test_08138,0.03
test_08139,0.97
test_08140,0.97
test_08141,0.799805
test_08142,0.97
test_08143,0.847188
test_08144,0.957822
test_08145,0.03
test_08146,0.435597
test_08147,0.051939
test_08148,0.321774
test_08149,0.03
test_08150,0.802733
test_08151,0.946931
test_08152,0.454599
test_08153,0.03
test_08154,0.367796
test_08155,0.03
test_08156,0.03
test_08157,0.03
test_08158,0.45495
test_08159,0.86798
test_08160,0.97
test_08161,0.861228
test_08162,0.03
test_08163,0.903089
test_08164,0.03
test_08165,0.705587
test_08166,0.611086
test_08167,0.03
test_08168,0.97
test_08169,0.425887
test_08170,0.03
test_08171,0.97
test_08172,0.886546
test_08173,0.03
test_08174,0.188138
test_08175,0.782053
test_08176,0.955107
test_08177,0.97
test_08178,0.97
test_08179,0.97
test_08180,0.904816
test_08181,0.140028
test_08182,0.432317
test_08183,0.97
test_08184,0.97
test_08185,0.969196
test_08186,0.946537
test_08187,0.880863
test_08188,0.03
test_08189,0.03
test_08190,0.06525
test_08191,0.177144
test_08192,0.053379
test_08193,0.2872
test_08194,0.794622
test_08195,0.03
test_08196,0.03
test_08197,0.97
test_08198,0.96896
test_08199,0.032137
test_08200,0.97
test_08201,0.03
test_08202,0.179058
test_08203,0.889
test_08204,0.867358
test_08205,0.418541
test_08206,0.420866
test_08207,0.97
test_08208,0.03
test_08209,0.118765
test_08210,0.350343
test_08211,0.03
test_08212,0.97
test_08213,0.97
test_08214,0.03
test_08215,0.03
test_08216,0.111386
test_08217,0.97
test_08218,0.936539
test_08219,0.099241
test_08220,0.03
test_08221,0.058343
test_08222,0.97
test_08223,0.046483
test_08224,0.03
test_08225,0.03
test_08226,0.262335
test_08227,0.97
test_08228,0.966148
test_08229,0.03
test_08230,0.107528
test_08231,0.03
test_08232,0.03
test_08233,0.03
test_08234,0.03
test_08235,0.03
test_08236,0.081542
test_08237,0.97
test_08238,0.97
test_08239,0.97
test_08240,0.966965
test_08241,0.893263
test_08242,0.97
test_08243,0.03
test_08244,0.97
test_08245,0.863818
test_08246,0.910721
test_08247,0.03
test_08248,0.714965
test_08249,0.903718
test_08250,0.668864
test_08251,0.876657
test_08252,0.904556
test_08253,0.03
test_08254,0.155669
test_08255,0.03
test_08256,0.03
test_08257,0.580322
test_08258,0.234747
test_08259,0.97
test_08260,0.807438
test_08261,0.97
test_08262,0.97
test_08263,0.97
test_08264,0.97
test_08265,0.97
test_08266,0.97
test_08267,0.877085
test_08268,0.183649
test_08269,0.97
test_08270,0.039654
test_08271,0.737908
test_08272,0.957249
test_08273,0.97
test_08274,0.97
test_08275,0.97
test_08276,0.97
test_08277,0.040175
test_08278,0.03
test_08279,0.344429
test_08280,0.03
test_08281,0.705831
test_08282,0.97
test_08283,0.97
test_08284,0.932798
test_08285,0.224007
test_08286,0.898984
test_08287,0.189873
test_08288,0.03
test_08289,0.049757
test_08290,0.03
test_08291,0.177406
test_08292,0.054004
test_08293,0.050932
test_08294,0.09028
test_08295,0.97
test_08296,0.97
test_08297,0.97
test_08298,0.178489
test_08299,0.03
test_08300,0.101921
test_08301,0.97
test_08302,0.93221
test_08303,0.155249
test_08304,0.97
test_08305,0.22419
test_08306,0.03
test_08307,0.510667
test_08308,0.950539
test_08309,0.03
test_08310,0.97
test_08311,0.05439
test_08312,0.892492
test_08313,0.64994
test_08314,0.03
test_08315,0.97
test_08316,0.863389
test_08317,0.895404
test_08318,0.03
test_08319,0.97
test_08320,0.738221
test_08321,0.908942
test_08322,0.97
test_08323,0.97
test_08324,0.461245
test_08325,0.97
test_08326,0.03
test_08327,0.475678
test_08328,0.03
test_08329,0.97
test_08330,0.158427
test_08331,0.881937
test_08332,0.03
test_08333,0.260774
test_08334,0.97
test_08335,0.941677
test_08336,0.046706
test_08337,0.03
test_08338,0.97
test_08339,0.03
test_08340,0.03
test_08341,0.97
test_08342,0.03
test_08343,0.958286
test_08344,0.81072
test_08345,0.97
test_08346,0.264159
test_08347,0.03
test_08348,0.97
test_08349,0.03
test_08350,0.96566
test_08351,0.97
test_08352,0.03
test_08353,0.97
test_08354,0.03
test_08355,0.119115
test_08356,0.408851
test_08357,0.03
test_08358,0.925675
test_08359,0.97
test_08360,0.97
test_08361,0.97
test_08362,0.03
test_08363,0.875298
test_08364,0.087597
test_08365,0.030841
test_08366,0.696378
test_08367,0.873523
test_08368,0.961642
test_08369,0.03
test_08370,0.834289
test_08371,0.03
test_08372,0.03
test_08373,0.97
test_08374,0.97
test_08375,0.03
test_08376,0.97
test_08377,0.760334
test_08378,0.593218
test_08379,0.97
test_08380,0.97
test_08381,0.421116
test_08382,0.943082
test_08383,0.217287
test_08384,0.03
test_08385,0.03
test_08386,0.03
test_08387,0.03
test_08388,0.03
test_08389,0.871766
test_08390,0.03
test_08391,0.824492
test_08392,0.20974
test_08393,0.97
test_08394,0.03
test_08395,0.03
test_08396,0.368195
test_08397,0.03
test_08398,0.97
test_08399,0.03
test_08400,0.03
test_08401,0.298825
test_08402,0.666486
test_08403,0.479679
test_08404,0.958279
test_08405,0.03
test_08406,0.193635
test_08407,0.915705
test_08408,0.97
test_08409,0.076107
test_08410,0.68081
test_08411,0.97
test_08412,0.97
test_08413,0.03
test_08414,0.409988
test_08415,0.355591
test_08416,0.97
test_08417,0.97
test_08418,0.97
test_08419,0.03
test_08420,0.040152
test_08421,0.199968
test_08422,0.97
test_08423,0.97
test_08424,0.042344
test_08425,0.040653
test_08426,0.086991
test_08427,0.97
test_08428,0.97
test_08429,0.101663
test_08430,0.876466
test_08431,0.03
test_08432,0.319935
test_08433,0.923221
test_08434,0.280609
test_08435,0.03
test_08436,0.97
test_08437,0.03
test_08438,0.97
test_08439,0.834772
test_08440,0.966603
test_08441,0.939841
test_08442,0.97
test_08443,0.03
test_08444,0.03
test_08445,0.97
test_08446,0.891933
test_08447,0.217394
test_08448,0.151204
test_08449,0.97
test_08450,0.81119
test_08451,0.06118
test_08452,0.851024
test_08453,0.048618
test_08454,0.337781
test_08455,0.03
test_08456,0.97
test_08457,0.97
test_08458,0.205988
test_08459,0.937137
test_08460,0.97
test_08461,0.03
test_08462,0.03
test_08463,0.97
test_08464,0.636617
test_08465,0.97
test_08466,0.03
test_08467,0.637017
test_08468,0.97
test_08469,0.03
test_08470,0.03
test_08471,0.03
test_08472,0.857978
test_08473,0.773902
test_08474,0.97
test_08475,0.03
test_08476,0.877824
test_08477,0.97
test_08478,0.459822
test_08479,0.03
test_08480,0.096165
test_08481,0.669717
test_08482,0.97
test_08483,0.97
test_08484,0.97
test_08485,0.37562
test_08486,0.72347
test_08487,0.03
test_08488,0.167506
test_08489,0.525005
test_08490,0.297033
test_08491,0.944525
test_08492,0.97
test_08493,0.851426
test_08494,0.511062
test_08495,0.254159
test_08496,0.03
test_08497,0.97
test_08498,0.03
test_08499,0.964352
test_08500,0.760376
test_08501,0.08419
test_08502,0.969214
test_08503,0.08662
test_08504,0.258841
test_08505,0.03
test_08506,0.639115
test_08507,0.03
test_08508,0.97
test_08509,0.275716
test_08510,0.909031
test_08511,0.11749
test_08512,0.953809
test_08513,0.97
test_08514,0.033282
test_08515,0.97
test_08516,0.97
test_08517,0.924165
test_08518,0.386244
test_08519,0.955857
test_08520,0.03
test_08521,0.03
test_08522,0.03
test_08523,0.03
test_08524,0.03
test_08525,0.97
test_08526,0.03
test_08527,0.03
test_08528,0.03
test_08529,0.385486
test_08530,0.045022
test_08531,0.97
test_08532,0.309257
test_08533,0.97
test_08534,0.030978
test_08535,0.946491
test_08536,0.03
test_08537,0.890246
test_08538,0.049904
test_08539,0.97
test_08540,0.97
test_08541,0.03
test_08542,0.97
test_08543,0.03
test_08544,0.838996
test_08545,0.057273
test_08546,0.586773
test_08547,0.97
test_08548,0.03
test_08549,0.03
test_08550,0.466138
test_08551,0.97
test_08552,0.97
test_08553,0.04177
test_08554,0.03
test_08555,0.93998
test_08556,0.03
test_08557,0.417928
test_08558,0.034984
test_08559,0.97
test_08560,0.963846
test_08561,0.97
test_08562,0.315087
test_08563,0.03
test_08564,0.03
test_08565,0.97
test_08566,0.752939
test_08567,0.03
test_08568,0.927894
test_08569,0.03
test_08570,0.374104
test_08571,0.032941
test_08572,0.921595
test_08573,0.464183
test_08574,0.03
test_08575,0.632434
test_08576,0.03
test_08577,0.397528
test_08578,0.03
test_08579,0.212057
test_08580,0.97
test_08581,0.954097
test_08582,0.794296
test_08583,0.039846
test_08584,0.265264
test_08585,0.032362
test_08586,0.97
test_08587,0.03
test_08588,0.760394
test_08589,0.53137
test_08590,0.97
test_08591,0.03
test_08592,0.97
test_08593,0.03
test_08594,0.154294
test_08595,0.852187
test_08596,0.773287
test_08597,0.97
test_08598,0.615235
test_08599,0.03
test_08600,0.97
test_08601,0.97
test_08602,0.772882
test_08603,0.97
test_08604,0.97
test_08605,0.040503
test_08606,0.97
test_08607,0.97
test_08608,0.97
test_08609,0.031288
test_08610,0.093543
test_08611,0.03
test_08612,0.9683
test_08613,0.961431
test_08614,0.918348
test_08615,0.176637
test_08616,0.97
test_08617,0.03
test_08618,0.03
test_08619,0.97
test_08620,0.97
test_08621,0.97
test_08622,0.837484
test_08623,0.03
test_08624,0.97
test_08625,0.965226
test_08626,0.1758
test_08627,0.03
test_08628,0.97
test_08629,0.03
test_08630,0.97
test_08631,0.07554
test_08632,0.03
test_08633,0.90231
test_08634,0.672714
test_08635,0.289594
test_08636,0.03
test_08637,0.97
test_08638,0.97
test_08639,0.180055
test_08640,0.03
test_08641,0.965094
test_08642,0.97
test_08643,0.050618
test_08644,0.964186
test_08645,0.03
test_08646,0.03
test_08647,0.405937
test_08648,0.03
test_08649,0.97
test_08650,0.97
test_08651,0.686126
test_08652,0.734412
test_08653,0.97
test_08654,0.03
test_08655,0.09424
test_08656,0.384078
test_08657,0.97
test_08658,0.97
test_08659,0.948989
test_08660,0.394814
test_08661,0.174373
test_08662,0.891976
test_08663,0.03
test_08664,0.043222
test_08665,0.79212
test_08666,0.94114
test_08667,0.97
test_08668,0.922138
test_08669,0.97
test_08670,0.152954
test_08671,0.97
test_08672,0.97
test_08673,0.97
test_08674,0.97
test_08675,0.040068
test_08676,0.354353
test_08677,0.69004
test_08678,0.03
test_08679,0.045439
test_08680,0.97
test_08681,0.03
test_08682,0.038307
test_08683,0.425433
test_08684,0.521566
test_08685,0.97
test_08686,0.97
test_08687,0.633722
test_08688,0.97
test_08689,0.97
test_08690,0.670062
test_08691,0.97
test_08692,0.97
test_08693,0.03
test_08694,0.03
test_08695,0.790403
test_08696,0.03
test_08697,0.03
test_08698,0.959573
test_08699,0.857312
test_08700,0.97
test_08701,0.97
test_08702,0.03
test_08703,0.289559
test_08704,0.03
test_08705,0.802975
test_08706,0.03
test_08707,0.97
test_08708,0.500001
test_08709,0.97
test_08710,0.03
test_08711,0.97
test_08712,0.03
test_08713,0.97
test_08714,0.944747
test_08715,0.03
test_08716,0.97
test_08717,0.883888
test_08718,0.03
test_08719,0.954355
test_08720,0.825732
test_08721,0.952556
test_08722,0.910229
test_08723,0.301292
test_08724,0.03
test_08725,0.97
test_08726,0.892878
test_08727,0.849641
test_08728,0.03
test_08729,0.329753
test_08730,0.297328
test_08731,0.97
test_08732,0.902112
test_08733,0.03
test_08734,0.34633
test_08735,0.03
test_08736,0.914968
test_08737,0.03
test_08738,0.580681
test_08739,0.03
test_08740,0.03
test_08741,0.97
test_08742,0.959129
test_08743,0.056417
test_08744,0.529356
test_08745,0.97
test_08746,0.158499
test_08747,0.97
test_08748,0.03
test_08749,0.03
test_08750,0.832114
test_08751,0.03
test_08752,0.03
test_08753,0.846575
test_08754,0.03
test_08755,0.86169
test_08756,0.568562
test_08757,0.97
test_08758,0.038595
test_08759,0.03
test_08760,0.03
test_08761,0.03
test_08762,0.672093
test_08763,0.846014
test_08764,0.904067
test_08765,0.03
test_08766,0.97
test_08767,0.03
test_08768,0.97
test_08769,0.03
test_08770,0.272148
test_08771,0.03
test_08772,0.03
test_08773,0.03
test_08774,0.03
test_08775,0.962802
test_08776,0.97
test_08777,0.03
test_08778,0.422845
test_08779,0.08595
test_08780,0.03
test_08781,0.580938
test_08782,0.054488
test_08783,0.97
test_08784,0.846198
test_08785,0.628056
test_08786,0.120299
test_08787,0.03
test_08788,0.793571
test_08789,0.362595
test_08790,0.03
test_08791,0.03
test_08792,0.03
test_08793,0.03
test_08794,0.03
test_08795,0.928244
test_08796,0.97
test_08797,0.661597
test_08798,0.97
test_08799,0.97
test_08800,0.81968
test_08801,0.97
test_08802,0.868618
test_08803,0.97
test_08804,0.03
test_08805,0.97
test_08806,0.97
test_08807,0.030166
test_08808,0.97
test_08809,0.97
test_08810,0.06081
test_08811,0.97
test_08812,0.282455
test_08813,0.97
test_08814,0.925645
test_08815,0.03
test_08816,0.03
test_08817,0.97
test_08818,0.733465
test_08819,0.968628
test_08820,0.97
test_08821,0.881126
test_08822,0.97
test_08823,0.560496
test_08824,0.03
test_08825,0.97
test_08826,0.03
test_08827,0.97
test_08828,0.946927
test_08829,0.049656
test_08830,0.865303
test_08831,0.962453
test_08832,0.03
test_08833,0.97
test_08834,0.97
test_08835,0.4792
test_08836,0.067221
test_08837,0.82242
test_08838,0.97
test_08839,0.97
test_08840,0.896579
test_08841,0.97
test_08842,0.03
test_08843,0.97
test_08844,0.03
test_08845,0.03
test_08846,0.837582
test_08847,0.932525
test_08848,0.04493
test_08849,0.03
test_08850,0.97
test_08851,0.03
test_08852,0.595755
test_08853,0.82332
test_08854,0.190918
test_08855,0.204693
test_08856,0.961143
test_08857,0.913136
test_08858,0.97
test_08859,0.071817
test_08860,0.44884
test_08861,0.97
test_08862,0.03
test_08863,0.348246
test_08864,0.044108
test_08865,0.03
test_08866,0.810512
test_08867,0.95251
test_08868,0.240979
test_08869,0.038008
test_08870,0.919753
test_08871,0.97
test_08872,0.071918
test_08873,0.959502
test_08874,0.03
test_08875,0.97
test_08876,0.97
test_08877,0.672948
test_08878,0.303014
test_08879,0.803436
test_08880,0.97
test_08881,0.97
test_08882,0.965742
test_08883,0.25899
test_08884,0.963183
test_08885,0.03
test_08886,0.03
test_08887,0.03
test_08888,0.03
test_08889,0.97
test_08890,0.97
test_08891,0.756927
test_08892,0.243004
test_08893,0.03
test_08894,0.97
test_08895,0.03
test_08896,0.97
test_08897,0.03
test_08898,0.062713
test_08899,0.03
test_08900,0.97
test_08901,0.97
test_08902,0.849027
test_08903,0.541777
test_08904,0.956224
test_08905,0.97
test_08906,0.97
test_08907,0.565102
test_08908,0.940445
test_08909,0.057686
test_08910,0.03
test_08911,0.97
test_08912,0.03
test_08913,0.03
test_08914,0.03
test_08915,0.084238
test_08916,0.946312
test_08917,0.03
test_08918,0.97
test_08919,0.707793
test_08920,0.03
test_08921,0.274869
test_08922,0.03
test_08923,0.814264
test_08924,0.97
test_08925,0.933278
test_08926,0.03
test_08927,0.03
test_08928,0.03
test_08929,0.97
test_08930,0.97
test_08931,0.612436
test_08932,0.110196
test_08933,0.101362
test_08934,0.886035
test_08935,0.97
test_08936,0.235416
test_08937,0.379848
test_08938,0.03
test_08939,0.03
test_08940,0.227588
test_08941,0.061091
test_08942,0.546835
test_08943,0.97
test_08944,0.97
test_08945,0.97
test_08946,0.079279
test_08947,0.399306
test_08948,0.97
test_08949,0.218992
test_08950,0.03
test_08951,0.97
test_08952,0.916121
test_08953,0.97
test_08954,0.97
test_08955,0.97
test_08956,0.893508
test_08957,0.03
test_08958,0.03
test_08959,0.050039
test_08960,0.03
test_08961,0.03
test_08962,0.03
test_08963,0.144754
test_08964,0.03
test_08965,0.03
test_08966,0.97
test_08967,0.03
test_08968,0.853596
test_08969,0.13848
test_08970,0.97
test_08971,0.03
test_08972,0.03
test_08973,0.962606
test_08974,0.363979
test_08975,0.083834
test_08976,0.054613
test_08977,0.97
test_08978,0.888061
test_08979,0.97
test_08980,0.929399
test_08981,0.97
test_08982,0.767182
test_08983,0.97
test_08984,0.842554
test_08985,0.03
test_08986,0.97
test_08987,0.03
test_08988,0.03
test_08989,0.813432
test_08990,0.03
test_08991,0.03
test_08992,0.03
test_08993,0.318468
test_08994,0.97
test_08995,0.03
test_08996,0.97
test_08997,0.35782
test_08998,0.97
test_08999,0.509863
test_09000,0.97
test_09001,0.97
test_09002,0.590654
test_09003,0.886919
test_09004,0.031308
test_09005,0.567369
test_09006,0.151924
test_09007,0.896245
test_09008,0.75457
test_09009,0.922422
test_09010,0.655402
test_09011,0.03
test_09012,0.97
test_09013,0.97
test_09014,0.03
test_09015,0.297009
test_09016,0.968235
test_09017,0.97
test_09018,0.97
test_09019,0.97
test_09020,0.03
test_09021,0.596231
test_09022,0.97
test_09023,0.122159
test_09024,0.97
test_09025,0.97
test_09026,0.96997
test_09027,0.545627
test_09028,0.03
test_09029,0.166979
test_09030,0.97
test_09031,0.37461
test_09032,0.97
test_09033,0.724497
test_09034,0.03
test_09035,0.03
test_09036,0.03
test_09037,0.03
test_09038,0.03
test_09039,0.03
test_09040,0.865276
test_09041,0.03
test_09042,0.923135
test_09043,0.835259
test_09044,0.235577
test_09045,0.03
test_09046,0.97
test_09047,0.043781
test_09048,0.03409
test_09049,0.97
test_09050,0.036831
test_09051,0.370089
test_09052,0.97
test_09053,0.97
test_09054,0.408802
test_09055,0.185825
test_09056,0.756864
test_09057,0.03
test_09058,0.725449
test_09059,0.03
test_09060,0.97
test_09061,0.03
test_09062,0.8419
test_09063,0.97
test_09064,0.487878
test_09065,0.97
test_09066,0.719337
test_09067,0.97
test_09068,0.426551
test_09069,0.03
test_09070,0.03
test_09071,0.951352
test_09072,0.97
test_09073,0.97
test_09074,0.97
test_09075,0.431447
test_09076,0.03
test_09077,0.968849
test_09078,0.97
test_09079,0.640132
test_09080,0.97
test_09081,0.59758
test_09082,0.818758
test_09083,0.97
test_09084,0.094849
test_09085,0.754246
test_09086,0.97
test_09087,0.03
test_09088,0.03
test_09089,0.97
test_09090,0.898277
test_09091,0.03
test_09092,0.03
test_09093,0.034448
test_09094,0.594527
test_09095,0.889313
test_09096,0.03
test_09097,0.03
test_09098,0.961324
test_09099,0.280328
test_09100,0.042999
test_09101,0.97
test_09102,0.03
test_09103,0.03
test_09104,0.97
test_09105,0.97
test_09106,0.97
test_09107,0.03
test_09108,0.97
test_09109,0.03
test_09110,0.922725
test_09111,0.97
test_09112,0.732906
test_09113,0.97
test_09114,0.03
test_09115,0.03
test_09116,0.840028
test_09117,0.03
test_09118,0.97
test_09119,0.03
test_09120,0.969962
test_09121,0.97
test_09122,0.97
test_09123,0.03
test_09124,0.97
test_09125,0.97
test_09126,0.03
test_09127,0.394329
test_09128,0.53898
test_09129,0.03
test_09130,0.03
test_09131,0.03
test_09132,0.03
test_09133,0.150578
test_09134,0.193557
test_09135,0.97
test_09136,0.97
test_09137,0.906864
test_09138,0.209371
test_09139,0.210844
test_09140,0.97
test_09141,0.050134
test_09142,0.03
test_09143,0.150953
test_09144,0.932896
test_09145,0.97
test_09146,0.03
test_09147,0.31345
test_09148,0.03
test_09149,0.098681
test_09150,0.03
test_09151,0.111663
test_09152,0.059704
test_09153,0.264387
test_09154,0.86228
test_09155,0.575235
test_09156,0.738192
test_09157,0.03
test_09158,0.536001
test_09159,0.087751
test_09160,0.68398
test_09161,0.97
test_09162,0.03
test_09163,0.97
test_09164,0.075833
test_09165,0.03
test_09166,0.599711
test_09167,0.03
test_09168,0.97
test_09169,0.97
test_09170,0.774579
test_09171,0.744081
test_09172,0.97
test_09173,0.97
test_09174,0.387466
test_09175,0.03
test_09176,0.03
test_09177,0.97
test_09178,0.924861
test_09179,0.03
test_09180,0.38243
test_09181,0.03
test_09182,0.97
test_09183,0.03
test_09184,0.03
test_09185,0.925113
test_09186,0.230742
test_09187,0.97
test_09188,0.530025
test_09189,0.033782
test_09190,0.315166
test_09191,0.596847
test_09192,0.03
test_09193,0.97
test_09194,0.03
test_09195,0.942195
test_09196,0.97
test_09197,0.064877
test_09198,0.03
test_09199,0.912579
test_09200,0.03
test_09201,0.03
test_09202,0.669284
test_09203,0.97
test_09204,0.125352
test_09205,0.512928
test_09206,0.689669
test_09207,0.03
test_09208,0.726894
test_09209,0.03
test_09210,0.750253
test_09211,0.532827
test_09212,0.03
test_09213,0.97
test_09214,0.954326
test_09215,0.423088
test_09216,0.03
test_09217,0.088658
test_09218,0.97
test_09219,0.97
test_09220,0.97
test_09221,0.120379
test_09222,0.03
test_09223,0.65214
test_09224,0.97
test_09225,0.97
test_09226,0.97
test_09227,0.03
test_09228,0.095041
test_09229,0.03
test_09230,0.749356
test_09231,0.566573
test_09232,0.03
test_09233,0.03
test_09234,0.542947
test_09235,0.03
test_09236,0.03
test_09237,0.931367
test_09238,0.97
test_09239,0.667262
test_09240,0.03
test_09241,0.03
test_09242,0.647124
test_09243,0.03
test_09244,0.710327
test_09245,0.97
test_09246,0.97
test_09247,0.084702
test_09248,0.97
test_09249,0.97
test_09250,0.03
test_09251,0.03
test_09252,0.03
test_09253,0.97
test_09254,0.055851
test_09255,0.97
test_09256,0.97
test_09257,0.03
test_09258,0.279993
test_09259,0.97
test_09260,0.03
test_09261,0.03
test_09262,0.97
test_09263,0.087606
test_09264,0.03
test_09265,0.144219
test_09266,0.914866
test_09267,0.97
test_09268,0.608029
test_09269,0.03
test_09270,0.03
test_09271,0.97
test_09272,0.97
test_09273,0.97
test_09274,0.717464
test_09275,0.03
test_09276,0.704519
test_09277,0.968406
test_09278,0.95115
test_09279,0.03
test_09280,0.03
test_09281,0.060341
test_09282,0.629148
test_09283,0.03
test_09284,0.97
test_09285,0.056487
test_09286,0.97
test_09287,0.892842
test_09288,0.093158
test_09289,0.97
test_09290,0.03
test_09291,0.97
test_09292,0.97
test_09293,0.03
test_09294,0.89974
test_09295,0.03
test_09296,0.03
test_09297,0.10363
test_09298,0.043315
test_09299,0.03
test_09300,0.03
test_09301,0.03
test_09302,0.150554
test_09303,0.03
test_09304,0.032949
test_09305,0.636888
test_09306,0.03
test_09307,0.887776
test_09308,0.03
test_09309,0.97
test_09310,0.97
test_09311,0.686168
test_09312,0.464695
test_09313,0.573323
test_09314,0.03
test_09315,0.088083
test_09316,0.064022
test_09317,0.97
test_09318,0.862792
test_09319,0.97
test_09320,0.225645
test_09321,0.337885
test_09322,0.856171
test_09323,0.97
test_09324,0.97
test_09325,0.97
test_09326,0.892634
test_09327,0.295432
test_09328,0.041699
test_09329,0.61951
test_09330,0.03
test_09331,0.97
test_09332,0.03
test_09333,0.241308
test_09334,0.97
test_09335,0.151494
test_09336,0.03
test_09337,0.546933
test_09338,0.051123
test_09339,0.06589
test_09340,0.268374
test_09341,0.03
test_09342,0.098311
test_09343,0.03
test_09344,0.97
test_09345,0.97
test_09346,0.874912
test_09347,0.03
test_09348,0.97
test_09349,0.03
test_09350,0.97
test_09351,0.97
test_09352,0.03
test_09353,0.03
test_09354,0.97
test_09355,0.97
test_09356,0.97
test_09357,0.822551
test_09358,0.03
test_09359,0.03
test_09360,0.743364
test_09361,0.97
test_09362,0.03
test_09363,0.326566
test_09364,0.03
test_09365,0.03
test_09366,0.97
test_09367,0.792691
test_09368,0.03
test_09369,0.03
test_09370,0.03
test_09371,0.03
test_09372,0.97
test_09373,0.03
test_09374,0.952624
test_09375,0.03
test_09376,0.122608
test_09377,0.457517
test_09378,0.514164
test_09379,0.97
test_09380,0.438922
test_09381,0.97
test_09382,0.97
test_09383,0.155014
test_09384,0.03
test_09385,0.97
test_09386,0.958479
test_09387,0.97
test_09388,0.536278
test_09389,0.331969
test_09390,0.97
test_09391,0.571622
test_09392,0.03
test_09393,0.678114
test_09394,0.867042
test_09395,0.070498
test_09396,0.97
test_09397,0.047032
test_09398,0.97
test_09399,0.035015
test_09400,0.550164
test_09401,0.03
test_09402,0.03
test_09403,0.124653
test_09404,0.97
test_09405,0.063241
test_09406,0.97
test_09407,0.049061
test_09408,0.168251
test_09409,0.738768
test_09410,0.97
test_09411,0.97
test_09412,0.949551
test_09413,0.948104
test_09414,0.03
test_09415,0.97
test_09416,0.97
test_09417,0.140505
test_09418,0.97
test_09419,0.03
test_09420,0.97
test_09421,0.03
test_09422,0.058624
test_09423,0.03
test_09424,0.944434
test_09425,0.03
test_09426,0.064474
test_09427,0.03
test_09428,0.30429
test_09429,0.97
test_09430,0.97
test_09431,0.932106
test_09432,0.03
test_09433,0.767579
test_09434,0.97
test_09435,0.944089
test_09436,0.554231
test_09437,0.03
test_09438,0.97
test_09439,0.075709
test_09440,0.97
test_09441,0.03
test_09442,0.03
test_09443,0.97
test_09444,0.625897
test_09445,0.204014
test_09446,0.65993
test_09447,0.222819
test_09448,0.930617
test_09449,0.526425
test_09450,0.97
test_09451,0.03
test_09452,0.97
test_09453,0.97
test_09454,0.432092
test_09455,0.97
test_09456,0.97
test_09457,0.070362
test_09458,0.055309
test_09459,0.97
test_09460,0.8899
test_09461,0.673327
test_09462,0.46745
test_09463,0.03
test_09464,0.256358
test_09465,0.97
test_09466,0.03
test_09467,0.97
test_09468,0.287634
test_09469,0.684798
test_09470,0.910083
test_09471,0.060012
test_09472,0.97
test_09473,0.03
test_09474,0.137263
test_09475,0.97
test_09476,0.497543
test_09477,0.871249
test_09478,0.03
test_09479,0.893346
test_09480,0.03
test_09481,0.03
test_09482,0.03
test_09483,0.97
test_09484,0.03
test_09485,0.03
test_09486,0.791573
test_09487,0.97
test_09488,0.03
test_09489,0.97
test_09490,0.086206
test_09491,0.424905
test_09492,0.97
test_09493,0.03
test_09494,0.790154
test_09495,0.03
test_09496,0.03
test_09497,0.03
test_09498,0.97
test_09499,0.240078
test_09500,0.97
test_09501,0.97
test_09502,0.03
test_09503,0.97
test_09504,0.041393
test_09505,0.97
test_09506,0.587677
test_09507,0.97
test_09508,0.97
test_09509,0.136704
test_09510,0.590708
test_09511,0.03
test_09512,0.03
test_09513,0.03
test_09514,0.97
test_09515,0.03
test_09516,0.97
test_09517,0.97
test_09518,0.03
test_09519,0.97
test_09520,0.917504
test_09521,0.97
test_09522,0.182788
test_09523,0.03
test_09524,0.697852
test_09525,0.97
test_09526,0.97
test_09527,0.602395
test_09528,0.03
test_09529,0.97
test_09530,0.37968
test_09531,0.511281
test_09532,0.12821
test_09533,0.602329
test_09534,0.97
test_09535,0.97
test_09536,0.03
test_09537,0.966246
test_09538,0.03
test_09539,0.577716
test_09540,0.462623
test_09541,0.065919
test_09542,0.03
test_09543,0.97
test_09544,0.425034
test_09545,0.967686
test_09546,0.03
test_09547,0.03
test_09548,0.03
test_09549,0.97
test_09550,0.03
test_09551,0.03
test_09552,0.349431
test_09553,0.03
test_09554,0.129434
test_09555,0.03
test_09556,0.03
test_09557,0.03
test_09558,0.475267
test_09559,0.97
test_09560,0.234481
test_09561,0.03
test_09562,0.6837
test_09563,0.072306
test_09564,0.97
test_09565,0.97
test_09566,0.03
test_09567,0.837628
test_09568,0.97
test_09569,0.03
test_09570,0.03
test_09571,0.03
test_09572,0.373127
test_09573,0.75292
test_09574,0.97
test_09575,0.851083
test_09576,0.050538
test_09577,0.03
test_09578,0.03
test_09579,0.709004
test_09580,0.241225
test_09581,0.488195
test_09582,0.97
test_09583,0.03
test_09584,0.952288
test_09585,0.046501
test_09586,0.958138
test_09587,0.03
test_09588,0.97
test_09589,0.97
test_09590,0.97
test_09591,0.97
test_09592,0.125603
test_09593,0.064755
test_09594,0.97
test_09595,0.058194
test_09596,0.97
test_09597,0.171612
test_09598,0.940522
test_09599,0.03
test_09600,0.03
test_09601,0.97
test_09602,0.387687
test_09603,0.03
test_09604,0.0384
test_09605,0.890359
test_09606,0.88056
test_09607,0.437416
test_09608,0.785156
test_09609,0.97
test_09610,0.97
test_09611,0.32691
test_09612,0.97
test_09613,0.874281
test_09614,0.030184
test_09615,0.044709
test_09616,0.03
test_09617,0.791792
test_09618,0.553405
test_09619,0.03
test_09620,0.877925
test_09621,0.97
test_09622,0.03
test_09623,0.97
test_09624,0.79271
test_09625,0.883014
test_09626,0.749188
test_09627,0.078382
test_09628,0.043154
test_09629,0.67827
test_09630,0.97
test_09631,0.03
test_09632,0.03
test_09633,0.951886
test_09634,0.97
test_09635,0.95008
test_09636,0.03
test_09637,0.766812
test_09638,0.670241
test_09639,0.97
test_09640,0.282911
test_09641,0.03
test_09642,0.97
test_09643,0.97
test_09644,0.03
test_09645,0.03
test_09646,0.03
test_09647,0.97
test_09648,0.422825
test_09649,0.03
test_09650,0.03
test_09651,0.904232
test_09652,0.956074
test_09653,0.899555
test_09654,0.03
test_09655,0.97
test_09656,0.97
test_09657,0.03
test_09658,0.041458
test_09659,0.97
test_09660,0.623609
test_09661,0.97
test_09662,0.03
test_09663,0.97
test_09664,0.807381
test_09665,0.29926
test_09666,0.97
test_09667,0.03
test_09668,0.03
test_09669,0.836196
test_09670,0.03
test_09671,0.03
test_09672,0.420265
test_09673,0.03
test_09674,0.099064
test_09675,0.03
test_09676,0.97
test_09677,0.448709
test_09678,0.97
test_09679,0.040999
test_09680,0.964341
test_09681,0.286528
test_09682,0.03
test_09683,0.03
test_09684,0.969712
test_09685,0.293438
test_09686,0.03
test_09687,0.03
test_09688,0.576495
test_09689,0.97
test_09690,0.97
test_09691,0.953418
test_09692,0.70627
test_09693,0.577344
test_09694,0.97
test_09695,0.03
test_09696,0.091123
test_09697,0.902294
test_09698,0.97
test_09699,0.248217
test_09700,0.587434
test_09701,0.040424
test_09702,0.589496
test_09703,0.97
test_09704,0.91171
test_09705,0.97
test_09706,0.960258
test_09707,0.97
test_09708,0.879726
test_09709,0.97
test_09710,0.113361
test_09711,0.03
test_09712,0.03
test_09713,0.97
test_09714,0.66644
test_09715,0.11157
test_09716,0.220501
test_09717,0.90582
test_09718,0.97
test_09719,0.03
test_09720,0.914156
test_09721,0.97
test_09722,0.03
test_09723,0.943429
test_09724,0.109432
test_09725,0.97
test_09726,0.03
test_09727,0.97
test_09728,0.03
test_09729,0.055291
test_09730,0.97
test_09731,0.03
test_09732,0.391866
test_09733,0.427743
test_09734,0.03
test_09735,0.03
test_09736,0.03
test_09737,0.97
test_09738,0.03
test_09739,0.494138
test_09740,0.03
test_09741,0.052933
test_09742,0.03
test_09743,0.526307
test_09744,0.97
test_09745,0.084964
test_09746,0.97
test_09747,0.97
test_09748,0.97
test_09749,0.97
test_09750,0.97
test_09751,0.150561
test_09752,0.149124
test_09753,0.97
test_09754,0.03
test_09755,0.97
test_09756,0.03
test_09757,0.186056
test_09758,0.713024
test_09759,0.97
test_09760,0.625126
test_09761,0.03
test_09762,0.03
test_09763,0.746038
test_09764,0.03
test_09765,0.03
test_09766,0.406194
test_09767,0.03
test_09768,0.332571
test_09769,0.03
test_09770,0.03
test_09771,0.603786
test_09772,0.899754
test_09773,0.815466
test_09774,0.03
test_09775,0.03
test_09776,0.97
test_09777,0.954295
test_09778,0.03
test_09779,0.97
test_09780,0.03
test_09781,0.055185
test_09782,0.97
test_09783,0.97
test_09784,0.051686
test_09785,0.890796
test_09786,0.03
test_09787,0.949608
test_09788,0.03
test_09789,0.921415
test_09790,0.481706
test_09791,0.816037
test_09792,0.712762
test_09793,0.780737
test_09794,0.03
test_09795,0.180492
test_09796,0.03
test_09797,0.030933
test_09798,0.97
test_09799,0.97
test_09800,0.25532
test_09801,0.547712
test_09802,0.55832
test_09803,0.97
test_09804,0.97
test_09805,0.97
test_09806,0.97
test_09807,0.97
test_09808,0.97
test_09809,0.373751
test_09810,0.97
test_09811,0.294618
test_09812,0.596319
test_09813,0.03
test_09814,0.97
test_09815,0.03
test_09816,0.069545
test_09817,0.29404
test_09818,0.97
test_09819,0.955508
test_09820,0.959991
test_09821,0.235142
test_09822,0.864514
test_09823,0.422913
test_09824,0.97
test_09825,0.97
test_09826,0.97
test_09827,0.439575
test_09828,0.97
test_09829,0.859504
test_09830,0.97
test_09831,0.97
test_09832,0.97
test_09833,0.97
test_09834,0.97
test_09835,0.03
test_09836,0.97
test_09837,0.97
test_09838,0.97
test_09839,0.97
test_09840,0.301011
test_09841,0.966753
test_09842,0.577527
test_09843,0.03
test_09844,0.03
test_09845,0.937771
test_09846,0.915114
test_09847,0.03
test_09848,0.933351
test_09849,0.97
test_09850,0.97
test_09851,0.043291
test_09852,0.631503
test_09853,0.387917
test_09854,0.859647
test_09855,0.03
test_09856,0.03
test_09857,0.97
test_09858,0.493051
test_09859,0.03
test_09860,0.684612
test_09861,0.97
test_09862,0.719189
test_09863,0.97
test_09864,0.96598
test_09865,0.144441
test_09866,0.076392
test_09867,0.03
test_09868,0.97
test_09869,0.97
test_09870,0.034014
test_09871,0.152343
test_09872,0.166558
test_09873,0.97
test_09874,0.277541
test_09875,0.97
test_09876,0.97
test_09877,0.03
test_09878,0.03
test_09879,0.090804
test_09880,0.03
test_09881,0.97
test_09882,0.03
test_09883,0.093764
test_09884,0.97
test_09885,0.97
test_09886,0.940699
test_09887,0.047311
test_09888,0.03
test_09889,0.97
test_09890,0.03
test_09891,0.049847
test_09892,0.97
test_09893,0.061815
test_09894,0.668769
test_09895,0.03
test_09896,0.03
test_09897,0.864282
test_09898,0.97
test_09899,0.960712
test_09900,0.03
test_09901,0.040698
test_09902,0.97
test_09903,0.03
test_09904,0.03
test_09905,0.97
test_09906,0.74974
test_09907,0.967065
test_09908,0.03
test_09909,0.328881
test_09910,0.03
test_09911,0.97
test_09912,0.03
test_09913,0.164697
test_09914,0.03
test_09915,0.03
test_09916,0.97
test_09917,0.03
test_09918,0.771461
test_09919,0.03
test_09920,0.03
test_09921,0.97
test_09922,0.03
test_09923,0.444613
test_09924,0.97
test_09925,0.97
test_09926,0.97
test_09927,0.042401
test_09928,0.34641
test_09929,0.715728
test_09930,0.97
test_09931,0.03
test_09932,0.03
test_09933,0.868502
test_09934,0.051067
test_09935,0.03
test_09936,0.97
test_09937,0.97
test_09938,0.97
test_09939,0.119851
test_09940,0.97
test_09941,0.97
test_09942,0.97
test_09943,0.97
test_09944,0.965707
test_09945,0.97
test_09946,0.03
test_09947,0.97
test_09948,0.96074
test_09949,0.665057
test_09950,0.03
test_09951,0.97
test_09952,0.03
test_09953,0.048093
test_09954,0.394642
test_09955,0.03
test_09956,0.97
test_09957,0.03
test_09958,0.754316
test_09959,0.665084
test_09960,0.97
test_09961,0.03
test_09962,0.82196
test_09963,0.930978
test_09964,0.03
test_09965,0.03
test_09966,0.97
test_09967,0.03
test_09968,0.03
test_09969,0.567974
test_09970,0.03
test_09971,0.03
test_09972,0.97
test_09973,0.809788
test_09974,0.97
test_09975,0.03
test_09976,0.97
test_09977,0.03
test_09978,0.28795
test_09979,0.959517
test_09980,0.401507
test_09981,0.567504
test_09982,0.97
test_09983,0.929164
test_09984,0.03
test_09985,0.03
test_09986,0.97
test_09987,0.03
test_09988,0.97
test_09989,0.962754
test_09990,0.03
test_09991,0.653638
test_09992,0.03
test_09993,0.03
test_09994,0.97
test_09995,0.97
test_09996,0.97
test_09997,0.97
test_09998,0.091633
test_09999,0.97
test_10000,0.239821
test_10001,0.97
test_10002,0.97
test_10003,0.875276
test_10004,0.97
test_10005,0.03
test_10006,0.97
test_10007,0.97
test_10008,0.330434
test_10009,0.03
test_10010,0.97
test_10011,0.391199
test_10012,0.038498
test_10013,0.125527
test_10014,0.03
test_10015,0.049896
test_10016,0.733351
test_10017,0.926894
test_10018,0.97
test_10019,0.544118
test_10020,0.313979
test_10021,0.03
test_10022,0.03
test_10023,0.03
test_10024,0.97
test_10025,0.03
test_10026,0.97
test_10027,0.03
test_10028,0.03
test_10029,0.923855
test_10030,0.870083
test_10031,0.83289
test_10032,0.03
test_10033,0.03
test_10034,0.785959
test_10035,0.391668
test_10036,0.03
test_10037,0.97
test_10038,0.97
test_10039,0.068022
test_10040,0.223125
test_10041,0.919122
test_10042,0.310693
test_10043,0.473363
test_10044,0.921345
test_10045,0.117726
test_10046,0.97
test_10047,0.03
test_10048,0.079963
test_10049,0.952774
test_10050,0.97
test_10051,0.527152
test_10052,0.97
test_10053,0.074751
test_10054,0.97
test_10055,0.465408
test_10056,0.97
test_10057,0.97
test_10058,0.97
test_10059,0.581801
test_10060,0.901993
test_10061,0.392217
test_10062,0.03
test_10063,0.97
test_10064,0.03
test_10065,0.03
test_10066,0.97
test_10067,0.97
test_10068,0.97
test_10069,0.077308
test_10070,0.076867
test_10071,0.97
test_10072,0.03
test_10073,0.958901
test_10074,0.03
test_10075,0.797621
test_10076,0.062635
test_10077,0.97
test_10078,0.03
test_10079,0.97
test_10080,0.792362
test_10081,0.133302
test_10082,0.97
test_10083,0.97
test_10084,0.642408
test_10085,0.537155
test_10086,0.97
test_10087,0.682631
test_10088,0.96227
test_10089,0.058768
test_10090,0.076234
test_10091,0.97
test_10092,0.97
test_10093,0.97
test_10094,0.044458
test_10095,0.888696
test_10096,0.03
test_10097,0.97
test_10098,0.03
test_10099,0.038143
test_10100,0.97
test_10101,0.953241
test_10102,0.03
test_10103,0.055654
test_10104,0.536274
test_10105,0.97
test_10106,0.03
test_10107,0.03
test_10108,0.911694
test_10109,0.03
test_10110,0.03
test_10111,0.913016
test_10112,0.03
test_10113,0.97
test_10114,0.853131
test_10115,0.03
test_10116,0.03
test_10117,0.038843
test_10118,0.97
test_10119,0.97
test_10120,0.344398
test_10121,0.96556
test_10122,0.03
test_10123,0.778249
test_10124,0.838585
test_10125,0.03
test_10126,0.077776
test_10127,0.03
test_10128,0.064365
test_10129,0.957813
test_10130,0.207349
test_10131,0.056722
test_10132,0.088711
test_10133,0.03
test_10134,0.03
test_10135,0.03
test_10136,0.089685
test_10137,0.03
test_10138,0.97
test_10139,0.044679
test_10140,0.03
test_10141,0.03
test_10142,0.03
test_10143,0.420912
test_10144,0.820993
test_10145,0.03
test_10146,0.03
test_10147,0.933866
test_10148,0.97
test_10149,0.03
test_10150,0.375794
test_10151,0.03
test_10152,0.03
test_10153,0.97
test_10154,0.97
test_10155,0.391166
test_10156,0.97
test_10157,0.355482
test_10158,0.03
test_10159,0.03
test_10160,0.768955
test_10161,0.69473
test_10162,0.806201
test_10163,0.97
test_10164,0.03
test_10165,0.03
test_10166,0.97
test_10167,0.97
test_10168,0.97
test_10169,0.97
test_10170,0.03
test_10171,0.174989
test_10172,0.03
test_10173,0.97
test_10174,0.97
test_10175,0.709933
test_10176,0.03
test_10177,0.03
test_10178,0.03
test_10179,0.03
test_10180,0.925012
test_10181,0.03
test_10182,0.926273
test_10183,0.03
test_10184,0.069953
test_10185,0.97
test_10186,0.03
test_10187,0.928911
test_10188,0.97
test_10189,0.97
test_10190,0.97
test_10191,0.866953
test_10192,0.03
test_10193,0.323508
test_10194,0.370662
test_10195,0.53986
test_10196,0.03
test_10197,0.97
test_10198,0.03
test_10199,0.03
test_10200,0.03
test_10201,0.03
test_10202,0.97
test_10203,0.499648
test_10204,0.03
test_10205,0.97
test_10206,0.932472
test_10207,0.03
test_10208,0.97
test_10209,0.97
test_10210,0.97
test_10211,0.721662
test_10212,0.97
test_10213,0.176139
test_10214,0.103611
test_10215,0.70279
test_10216,0.240205
test_10217,0.703304
test_10218,0.184608
test_10219,0.341008
test_10220,0.03
test_10221,0.455533
test_10222,0.97
test_10223,0.711868
test_10224,0.129602
test_10225,0.369549
test_10226,0.03
test_10227,0.97
test_10228,0.039997
test_10229,0.137511
test_10230,0.095677
test_10231,0.97
test_10232,0.97
test_10233,0.97
test_10234,0.03
test_10235,0.270296
test_10236,0.323289
test_10237,0.825902
test_10238,0.051837
test_10239,0.114552
test_10240,0.97
test_10241,0.03
test_10242,0.97
test_10243,0.438003
test_10244,0.515878
test_10245,0.450894
test_10246,0.97
test_10247,0.954934
test_10248,0.97
test_10249,0.03
test_10250,0.788316
test_10251,0.97
test_10252,0.74431
test_10253,0.954931
test_10254,0.03
test_10255,0.03
test_10256,0.36338
test_10257,0.032299
test_10258,0.97
test_10259,0.03
test_10260,0.191531
test_10261,0.963481
test_10262,0.352745
test_10263,0.97
test_10264,0.903361
test_10265,0.03
test_10266,0.03
test_10267,0.97
test_10268,0.97
test_10269,0.064239
test_10270,0.03
test_10271,0.03
test_10272,0.841574
test_10273,0.30669
test_10274,0.97
test_10275,0.97
test_10276,0.966854
test_10277,0.97
test_10278,0.951212
test_10279,0.581374
test_10280,0.371749
test_10281,0.03
test_10282,0.03
test_10283,0.03
test_10284,0.799896
test_10285,0.758425
test_10286,0.417152
test_10287,0.03
test_10288,0.97
test_10289,0.072725
test_10290,0.97
test_10291,0.644075
test_10292,0.354505
test_10293,0.97
test_10294,0.146042
test_10295,0.449266
test_10296,0.97
test_10297,0.380168
test_10298,0.03
test_10299,0.114791
test_10300,0.03
test_10301,0.046666
test_10302,0.97
test_10303,0.97
test_10304,0.97
test_10305,0.371265
test_10306,0.03
test_10307,0.088026
test_10308,0.091646
test_10309,0.97
test_10310,0.047157
test_10311,0.03
test_10312,0.138772
test_10313,0.650772
test_10314,0.97
test_10315,0.03
test_10316,0.865423
test_10317,0.03
test_10318,0.86781
test_10319,0.298906
test_10320,0.97
test_10321,0.772512
test_10322,0.03
test_10323,0.513891
test_10324,0.03
test_10325,0.944863
test_10326,0.97
test_10327,0.97
test_10328,0.03
test_10329,0.97
test_10330,0.03
test_10331,0.334584
test_10332,0.97
test_10333,0.97
test_10334,0.332568
test_10335,0.03
test_10336,0.632433
test_10337,0.680441
test_10338,0.665604
test_10339,0.078936
test_10340,0.97
test_10341,0.295829
test_10342,0.79482
test_10343,0.97
test_10344,0.578456
test_10345,0.03
test_10346,0.97
test_10347,0.97
test_10348,0.96897
test_10349,0.08101
test_10350,0.159396
test_10351,0.03
test_10352,0.054769
test_10353,0.069197
test_10354,0.97
test_10355,0.03
test_10356,0.03
test_10357,0.03
test_10358,0.97
test_10359,0.03
test_10360,0.041036
test_10361,0.97
test_10362,0.97
test_10363,0.358896
test_10364,0.97
test_10365,0.391319
test_10366,0.03
test_10367,0.431191
test_10368,0.039862
test_10369,0.03
test_10370,0.97
test_10371,0.97
test_10372,0.03
test_10373,0.97
test_10374,0.03
test_10375,0.97
test_10376,0.76037
test_10377,0.03
test_10378,0.03
test_10379,0.05803
test_10380,0.439396
test_10381,0.049071
test_10382,0.97
test_10383,0.447002
test_10384,0.03
test_10385,0.120195
test_10386,0.97
test_10387,0.97
test_10388,0.03
test_10389,0.03
test_10390,0.03
test_10391,0.03
test_10392,0.735603
test_10393,0.03
test_10394,0.03
test_10395,0.926244
test_10396,0.434985
test_10397,0.03
test_10398,0.232478
test_10399,0.03
test_10400,0.97
test_10401,0.294219
test_10402,0.03
test_10403,0.03
test_10404,0.616049
test_10405,0.923084
test_10406,0.97
test_10407,0.892779
test_10408,0.97
test_10409,0.03
test_10410,0.03
test_10411,0.97
test_10412,0.03
test_10413,0.317995
test_10414,0.03
test_10415,0.97
test_10416,0.03
test_10417,0.97
test_10418,0.752049
test_10419,0.97
test_10420,0.145676
test_10421,0.97
test_10422,0.03
test_10423,0.97
test_10424,0.97
test_10425,0.751476
test_10426,0.910259
test_10427,0.97
test_10428,0.202866
test_10429,0.054265
test_10430,0.03
test_10431,0.03
test_10432,0.03
test_10433,0.97
test_10434,0.97
test_10435,0.03
test_10436,0.03
test_10437,0.03
test_10438,0.97
test_10439,0.03
test_10440,0.033114
test_10441,0.592163
test_10442,0.457118
test_10443,0.97
test_10444,0.869264
test_10445,0.217066
test_10446,0.97
test_10447,0.97
test_10448,0.03
test_10449,0.940935
test_10450,0.97
test_10451,0.97
test_10452,0.298257
test_10453,0.550817
test_10454,0.03924
test_10455,0.03
test_10456,0.03
test_10457,0.97
test_10458,0.121764
test_10459,0.091724
test_10460,0.855275
test_10461,0.867
test_10462,0.13787
test_10463,0.03
test_10464,0.206099
test_10465,0.73861
test_10466,0.97
test_10467,0.953968
test_10468,0.97
test_10469,0.047603
test_10470,0.97
test_10471,0.03
test_10472,0.97
test_10473,0.97
test_10474,0.97
test_10475,0.97
test_10476,0.03
test_10477,0.116701
test_10478,0.03
test_10479,0.97
test_10480,0.97
test_10481,0.617166
test_10482,0.087357
test_10483,0.95806
test_10484,0.695166
test_10485,0.590934
test_10486,0.03
test_10487,0.97
test_10488,0.03
test_10489,0.178327
test_10490,0.97
test_10491,0.03
test_10492,0.475197
test_10493,0.97
test_10494,0.200941
test_10495,0.97
test_10496,0.03
test_10497,0.03
test_10498,0.03
test_10499,0.828468
test_10500,0.97
test_10501,0.03
test_10502,0.046004
test_10503,0.97
test_10504,0.29859
test_10505,0.931295
test_10506,0.781258
test_10507,0.111167
test_10508,0.97
test_10509,0.97
test_10510,0.746504
test_10511,0.03
test_10512,0.03
test_10513,0.97
test_10514,0.97
test_10515,0.158145
test_10516,0.439203
test_10517,0.97
test_10518,0.372124
test_10519,0.03
test_10520,0.97
test_10521,0.97
test_10522,0.229396
test_10523,0.97
test_10524,0.97
test_10525,0.97
test_10526,0.97
test_10527,0.758376
test_10528,0.97
test_10529,0.97
test_10530,0.03
test_10531,0.939715
test_10532,0.065409
test_10533,0.752487
test_10534,0.03
test_10535,0.03
test_10536,0.97
test_10537,0.690238
test_10538,0.03
test_10539,0.97
test_10540,0.054725
test_10541,0.03
test_10542,0.807085
test_10543,0.97
test_10544,0.398314
test_10545,0.650312
test_10546,0.97
test_10547,0.97
test_10548,0.03
test_10549,0.03
test_10550,0.949739
test_10551,0.03
test_10552,0.9529
test_10553,0.054758
test_10554,0.97
test_10555,0.97
test_10556,0.049869
test_10557,0.94784
test_10558,0.03
test_10559,0.911538
test_10560,0.97
test_10561,0.620492
test_10562,0.917147
test_10563,0.544396
test_10564,0.97
test_10565,0.913491
test_10566,0.97
test_10567,0.032934
test_10568,0.97
test_10569,0.030415
test_10570,0.03
test_10571,0.676127
test_10572,0.97
test_10573,0.97
test_10574,0.042997
test_10575,0.97
test_10576,0.200356
test_10577,0.261024
test_10578,0.04328
test_10579,0.125689
test_10580,0.617413
test_10581,0.080682
test_10582,0.97
test_10583,0.03
test_10584,0.03
test_10585,0.03
test_10586,0.03
test_10587,0.313875
test_10588,0.03
test_10589,0.273466
test_10590,0.03
test_10591,0.03
test_10592,0.03
test_10593,0.97
test_10594,0.793339
test_10595,0.03
test_10596,0.97
test_10597,0.03
test_10598,0.97
test_10599,0.371792
test_10600,0.03
test_10601,0.163435
test_10602,0.926444
test_10603,0.97
test_10604,0.97
test_10605,0.905502
test_10606,0.939843
test_10607,0.525344
test_10608,0.064451
test_10609,0.97
test_10610,0.139897
test_10611,0.052044
test_10612,0.03
test_10613,0.03
test_10614,0.03
test_10615,0.97
test_10616,0.97
test_10617,0.050034
test_10618,0.534895
test_10619,0.908862
test_10620,0.97
test_10621,0.97
test_10622,0.97
test_10623,0.03
test_10624,0.409315
test_10625,0.540869
test_10626,0.03
test_10627,0.834839
test_10628,0.97
test_10629,0.03
test_10630,0.97
test_10631,0.557783
test_10632,0.97
test_10633,0.923534
test_10634,0.97
test_10635,0.03
test_10636,0.97
test_10637,0.929184
test_10638,0.03
test_10639,0.97
test_10640,0.03
test_10641,0.97
test_10642,0.464434
test_10643,0.97
test_10644,0.889853
test_10645,0.90223
test_10646,0.441231
test_10647,0.16373
test_10648,0.845251
test_10649,0.96502
test_10650,0.831215
test_10651,0.209648
test_10652,0.272923
test_10653,0.97
test_10654,0.826081
test_10655,0.03568
test_10656,0.97
test_10657,0.03
test_10658,0.875114
test_10659,0.03
test_10660,0.354564
test_10661,0.162497
test_10662,0.03
test_10663,0.032491
test_10664,0.97
test_10665,0.91146
test_10666,0.905845
test_10667,0.03
test_10668,0.447451
test_10669,0.188608
test_10670,0.03
test_10671,0.858748
test_10672,0.121379
test_10673,0.780626
test_10674,0.046022
test_10675,0.05793
test_10676,0.97
test_10677,0.97
test_10678,0.97
test_10679,0.325212
test_10680,0.042883
test_10681,0.97
test_10682,0.964979
test_10683,0.037786
test_10684,0.03
test_10685,0.247654
test_10686,0.97
test_10687,0.155835
test_10688,0.141828
test_10689,0.03
test_10690,0.03
test_10691,0.948073
test_10692,0.939654
test_10693,0.03
test_10694,0.851669
test_10695,0.921812
test_10696,0.162882
test_10697,0.053532
test_10698,0.681534
test_10699,0.946889
test_10700,0.03
test_10701,0.967779
test_10702,0.03
test_10703,0.896066
test_10704,0.173182
test_10705,0.97
test_10706,0.036408
test_10707,0.97
test_10708,0.958257
test_10709,0.97
test_10710,0.922246
test_10711,0.97
test_10712,0.97
test_10713,0.03
test_10714,0.159786
test_10715,0.043033
test_10716,0.131216
test_10717,0.35425
test_10718,0.140909
test_10719,0.501586
test_10720,0.97
test_10721,0.03
test_10722,0.97
test_10723,0.918885
test_10724,0.03
test_10725,0.03
test_10726,0.885189
test_10727,0.03
test_10728,0.03
test_10729,0.03
test_10730,0.868174
test_10731,0.03
test_10732,0.519217
test_10733,0.03
test_10734,0.177017
test_10735,0.97
test_10736,0.03
test_10737,0.03
test_10738,0.97
test_10739,0.106878
test_10740,0.97
test_10741,0.97
test_10742,0.402632
test_10743,0.97
test_10744,0.03
test_10745,0.03
test_10746,0.24111
test_10747,0.97
test_10748,0.810051
test_10749,0.97
test_10750,0.815925
test_10751,0.03
test_10752,0.907313
test_10753,0.97
test_10754,0.97
test_10755,0.03
test_10756,0.97
test_10757,0.55425
test_10758,0.038853
test_10759,0.97
test_10760,0.03
test_10761,0.03
test_10762,0.97
test_10763,0.97
test_10764,0.97
test_10765,0.868175
test_10766,0.97
test_10767,0.131932
test_10768,0.952311
test_10769,0.03
test_10770,0.03
test_10771,0.798367
test_10772,0.03
test_10773,0.97
test_10774,0.637366
test_10775,0.335113
test_10776,0.336163
test_10777,0.03
test_10778,0.97
test_10779,0.962021
test_10780,0.333066
test_10781,0.554156
test_10782,0.200695
test_10783,0.03
test_10784,0.03
test_10785,0.97
test_10786,0.97
test_10787,0.97
test_10788,0.34074
test_10789,0.03
test_10790,0.942001
test_10791,0.801442
test_10792,0.179126
test_10793,0.835977
test_10794,0.97
test_10795,0.03
test_10796,0.958602
test_10797,0.904981
test_10798,0.97
test_10799,0.03
test_10800,0.97
test_10801,0.03
test_10802,0.076611
test_10803,0.050294
test_10804,0.915739
test_10805,0.134904
test_10806,0.97
test_10807,0.97
test_10808,0.97
test_10809,0.97
test_10810,0.78552
test_10811,0.055259
test_10812,0.057866
test_10813,0.03
test_10814,0.03
test_10815,0.957912
test_10816,0.511806
test_10817,0.97
test_10818,0.97
test_10819,0.97
test_10820,0.582769
test_10821,0.042519
test_10822,0.97
test_10823,0.124342
test_10824,0.03
test_10825,0.456453
test_10826,0.97
test_10827,0.808211
test_10828,0.950724
test_10829,0.290152
test_10830,0.97
test_10831,0.528759
test_10832,0.927157
test_10833,0.97
test_10834,0.908362
test_10835,0.03
test_10836,0.03
test_10837,0.655862
test_10838,0.03
test_10839,0.121888
test_10840,0.97
test_10841,0.03
test_10842,0.544469
test_10843,0.03
test_10844,0.03
test_10845,0.03
test_10846,0.97
test_10847,0.810925
test_10848,0.1367
test_10849,0.03
test_10850,0.03
test_10851,0.03
test_10852,0.139056
test_10853,0.961626
test_10854,0.872425
test_10855,0.03
test_10856,0.194578
test_10857,0.97
test_10858,0.03
test_10859,0.956431
test_10860,0.391858
test_10861,0.070936
test_10862,0.97
test_10863,0.098926
test_10864,0.03
test_10865,0.752855
test_10866,0.97
test_10867,0.939874
test_10868,0.03
test_10869,0.120205
test_10870,0.03
test_10871,0.03
test_10872,0.97
test_10873,0.97
test_10874,0.03
test_10875,0.55392
test_10876,0.101215
test_10877,0.594471
test_10878,0.97
test_10879,0.032447
test_10880,0.948415
test_10881,0.03
test_10882,0.03
test_10883,0.306225
test_10884,0.97
test_10885,0.050218
test_10886,0.902126
test_10887,0.97
test_10888,0.97
test_10889,0.907248
test_10890,0.446593
test_10891,0.344965
test_10892,0.97
test_10893,0.03
test_10894,0.043929
test_10895,0.420188
test_10896,0.03
test_10897,0.469889
test_10898,0.912346
test_10899,0.333876
test_10900,0.168643
test_10901,0.97
test_10902,0.816508
test_10903,0.97
test_10904,0.97
test_10905,0.964797
test_10906,0.97
test_10907,0.086615
test_10908,0.064853
test_10909,0.97
test_10910,0.03
test_10911,0.03
test_10912,0.97
test_10913,0.03
test_10914,0.97
test_10915,0.307552
test_10916,0.182192
test_10917,0.82941
test_10918,0.351766
test_10919,0.661867
test_10920,0.97
test_10921,0.063204
test_10922,0.657726
test_10923,0.066836
test_10924,0.803218
test_10925,0.093012
test_10926,0.071952
test_10927,0.97
test_10928,0.03
test_10929,0.03
test_10930,0.954273
test_10931,0.163703
test_10932,0.97
test_10933,0.97
test_10934,0.03
test_10935,0.03
test_10936,0.885478
test_10937,0.935361
test_10938,0.03
test_10939,0.580914
test_10940,0.03
test_10941,0.03
test_10942,0.163288
test_10943,0.042428
test_10944,0.97
test_10945,0.03
test_10946,0.03
test_10947,0.732415
test_10948,0.03
test_10949,0.03
test_10950,0.084764
test_10951,0.97
test_10952,0.963142
test_10953,0.03
test_10954,0.97
test_10955,0.97
test_10956,0.03
test_10957,0.03
test_10958,0.03
test_10959,0.03
test_10960,0.950531
test_10961,0.215388
test_10962,0.207687
test_10963,0.03
test_10964,0.03
test_10965,0.03
test_10966,0.04559
test_10967,0.884426
test_10968,0.03
test_10969,0.468471
test_10970,0.059636
test_10971,0.961245
test_10972,0.549359
test_10973,0.178524
test_10974,0.03
test_10975,0.926785
test_10976,0.97
test_10977,0.709134
test_10978,0.93918
test_10979,0.03
test_10980,0.204743
test_10981,0.722138
test_10982,0.97
test_10983,0.253281
test_10984,0.97
test_10985,0.97
test_10986,0.03
test_10987,0.97
test_10988,0.03
test_10989,0.03
test_10990,0.327772
test_10991,0.03
test_10992,0.97
test_10993,0.97
test_10994,0.123048
test_10995,0.03
test_10996,0.628686
test_10997,0.97
test_10998,0.051322
test_10999,0.045054
test_11000,0.03
test_11001,0.746803
test_11002,0.03
test_11003,0.03
test_11004,0.03
test_11005,0.97
test_11006,0.072078
test_11007,0.03
test_11008,0.03
test_11009,0.03
test_11010,0.886683
test_11011,0.97
test_11012,0.130566
test_11013,0.03
test_11014,0.548113
test_11015,0.22463
test_11016,0.034808
test_11017,0.03
test_11018,0.97
test_11019,0.03
test_11020,0.593118
test_11021,0.97
test_11022,0.727986
test_11023,0.064747
test_11024,0.97
test_11025,0.630611
test_11026,0.97
test_11027,0.97
test_11028,0.311431
test_11029,0.906917
test_11030,0.97
test_11031,0.051702
test_11032,0.03
test_11033,0.04593
test_11034,0.03
test_11035,0.97
test_11036,0.97
test_11037,0.03
test_11038,0.97
test_11039,0.147366
test_11040,0.97
test_11041,0.97
test_11042,0.03
test_11043,0.954861
test_11044,0.945324
test_11045,0.97
test_11046,0.771779
test_11047,0.97
test_11048,0.466098
test_11049,0.792702
test_11050,0.478858
test_11051,0.03
test_11052,0.679368
test_11053,0.97
test_11054,0.03
test_11055,0.03
test_11056,0.507689
test_11057,0.03
test_11058,0.560004
test_11059,0.03
test_11060,0.810326
test_11061,0.03
test_11062,0.97
test_11063,0.494327
test_11064,0.515094
test_11065,0.97
test_11066,0.97
test_11067,0.03
test_11068,0.03
test_11069,0.97
test_11070,0.962096
test_11071,0.97
test_11072,0.03
test_11073,0.03
test_11074,0.03
test_11075,0.97
test_11076,0.941233
test_11077,0.439686
test_11078,0.248806
test_11079,0.97
test_11080,0.038714
test_11081,0.124724
test_11082,0.114589
test_11083,0.03
test_11084,0.97
test_11085,0.03
test_11086,0.167266
test_11087,0.934046
test_11088,0.03
test_11089,0.199042
test_11090,0.862603
test_11091,0.97
test_11092,0.03
test_11093,0.942098
test_11094,0.088003
test_11095,0.97
test_11096,0.447926
test_11097,0.32341
test_11098,0.03
test_11099,0.97
test_11100,0.97
test_11101,0.03
test_11102,0.318286
test_11103,0.97
test_11104,0.170201
test_11105,0.03
test_11106,0.473471
test_11107,0.97
test_11108,0.97
test_11109,0.97
test_11110,0.97
test_11111,0.646866
test_11112,0.145922
test_11113,0.117303
test_11114,0.97
test_11115,0.94825
test_11116,0.925888
test_11117,0.777801
test_11118,0.97
test_11119,0.97
test_11120,0.03
test_11121,0.529824
test_11122,0.42625
test_11123,0.313735
test_11124,0.97
test_11125,0.97
test_11126,0.97
test_11127,0.958508
test_11128,0.128545
test_11129,0.074898
test_11130,0.97
test_11131,0.209398
test_11132,0.97
test_11133,0.03
test_11134,0.03
test_11135,0.97
test_11136,0.97
test_11137,0.170274
test_11138,0.093397
test_11139,0.03
test_11140,0.03
test_11141,0.97
test_11142,0.03
test_11143,0.672656
test_11144,0.97
test_11145,0.03
test_11146,0.03
test_11147,0.97
test_11148,0.045516
test_11149,0.03
test_11150,0.650368
test_11151,0.591855
test_11152,0.97
test_11153,0.97
test_11154,0.97
test_11155,0.030417
test_11156,0.03
test_11157,0.97
test_11158,0.03
test_11159,0.03
test_11160,0.707654
test_11161,0.619579
test_11162,0.06677
test_11163,0.131597
test_11164,0.28244
test_11165,0.831823
test_11166,0.24676
test_11167,0.03
test_11168,0.884726
test_11169,0.97
test_11170,0.234565
test_11171,0.636776
test_11172,0.97
test_11173,0.968617
test_11174,0.03
test_11175,0.093205
test_11176,0.17728
test_11177,0.03
test_11178,0.03
test_11179,0.03
test_11180,0.942751
test_11181,0.97
test_11182,0.179321
test_11183,0.690794
test_11184,0.97
test_11185,0.97
test_11186,0.03
test_11187,0.03
test_11188,0.97
test_11189,0.369848
test_11190,0.147978
test_11191,0.97
test_11192,0.03
test_11193,0.03
test_11194,0.152981
test_11195,0.97
test_11196,0.159754
test_11197,0.595227
test_11198,0.97
test_11199,0.03
test_11200,0.03
test_11201,0.519202
test_11202,0.08075
test_11203,0.921293
test_11204,0.97
test_11205,0.03
test_11206,0.324898
test_11207,0.03
test_11208,0.97
test_11209,0.03
test_11210,0.97
test_11211,0.03
test_11212,0.752229
test_11213,0.03
test_11214,0.03
test_11215,0.03
test_11216,0.03
test_11217,0.97
test_11218,0.457378
test_11219,0.632593
test_11220,0.97
test_11221,0.680416
test_11222,0.044767
test_11223,0.044648
test_11224,0.97
test_11225,0.03
test_11226,0.03
test_11227,0.97
test_11228,0.354196
test_11229,0.240886
test_11230,0.03
test_11231,0.93689
test_11232,0.187791
test_11233,0.942321
test_11234,0.892306
test_11235,0.571275
test_11236,0.03
test_11237,0.03
test_11238,0.54557
test_11239,0.889121
test_11240,0.97
test_11241,0.638432
test_11242,0.97
test_11243,0.97
test_11244,0.722954
test_11245,0.03
test_11246,0.63211
test_11247,0.262264
test_11248,0.786902
test_11249,0.03
test_11250,0.97
test_11251,0.97
test_11252,0.03
test_11253,0.03
test_11254,0.956937
test_11255,0.391405
test_11256,0.650964
test_11257,0.97
test_11258,0.92405
test_11259,0.03
test_11260,0.03
test_11261,0.03
test_11262,0.97
test_11263,0.52485
test_11264,0.668466
test_11265,0.644426
test_11266,0.03
test_11267,0.97
test_11268,0.238091
test_11269,0.072856
test_11270,0.97
test_11271,0.357853
test_11272,0.03
test_11273,0.955646
test_11274,0.97
test_11275,0.396715
test_11276,0.03
test_11277,0.932872
test_11278,0.03
test_11279,0.858818
test_11280,0.464568
test_11281,0.941093
test_11282,0.053705
test_11283,0.053226
test_11284,0.673206
test_11285,0.03
test_11286,0.03
test_11287,0.865327
test_11288,0.412015
test_11289,0.03
test_11290,0.958856
test_11291,0.522768
test_11292,0.97
test_11293,0.03
test_11294,0.878728
test_11295,0.97
test_11296,0.03
test_11297,0.97
test_11298,0.03
test_11299,0.468471
test_11300,0.97
test_11301,0.968325
test_11302,0.03
test_11303,0.97
test_11304,0.97
test_11305,0.08007
test_11306,0.850295
test_11307,0.943323
test_11308,0.96267
test_11309,0.03
test_11310,0.235569
test_11311,0.463524
test_11312,0.957417
test_11313,0.03
test_11314,0.214562
test_11315,0.101777
test_11316,0.117353
test_11317,0.678987
test_11318,0.57348
test_11319,0.03
test_11320,0.077049
test_11321,0.03
test_11322,0.03
test_11323,0.03
test_11324,0.051381
test_11325,0.93853
test_11326,0.14025
test_11327,0.97
test_11328,0.97
test_11329,0.03
test_11330,0.078203
test_11331,0.03
test_11332,0.97
test_11333,0.060157
test_11334,0.449788
test_11335,0.952757
test_11336,0.797692
test_11337,0.940672
test_11338,0.087649
test_11339,0.035862
test_11340,0.483536
test_11341,0.758216
test_11342,0.363897
test_11343,0.97
test_11344,0.081022
test_11345,0.656929
test_11346,0.558886
test_11347,0.959325
test_11348,0.512326
test_11349,0.073366
test_11350,0.555971
test_11351,0.03
test_11352,0.03
test_11353,0.97
test_11354,0.03
test_11355,0.097038
test_11356,0.059145
test_11357,0.03
test_11358,0.03
test_11359,0.97
test_11360,0.855489
test_11361,0.054697
test_11362,0.058174
test_11363,0.03
test_11364,0.109371
test_11365,0.089073
test_11366,0.966821
test_11367,0.03
test_11368,0.737876
test_11369,0.133957
test_11370,0.074809
test_11371,0.083878
test_11372,0.128879
test_11373,0.03
test_11374,0.572729
test_11375,0.059554
test_11376,0.03
test_11377,0.907438
test_11378,0.769811
test_11379,0.03
test_11380,0.03
test_11381,0.03
test_11382,0.904207
test_11383,0.135422
test_11384,0.104079
test_11385,0.97
test_11386,0.97
test_11387,0.97
test_11388,0.03
test_11389,0.03
test_11390,0.03
test_11391,0.930707
test_11392,0.97
test_11393,0.952865
test_11394,0.03
test_11395,0.055401
test_11396,0.264069
test_11397,0.03
test_11398,0.03
test_11399,0.928413
test_11400,0.03
test_11401,0.97
test_11402,0.942169
test_11403,0.97
test_11404,0.97
test_11405,0.97
test_11406,0.03
test_11407,0.03
test_11408,0.72663
test_11409,0.436742
test_11410,0.03
test_11411,0.03
test_11412,0.92202
test_11413,0.03
test_11414,0.03
test_11415,0.97
test_11416,0.103018
test_11417,0.948259
test_11418,0.97
test_11419,0.97
test_11420,0.03
test_11421,0.162186
test_11422,0.866581
test_11423,0.69432
test_11424,0.475366
test_11425,0.03
test_11426,0.151394
test_11427,0.97
test_11428,0.03
test_11429,0.038863
test_11430,0.03
test_11431,0.97
test_11432,0.763245
test_11433,0.03
test_11434,0.913199
test_11435,0.97
test_11436,0.057514
test_11437,0.238467
test_11438,0.03
test_11439,0.03
test_11440,0.03
test_11441,0.902519
test_11442,0.03
test_11443,0.622725
test_11444,0.900908
test_11445,0.97
test_11446,0.03
test_11447,0.545206
test_11448,0.045145
test_11449,0.52493
test_11450,0.929212
test_11451,0.394786
test_11452,0.953015
test_11453,0.03
test_11454,0.03
test_11455,0.03
test_11456,0.03
test_11457,0.97
test_11458,0.821912
test_11459,0.03
test_11460,0.251329
test_11461,0.789014
test_11462,0.97
test_11463,0.418469
test_11464,0.97
test_11465,0.811493
test_11466,0.783655
test_11467,0.03
test_11468,0.97
test_11469,0.03
test_11470,0.181658
test_11471,0.953491
test_11472,0.072721
test_11473,0.097151
test_11474,0.97
test_11475,0.03
test_11476,0.155928
test_11477,0.97
test_11478,0.03
test_11479,0.129944
test_11480,0.97
test_11481,0.03
test_11482,0.796914
test_11483,0.97
test_11484,0.03
test_11485,0.97
test_11486,0.691822
test_11487,0.833395
test_11488,0.03
test_11489,0.97
test_11490,0.227405
test_11491,0.0794
test_11492,0.202296
test_11493,0.97
test_11494,0.03
test_11495,0.03
test_11496,0.748006
test_11497,0.97
test_11498,0.847128
test_11499,0.585555
test_11500,0.03
test_11501,0.209494
test_11502,0.03
test_11503,0.741824
test_11504,0.97
test_11505,0.34898
test_11506,0.03
test_11507,0.143855
test_11508,0.03
test_11509,0.103112
test_11510,0.03
test_11511,0.268075
test_11512,0.03
test_11513,0.266243
test_11514,0.03
test_11515,0.03
test_11516,0.760104
test_11517,0.03
test_11518,0.03
test_11519,0.97
test_11520,0.918036
test_11521,0.03
test_11522,0.03
test_11523,0.90676
test_11524,0.03
test_11525,0.97
test_11526,0.916656
test_11527,0.643899
test_11528,0.20929
test_11529,0.03
test_11530,0.357459
test_11531,0.97
test_11532,0.97
test_11533,0.588989
test_11534,0.97
test_11535,0.327481
test_11536,0.97
test_11537,0.97
test_11538,0.085279
test_11539,0.97
test_11540,0.921578
test_11541,0.05147
test_11542,0.03
test_11543,0.97
test_11544,0.03
test_11545,0.97
test_11546,0.03
test_11547,0.97
test_11548,0.03
test_11549,0.03
test_11550,0.455524
test_11551,0.342976
test_11552,0.260227
test_11553,0.97
test_11554,0.03
test_11555,0.2497
test_11556,0.859774
test_11557,0.97
test_11558,0.97
test_11559,0.03
test_11560,0.498599
test_11561,0.03
test_11562,0.97
test_11563,0.54684
test_11564,0.127261
test_11565,0.097906
test_11566,0.03
test_11567,0.929084
test_11568,0.03
test_11569,0.97
test_11570,0.116384
test_11571,0.738961
test_11572,0.03
test_11573,0.695713
test_11574,0.97
test_11575,0.729447
test_11576,0.724727
test_11577,0.944066
test_11578,0.326369
test_11579,0.97
test_11580,0.97
test_11581,0.963855
test_11582,0.03
test_11583,0.03
test_11584,0.855373
test_11585,0.03
test_11586,0.97
test_11587,0.97
test_11588,0.03
test_11589,0.804425
test_11590,0.97
test_11591,0.5596
test_11592,0.97
test_11593,0.190861
test_11594,0.97
test_11595,0.03
test_11596,0.960019
test_11597,0.97
test_11598,0.03
test_11599,0.03
test_11600,0.957525
test_11601,0.538497
test_11602,0.169404
test_11603,0.962917
test_11604,0.97
test_11605,0.97
test_11606,0.03
test_11607,0.97
test_11608,0.03
test_11609,0.97
test_11610,0.127571
test_11611,0.97
test_11612,0.97
test_11613,0.97
test_11614,0.042408
test_11615,0.97
test_11616,0.280287
test_11617,0.97
test_11618,0.965851
test_11619,0.722831
test_11620,0.03
test_11621,0.03
test_11622,0.952924
test_11623,0.03
test_11624,0.931344
test_11625,0.418371
test_11626,0.97
test_11627,0.97
test_11628,0.03
test_11629,0.125341
test_11630,0.049855
test_11631,0.03
test_11632,0.03
test_11633,0.97
test_11634,0.870578
test_11635,0.97
test_11636,0.812887
test_11637,0.97
test_11638,0.880504
test_11639,0.03
test_11640,0.97
test_11641,0.833184
test_11642,0.97
test_11643,0.938091
test_11644,0.779978
test_11645,0.159484
test_11646,0.03
test_11647,0.069002
test_11648,0.97
test_11649,0.03
test_11650,0.97
test_11651,0.03
test_11652,0.03
test_11653,0.03
test_11654,0.956828
test_11655,0.03
test_11656,0.97
test_11657,0.03
test_11658,0.709082
test_11659,0.03
test_11660,0.429519
test_11661,0.03
test_11662,0.120291
test_11663,0.03
test_11664,0.957826
test_11665,0.03
test_11666,0.086251
test_11667,0.03
test_11668,0.97
test_11669,0.97
test_11670,0.098204
test_11671,0.295295
test_11672,0.97
test_11673,0.596771
test_11674,0.03
test_11675,0.036267
test_11676,0.785064
test_11677,0.119922
test_11678,0.03
test_11679,0.97
test_11680,0.03
test_11681,0.044549
test_11682,0.03
test_11683,0.395677
test_11684,0.321921
test_11685,0.743945
test_11686,0.848901
test_11687,0.03
test_11688,0.07856
test_11689,0.03
test_11690,0.03
test_11691,0.372793
test_11692,0.077193
test_11693,0.951947
test_11694,0.03
test_11695,0.969668
test_11696,0.03
test_11697,0.069502
test_11698,0.03
test_11699,0.30652
test_11700,0.870815
test_11701,0.1767
test_11702,0.079314
test_11703,0.79147
test_11704,0.811255
test_11705,0.97
test_11706,0.97
test_11707,0.03
test_11708,0.97
test_11709,0.832046
test_11710,0.97
test_11711,0.899948
test_11712,0.248958
test_11713,0.843594
test_11714,0.97
test_11715,0.97
test_11716,0.246735
test_11717,0.03
test_11718,0.221576
test_11719,0.03
test_11720,0.97
test_11721,0.964416
test_11722,0.93642
test_11723,0.97
test_11724,0.03
test_11725,0.613322
test_11726,0.967741
test_11727,0.512108
test_11728,0.606146
test_11729,0.243898
test_11730,0.08853
test_11731,0.03
test_11732,0.97
test_11733,0.97
test_11734,0.059664
test_11735,0.967438
test_11736,0.03
test_11737,0.97
test_11738,0.97
test_11739,0.594346
test_11740,0.074952
test_11741,0.634343
test_11742,0.109594
test_11743,0.408873
test_11744,0.907158
test_11745,0.03
test_11746,0.03
test_11747,0.134758
test_11748,0.03
test_11749,0.97
test_11750,0.718964
test_11751,0.97
test_11752,0.566556
test_11753,0.860439
test_11754,0.96295
test_11755,0.97
test_11756,0.893091
test_11757,0.044333
test_11758,0.03
test_11759,0.63141
test_11760,0.954765
test_11761,0.97
test_11762,0.154758
test_11763,0.97
test_11764,0.97
test_11765,0.03
test_11766,0.894418
test_11767,0.921988
test_11768,0.03069
test_11769,0.114478
test_11770,0.203489
test_11771,0.97
test_11772,0.857317
test_11773,0.03
test_11774,0.033529
test_11775,0.97
test_11776,0.23578
test_11777,0.97
test_11778,0.97
test_11779,0.97
test_11780,0.97
test_11781,0.046016
test_11782,0.03
test_11783,0.41497
test_11784,0.97
test_11785,0.03
test_11786,0.741109
test_11787,0.03
test_11788,0.03
test_11789,0.03
test_11790,0.063278
test_11791,0.97
test_11792,0.948729
test_11793,0.610666
test_11794,0.95368
test_11795,0.97
test_11796,0.03
test_11797,0.714202
test_11798,0.03
test_11799,0.944161
test_11800,0.03
test_11801,0.97
test_11802,0.03
test_11803,0.133015
test_11804,0.03
test_11805,0.03
test_11806,0.264599
test_11807,0.97
test_11808,0.863539
test_11809,0.202347
test_11810,0.945901
test_11811,0.159901
test_11812,0.795058
test_11813,0.03
test_11814,0.839287
test_11815,0.03
test_11816,0.97
test_11817,0.22649
test_11818,0.03
test_11819,0.97
test_11820,0.631667
test_11821,0.97
test_11822,0.97
test_11823,0.97
test_11824,0.938952
test_11825,0.87699
test_11826,0.03
test_11827,0.97
test_11828,0.188172
test_11829,0.320443
test_11830,0.704151
test_11831,0.03
test_11832,0.03
test_11833,0.03
test_11834,0.965085
test_11835,0.056567
test_11836,0.543124
test_11837,0.97
test_11838,0.03
test_11839,0.03
test_11840,0.03
test_11841,0.03
test_11842,0.083966
test_11843,0.179592
test_11844,0.03
test_11845,0.916361
test_11846,0.03
test_11847,0.97
test_11848,0.97
test_11849,0.086049
test_11850,0.97
test_11851,0.03
test_11852,0.03
test_11853,0.97
test_11854,0.03
test_11855,0.487826
test_11856,0.97
test_11857,0.03
test_11858,0.97
test_11859,0.03
test_11860,0.759059
test_11861,0.34384
test_11862,0.03
test_11863,0.278766
test_11864,0.90252
test_11865,0.97
test_11866,0.878262
test_11867,0.954296
test_11868,0.03
test_11869,0.910108
test_11870,0.958557
test_11871,0.97
test_11872,0.97
test_11873,0.87869
test_11874,0.928695
test_11875,0.97
test_11876,0.956364
test_11877,0.075207
test_11878,0.128633
test_11879,0.03
test_11880,0.03
test_11881,0.97
test_11882,0.939382
test_11883,0.080244
test_11884,0.97
test_11885,0.653459
test_11886,0.093754
test_11887,0.97
test_11888,0.92247
test_11889,0.70702
test_11890,0.03
test_11891,0.683682
test_11892,0.162114
test_11893,0.860774
test_11894,0.97
test_11895,0.03
test_11896,0.97
test_11897,0.03
test_11898,0.105504
test_11899,0.97
test_11900,0.923465
test_11901,0.914878
test_11902,0.97
test_11903,0.97
test_11904,0.97
test_11905,0.97
test_11906,0.03
test_11907,0.97
test_11908,0.03
test_11909,0.176947
test_11910,0.215908
test_11911,0.923762
test_11912,0.146013
test_11913,0.144875
test_11914,0.03
test_11915,0.03
test_11916,0.03
test_11917,0.35126
test_11918,0.964983
test_11919,0.46524
test_11920,0.608658
test_11921,0.452195
test_11922,0.03
test_11923,0.6686
test_11924,0.966641
test_11925,0.938596
test_11926,0.97
test_11927,0.97
test_11928,0.245882
test_11929,0.03
test_11930,0.97
test_11931,0.820871
test_11932,0.075257
test_11933,0.229131
test_11934,0.069958
test_11935,0.08414
test_11936,0.97
test_11937,0.03
test_11938,0.97
test_11939,0.059666
test_11940,0.03
test_11941,0.03
test_11942,0.865672
test_11943,0.03
test_11944,0.03
test_11945,0.97
test_11946,0.03
test_11947,0.0615
test_11948,0.077304
test_11949,0.260275
test_11950,0.03
test_11951,0.03
test_11952,0.03
test_11953,0.03
test_11954,0.03
test_11955,0.97
test_11956,0.683772
test_11957,0.844022
test_11958,0.841159
test_11959,0.071383
test_11960,0.03
test_11961,0.156461
test_11962,0.03
test_11963,0.97
test_11964,0.100892
test_11965,0.95107
test_11966,0.785849
test_11967,0.362424
test_11968,0.97
test_11969,0.085021
test_11970,0.03
test_11971,0.840085
test_11972,0.9638
test_11973,0.97
test_11974,0.97
test_11975,0.97
test_11976,0.03
test_11977,0.958102
test_11978,0.961899
test_11979,0.97
test_11980,0.97
test_11981,0.03
test_11982,0.850972
test_11983,0.351055
test_11984,0.066733
test_11985,0.76506
test_11986,0.061197
test_11987,0.080569
test_11988,0.97
test_11989,0.778281
test_11990,0.97
test_11991,0.903761
test_11992,0.03
test_11993,0.936544
test_11994,0.727065
test_11995,0.784222
test_11996,0.03
test_11997,0.97
test_11998,0.03
test_11999,0.890004
test_12000,0.97
test_12001,0.03
test_12002,0.109846
test_12003,0.84284
test_12004,0.878726
test_12005,0.03
test_12006,0.03
test_12007,0.97
test_12008,0.039326
test_12009,0.441518
test_12010,0.03
test_12011,0.97
test_12012,0.034177
test_12013,0.03
test_12014,0.967993
test_12015,0.97
test_12016,0.087937
test_12017,0.97
test_12018,0.97
test_12019,0.764236
test_12020,0.03
test_12021,0.97
test_12022,0.944607
test_12023,0.066973
test_12024,0.03
test_12025,0.859666
test_12026,0.084843
test_12027,0.561162
test_12028,0.103679
test_12029,0.564456
test_12030,0.292424
test_12031,0.97
test_12032,0.03
test_12033,0.97
test_12034,0.97
test_12035,0.944616
test_12036,0.404928
test_12037,0.286847
test_12038,0.174705
test_12039,0.03
test_12040,0.97
test_12041,0.97
test_12042,0.03
test_12043,0.968976
test_12044,0.03
test_12045,0.095621
test_12046,0.97
test_12047,0.03
test_12048,0.97
test_12049,0.03
test_12050,0.653797
test_12051,0.03
test_12052,0.03
test_12053,0.30003
test_12054,0.277791
test_12055,0.97
test_12056,0.823499
test_12057,0.97
test_12058,0.829372
test_12059,0.97
test_12060,0.961251
test_12061,0.03
test_12062,0.03
test_12063,0.932939
test_12064,0.97
test_12065,0.53106
test_12066,0.045085
test_12067,0.97
test_12068,0.03
test_12069,0.03
test_12070,0.201773
test_12071,0.97
test_12072,0.03666
test_12073,0.03
test_12074,0.433178
test_12075,0.97
test_12076,0.848736
test_12077,0.764038
test_12078,0.97
test_12079,0.03
test_12080,0.031001
test_12081,0.97
test_12082,0.03
test_12083,0.03
test_12084,0.97
test_12085,0.959039
test_12086,0.97
test_12087,0.97
test_12088,0.102855
test_12089,0.03
test_12090,0.735509
test_12091,0.97
test_12092,0.97
test_12093,0.97
test_12094,0.97
test_12095,0.819146
test_12096,0.942951
test_12097,0.341851
test_12098,0.334718
test_12099,0.167044
test_12100,0.03835
test_12101,0.97
test_12102,0.03
test_12103,0.03
test_12104,0.077791
test_12105,0.03
test_12106,0.929888
test_12107,0.97
test_12108,0.97
test_12109,0.03
test_12110,0.03
test_12111,0.97
test_12112,0.969875
test_12113,0.899674
test_12114,0.97
test_12115,0.03
test_12116,0.03
test_12117,0.03
test_12118,0.97
test_12119,0.97
test_12120,0.97
test_12121,0.03
test_12122,0.483058
test_12123,0.928767
test_12124,0.546125
test_12125,0.454885
test_12126,0.827655
test_12127,0.97
test_12128,0.97
test_12129,0.163769
test_12130,0.97
test_12131,0.97
test_12132,0.03
test_12133,0.97
test_12134,0.97
test_12135,0.03
test_12136,0.363314
test_12137,0.97
test_12138,0.068043
test_12139,0.933576
test_12140,0.140161
test_12141,0.231678
test_12142,0.97
test_12143,0.97
test_12144,0.195135
test_12145,0.056051
test_12146,0.97
test_12147,0.03
test_12148,0.03
test_12149,0.97
test_12150,0.03
test_12151,0.97
test_12152,0.715327
test_12153,0.099926
test_12154,0.97
test_12155,0.686604
test_12156,0.03
test_12157,0.611736
test_12158,0.03
test_12159,0.97
test_12160,0.881607
test_12161,0.97
test_12162,0.97
test_12163,0.128602
test_12164,0.97
test_12165,0.152231
test_12166,0.97
test_12167,0.949897
test_12168,0.03
test_12169,0.961495
test_12170,0.055791
test_12171,0.03
test_12172,0.97
test_12173,0.97
test_12174,0.465828
test_12175,0.97
test_12176,0.03
test_12177,0.064714
test_12178,0.043614
test_12179,0.845358
test_12180,0.97
test_12181,0.97
test_12182,0.842136
test_12183,0.97
test_12184,0.03
test_12185,0.902676
test_12186,0.933118
test_12187,0.145627
test_12188,0.03
test_12189,0.493713
test_12190,0.97
test_12191,0.97
test_12192,0.787871
test_12193,0.215688
test_12194,0.03
test_12195,0.03
test_12196,0.03
test_12197,0.16847
test_12198,0.446034
test_12199,0.97
test_12200,0.410688
test_12201,0.03
test_12202,0.961634
test_12203,0.97
test_12204,0.03
test_12205,0.297264
test_12206,0.490169
test_12207,0.03
test_12208,0.82106
test_12209,0.97
test_12210,0.03
test_12211,0.03
test_12212,0.97
test_12213,0.03
test_12214,0.97
test_12215,0.79339
test_12216,0.782864
test_12217,0.03
test_12218,0.072906
test_12219,0.03
test_12220,0.402521
test_12221,0.03
test_12222,0.030795
test_12223,0.03
test_12224,0.336891
test_12225,0.03
test_12226,0.03
test_12227,0.491676
test_12228,0.97
test_12229,0.134973
test_12230,0.741168
test_12231,0.424695
test_12232,0.489417
test_12233,0.13227
test_12234,0.711137
test_12235,0.03
test_12236,0.03
test_12237,0.97
test_12238,0.959434
test_12239,0.97
test_12240,0.598502
test_12241,0.133036
test_12242,0.03
test_12243,0.946883
test_12244,0.03
test_12245,0.275826
test_12246,0.97
test_12247,0.03
test_12248,0.03
test_12249,0.056047
test_12250,0.807963
test_12251,0.03
test_12252,0.143978
test_12253,0.97
test_12254,0.97
test_12255,0.439548
test_12256,0.590739
test_12257,0.775141
test_12258,0.03
test_12259,0.871687
test_12260,0.082604
test_12261,0.97
test_12262,0.928443
test_12263,0.97
test_12264,0.200133
test_12265,0.03
test_12266,0.108152
test_12267,0.118492
test_12268,0.03
test_12269,0.97
test_12270,0.423681
test_12271,0.123404
test_12272,0.902765
test_12273,0.03
test_12274,0.548176
test_12275,0.03
test_12276,0.127482
test_12277,0.97
test_12278,0.03
test_12279,0.924438
test_12280,0.97
test_12281,0.044747
test_12282,0.03
test_12283,0.648829
test_12284,0.03
test_12285,0.080233
test_12286,0.03
test_12287,0.71502
test_12288,0.97
test_12289,0.03
test_12290,0.308409
test_12291,0.856966
test_12292,0.543841
test_12293,0.070375
test_12294,0.227122
test_12295,0.23145
test_12296,0.911813
test_12297,0.031364
test_12298,0.785208
test_12299,0.102225
test_12300,0.03
test_12301,0.124442
test_12302,0.03
test_12303,0.03
test_12304,0.860527
test_12305,0.20604
test_12306,0.640279
test_12307,0.97
test_12308,0.959385
test_12309,0.940666
test_12310,0.074457
test_12311,0.331263
test_12312,0.97
test_12313,0.03
test_12314,0.97
test_12315,0.950168
test_12316,0.03
test_12317,0.03
test_12318,0.03
test_12319,0.580445
test_12320,0.97
test_12321,0.837646
test_12322,0.03
test_12323,0.151863
test_12324,0.03
test_12325,0.97
test_12326,0.97
test_12327,0.97
test_12328,0.03
test_12329,0.05532
test_12330,0.893203
test_12331,0.03
test_12332,0.61419
test_12333,0.03
test_12334,0.03
test_12335,0.663228
test_12336,0.03
test_12337,0.03
test_12338,0.03
test_12339,0.339009
test_12340,0.969979
test_12341,0.03
test_12342,0.03
test_12343,0.03
test_12344,0.077954
test_12345,0.891218
test_12346,0.97
test_12347,0.772674
test_12348,0.216957
test_12349,0.901152
test_12350,0.039627
test_12351,0.03
test_12352,0.943182
test_12353,0.97
test_12354,0.419522
test_12355,0.03
test_12356,0.848135
test_12357,0.97
test_12358,0.168214
test_12359,0.97
test_12360,0.078374
test_12361,0.97
test_12362,0.474646
test_12363,0.34376
test_12364,0.03
test_12365,0.97
test_12366,0.316585
test_12367,0.228572
test_12368,0.97
test_12369,0.67081
test_12370,0.043422
test_12371,0.97
test_12372,0.97
test_12373,0.97
test_12374,0.0421
test_12375,0.97
test_12376,0.03916
test_12377,0.050151
test_12378,0.03
test_12379,0.03
test_12380,0.03
test_12381,0.065123
test_12382,0.077149
test_12383,0.03
test_12384,0.97
test_12385,0.03
test_12386,0.968338
test_12387,0.97
test_12388,0.03
test_12389,0.486529
test_12390,0.940503
test_12391,0.148711
test_12392,0.03
test_12393,0.03
test_12394,0.834898
test_12395,0.97
test_12396,0.658143
test_12397,0.03
test_12398,0.387572
test_12399,0.03
test_12400,0.97
test_12401,0.03
test_12402,0.123114
test_12403,0.82764
test_12404,0.03
test_12405,0.03
test_12406,0.436003
test_12407,0.068733
test_12408,0.97
test_12409,0.958782
test_12410,0.03
test_12411,0.97
test_12412,0.97
test_12413,0.441411
test_12414,0.03
test_12415,0.551061
test_12416,0.97
test_12417,0.278486
test_12418,0.97
test_12419,0.271536
test_12420,0.942737
test_12421,0.03
test_12422,0.97
test_12423,0.03
test_12424,0.894076
test_12425,0.032806
test_12426,0.97
test_12427,0.05315
test_12428,0.97
test_12429,0.939816
test_12430,0.97
test_12431,0.97
test_12432,0.97
test_12433,0.268739
test_12434,0.225918
test_12435,0.03
test_12436,0.03
test_12437,0.040248
test_12438,0.03
test_12439,0.03
test_12440,0.97
test_12441,0.97
test_12442,0.889926
test_12443,0.03
test_12444,0.03
test_12445,0.97
test_12446,0.97
test_12447,0.03
test_12448,0.03
test_12449,0.404363
test_12450,0.97
test_12451,0.97
test_12452,0.97
test_12453,0.97
test_12454,0.969933
test_12455,0.125
test_12456,0.495107
test_12457,0.03
test_12458,0.97
test_12459,0.867252
test_12460,0.03
test_12461,0.97
test_12462,0.034817
test_12463,0.03
test_12464,0.201266
test_12465,0.97
test_12466,0.03
test_12467,0.782168
test_12468,0.3407
test_12469,0.058029
test_12470,0.589774
test_12471,0.072324
test_12472,0.03
test_12473,0.187825
test_12474,0.17581
test_12475,0.891351
test_12476,0.961284
test_12477,0.066354
test_12478,0.863699
test_12479,0.068647
test_12480,0.03
test_12481,0.183829
test_12482,0.709546
test_12483,0.03
test_12484,0.97
test_12485,0.03
test_12486,0.0413
test_12487,0.912815
test_12488,0.038726
test_12489,0.97
test_12490,0.135067
test_12491,0.03
test_12492,0.856363
test_12493,0.522364
test_12494,0.97
test_12495,0.03
test_12496,0.746578
test_12497,0.03
test_12498,0.711676
test_12499,0.97
test_12500,0.03
test_12501,0.97
test_12502,0.03
test_12503,0.97
test_12504,0.97
test_12505,0.560099
test_12506,0.97
test_12507,0.834155
test_12508,0.97
test_12509,0.03
test_12510,0.97
test_12511,0.076078
test_12512,0.03
test_12513,0.457896
test_12514,0.97
test_12515,0.03
test_12516,0.537883
test_12517,0.03
test_12518,0.065363
test_12519,0.050713
test_12520,0.164546
test_12521,0.03
test_12522,0.147099
test_12523,0.03
test_12524,0.97
test_12525,0.03
test_12526,0.97
test_12527,0.03
test_12528,0.03
test_12529,0.03
test_12530,0.91955
test_12531,0.03
test_12532,0.960847
test_12533,0.97
test_12534,0.97
test_12535,0.873312
test_12536,0.03
test_12537,0.03
test_12538,0.97
test_12539,0.03
test_12540,0.563884
test_12541,0.352054
test_12542,0.240391
test_12543,0.03
test_12544,0.037739
test_12545,0.97
test_12546,0.080535
test_12547,0.03
test_12548,0.221649
test_12549,0.55933
test_12550,0.653721
test_12551,0.070124
test_12552,0.898323
test_12553,0.03
test_12554,0.631653
test_12555,0.97
test_12556,0.432561
test_12557,0.19724
test_12558,0.03
test_12559,0.97
test_12560,0.97
test_12561,0.655973
test_12562,0.275428
test_12563,0.97
test_12564,0.03
test_12565,0.03
test_12566,0.97
test_12567,0.20332
test_12568,0.03
test_12569,0.956813
test_12570,0.97
test_12571,0.03
test_12572,0.734057
test_12573,0.03
test_12574,0.03
test_12575,0.03
test_12576,0.184518
test_12577,0.638762
test_12578,0.135793
test_12579,0.403994
test_12580,0.03
test_12581,0.97
test_12582,0.1905
test_12583,0.963339
test_12584,0.073607
test_12585,0.97
test_12586,0.03
test_12587,0.135081
test_12588,0.03
test_12589,0.03
test_12590,0.840701
test_12591,0.959723
test_12592,0.03
test_12593,0.03
test_12594,0.489772
test_12595,0.881165
test_12596,0.03
test_12597,0.97
test_12598,0.03
test_12599,0.03
test_12600,0.97
test_12601,0.950106
test_12602,0.948877
test_12603,0.97
test_12604,0.03
test_12605,0.327865
test_12606,0.811058
test_12607,0.03
test_12608,0.040279
test_12609,0.957625
test_12610,0.918946
test_12611,0.03
test_12612,0.03
test_12613,0.925788
test_12614,0.97
test_12615,0.97
test_12616,0.03
test_12617,0.03
test_12618,0.03
test_12619,0.97
test_12620,0.702326
test_12621,0.03
test_12622,0.03
test_12623,0.460611
test_12624,0.03
test_12625,0.03
test_12626,0.03
test_12627,0.238936
test_12628,0.03
test_12629,0.935966
test_12630,0.03
test_12631,0.97
test_12632,0.516054
test_12633,0.387644
test_12634,0.03
test_12635,0.034461
test_12636,0.97
test_12637,0.481693
test_12638,0.03
test_12639,0.97
test_12640,0.182689
test_12641,0.03
test_12642,0.788999
test_12643,0.97
test_12644,0.03
test_12645,0.97
test_12646,0.97
test_12647,0.03
test_12648,0.134673
test_12649,0.38639
test_12650,0.97
test_12651,0.97
test_12652,0.03
test_12653,0.97
test_12654,0.052992
test_12655,0.964953
test_12656,0.961099
test_12657,0.97
test_12658,0.42005
test_12659,0.03
test_12660,0.275621
test_12661,0.776013
test_12662,0.931981
test_12663,0.03
test_12664,0.03
test_12665,0.746851
test_12666,0.03
test_12667,0.97
test_12668,0.934375
test_12669,0.03
test_12670,0.948594
test_12671,0.800536
test_12672,0.03
test_12673,0.03
test_12674,0.264033
test_12675,0.03
test_12676,0.97
test_12677,0.97
test_12678,0.322028
test_12679,0.97
test_12680,0.845603
test_12681,0.517487
test_12682,0.950463
test_12683,0.03
test_12684,0.97
test_12685,0.03
test_12686,0.579364
test_12687,0.97
test_12688,0.97
test_12689,0.397704
test_12690,0.042233
test_12691,0.895779
test_12692,0.676595
test_12693,0.530716
test_12694,0.051252
test_12695,0.03
test_12696,0.03
test_12697,0.03
test_12698,0.391447
test_12699,0.050567
test_12700,0.05281
test_12701,0.08453
test_12702,0.03
test_12703,0.062397
test_12704,0.97
test_12705,0.97
test_12706,0.03
test_12707,0.943273
test_12708,0.97
test_12709,0.943344
test_12710,0.067681
test_12711,0.060519
test_12712,0.806304
test_12713,0.297525
test_12714,0.03
test_12715,0.826804
test_12716,0.03
test_12717,0.295332
test_12718,0.275232
test_12719,0.800969
test_12720,0.056299
test_12721,0.97
test_12722,0.945155
test_12723,0.03
test_12724,0.03
test_12725,0.97
test_12726,0.97
test_12727,0.668569
test_12728,0.641432
test_12729,0.944752
test_12730,0.128899
test_12731,0.90147
test_12732,0.158756
test_12733,0.905431
test_12734,0.97
test_12735,0.97
test_12736,0.878872
test_12737,0.97
test_12738,0.03
test_12739,0.97
test_12740,0.034792
test_12741,0.03
test_12742,0.041443
test_12743,0.364134
test_12744,0.045787
test_12745,0.040645
test_12746,0.97
test_12747,0.934791
test_12748,0.403324
test_12749,0.03
test_12750,0.03
test_12751,0.19775
test_12752,0.97
test_12753,0.136452
test_12754,0.03
test_12755,0.378295
test_12756,0.97
test_12757,0.141006
test_12758,0.618643
test_12759,0.03
test_12760,0.932603
test_12761,0.97
test_12762,0.03
test_12763,0.090678
test_12764,0.03
test_12765,0.965036
test_12766,0.03
test_12767,0.03
test_12768,0.97
test_12769,0.97
test_12770,0.03
test_12771,0.03
test_12772,0.82466
test_12773,0.97
test_12774,0.03
test_12775,0.97
test_12776,0.03
test_12777,0.03
test_12778,0.97
test_12779,0.03
test_12780,0.97
test_12781,0.97
test_12782,0.03
test_12783,0.793384
test_12784,0.699877
test_12785,0.939293
test_12786,0.937689
test_12787,0.97
test_12788,0.03
test_12789,0.949876
test_12790,0.131362
test_12791,0.03
test_12792,0.03
test_12793,0.559886
test_12794,0.419057
test_12795,0.97
test_12796,0.97
test_12797,0.97
test_12798,0.926178
test_12799,0.258669
test_12800,0.187555
test_12801,0.925893
test_12802,0.03
test_12803,0.97
test_12804,0.97
test_12805,0.483834
test_12806,0.155851
test_12807,0.854652
test_12808,0.03
test_12809,0.862799
test_12810,0.319928
test_12811,0.08088
test_12812,0.921496
test_12813,0.298143
test_12814,0.76522
test_12815,0.03
test_12816,0.759942
test_12817,0.03
test_12818,0.03
test_12819,0.03
test_12820,0.97
test_12821,0.03
test_12822,0.245051
test_12823,0.97
test_12824,0.03
test_12825,0.074607
test_12826,0.06563
test_12827,0.03
test_12828,0.040571
test_12829,0.927242
test_12830,0.03
test_12831,0.036484
test_12832,0.97
test_12833,0.03
test_12834,0.97
test_12835,0.499687
test_12836,0.773709
test_12837,0.97
test_12838,0.97
test_12839,0.03
test_12840,0.03
test_12841,0.03
test_12842,0.060959
test_12843,0.97
test_12844,0.414592
test_12845,0.03
test_12846,0.03
test_12847,0.353967
test_12848,0.948835
test_12849,0.03
test_12850,0.706084
test_12851,0.103304
test_12852,0.03
test_12853,0.97
test_12854,0.461541
test_12855,0.221107
test_12856,0.97
test_12857,0.615911
test_12858,0.03
test_12859,0.97
test_12860,0.97
test_12861,0.084672
test_12862,0.03
test_12863,0.03
test_12864,0.03
test_12865,0.97
test_12866,0.03
test_12867,0.932739
test_12868,0.101158
test_12869,0.03
test_12870,0.97
test_12871,0.97
test_12872,0.063854
test_12873,0.769492
test_12874,0.97
test_12875,0.03
test_12876,0.841593
test_12877,0.03
test_12878,0.97
test_12879,0.436142
test_12880,0.078125
test_12881,0.03
test_12882,0.97
test_12883,0.093545
test_12884,0.693245
test_12885,0.03
test_12886,0.97
test_12887,0.740054
test_12888,0.032215
test_12889,0.190353
test_12890,0.97
test_12891,0.03
test_12892,0.03
test_12893,0.97
test_12894,0.03
test_12895,0.914793
test_12896,0.97
test_12897,0.855532
test_12898,0.03
test_12899,0.429173
test_12900,0.97
test_12901,0.873632
test_12902,0.953015
test_12903,0.114137
test_12904,0.111914
test_12905,0.97
test_12906,0.596163
test_12907,0.03
test_12908,0.97
test_12909,0.944889
test_12910,0.03
test_12911,0.97
test_12912,0.97
test_12913,0.03
test_12914,0.03
test_12915,0.97
test_12916,0.97
test_12917,0.97
test_12918,0.03
test_12919,0.921375
test_12920,0.97
test_12921,0.03
test_12922,0.03
test_12923,0.140523
test_12924,0.97
test_12925,0.97
test_12926,0.97
test_12927,0.758841
test_12928,0.03
test_12929,0.959597
test_12930,0.97
test_12931,0.186455
test_12932,0.03
test_12933,0.97
test_12934,0.307916
test_12935,0.729239
test_12936,0.519778
test_12937,0.413674
test_12938,0.034898
test_12939,0.97
test_12940,0.97
test_12941,0.086098
test_12942,0.06687
test_12943,0.03
test_12944,0.97
test_12945,0.106093
test_12946,0.97
test_12947,0.915743
test_12948,0.577122
test_12949,0.03
test_12950,0.946993
test_12951,0.273106
test_12952,0.560054
test_12953,0.97
test_12954,0.03
test_12955,0.417736
test_12956,0.97
test_12957,0.219036
test_12958,0.03
test_12959,0.172448
test_12960,0.884399
test_12961,0.055914
test_12962,0.03
test_12963,0.97
test_12964,0.076755
test_12965,0.938775
test_12966,0.907931
test_12967,0.03
test_12968,0.03
test_12969,0.03
test_12970,0.792532
test_12971,0.03
test_12972,0.229276
test_12973,0.03
test_12974,0.03
test_12975,0.03
test_12976,0.03
test_12977,0.03
test_12978,0.97
test_12979,0.45124
test_12980,0.03
test_12981,0.97
test_12982,0.97
test_12983,0.312867
test_12984,0.040984
test_12985,0.614063
test_12986,0.97
test_12987,0.321111
test_12988,0.428267
test_12989,0.95537
test_12990,0.674004
test_12991,0.216296
test_12992,0.03
test_12993,0.97
test_12994,0.03
test_12995,0.951398
test_12996,0.714272
test_12997,0.03
test_12998,0.97
test_12999,0.97
test_13000,0.97
test_13001,0.97
test_13002,0.03
test_13003,0.97
test_13004,0.34936
test_13005,0.225824
test_13006,0.03
test_13007,0.048935
test_13008,0.164596
test_13009,0.933383
test_13010,0.650504
test_13011,0.22044
test_13012,0.876102
test_13013,0.047775
test_13014,0.662655
test_13015,0.97
test_13016,0.03
test_13017,0.401862
test_13018,0.03
test_13019,0.947878
test_13020,0.03
test_13021,0.03
test_13022,0.03
test_13023,0.97
test_13024,0.97
test_13025,0.97
test_13026,0.828264
test_13027,0.793065
test_13028,0.03
test_13029,0.077974
test_13030,0.03
test_13031,0.837979
test_13032,0.97
test_13033,0.03
test_13034,0.504002
test_13035,0.03
test_13036,0.513785
test_13037,0.97
test_13038,0.381432
test_13039,0.97
test_13040,0.97
test_13041,0.599399
test_13042,0.97
test_13043,0.857623
test_13044,0.742877
test_13045,0.03
test_13046,0.97
test_13047,0.33317
test_13048,0.03
test_13049,0.968158
test_13050,0.03
test_13051,0.03
test_13052,0.507976
test_13053,0.926304
test_13054,0.03
test_13055,0.390259
test_13056,0.97
test_13057,0.03
test_13058,0.03
test_13059,0.97
test_13060,0.97
test_13061,0.962334
test_13062,0.97
test_13063,0.055189
test_13064,0.07472
test_13065,0.969161
test_13066,0.927459
test_13067,0.451137
test_13068,0.865251
test_13069,0.97
test_13070,0.97
test_13071,0.97
test_13072,0.03
test_13073,0.166292
test_13074,0.97
test_13075,0.03
test_13076,0.03
test_13077,0.753844
test_13078,0.97
test_13079,0.97
test_13080,0.03
test_13081,0.03
test_13082,0.97
test_13083,0.849041
test_13084,0.97
test_13085,0.931282
test_13086,0.97
test_13087,0.476911
test_13088,0.957989
test_13089,0.97
test_13090,0.170093
test_13091,0.525671
test_13092,0.967537
test_13093,0.03
test_13094,0.929428
test_13095,0.97
test_13096,0.03
test_13097,0.236664
test_13098,0.03
test_13099,0.03
test_13100,0.03
test_13101,0.03
test_13102,0.045092
test_13103,0.03
test_13104,0.03
test_13105,0.97
test_13106,0.693101
test_13107,0.97
test_13108,0.898984
test_13109,0.03
test_13110,0.97
test_13111,0.153884
test_13112,0.97
test_13113,0.03
test_13114,0.03
test_13115,0.336089
test_13116,0.729231
test_13117,0.043875
test_13118,0.03866
test_13119,0.189522
test_13120,0.03
test_13121,0.03
test_13122,0.03
test_13123,0.06717
test_13124,0.849292
test_13125,0.97
test_13126,0.758822
test_13127,0.264471
test_13128,0.793442
test_13129,0.919216
test_13130,0.705195
test_13131,0.866624
test_13132,0.920778
test_13133,0.252327
test_13134,0.03
test_13135,0.03
test_13136,0.799478
test_13137,0.97
test_13138,0.773886
test_13139,0.053685
test_13140,0.052684
test_13141,0.97
test_13142,0.03
test_13143,0.97
test_13144,0.03
test_13145,0.312461
test_13146,0.899583
test_13147,0.366125
test_13148,0.03
test_13149,0.034242
test_13150,0.03
test_13151,0.97
test_13152,0.03
test_13153,0.97
test_13154,0.707709
test_13155,0.97
test_13156,0.454888
test_13157,0.97
test_13158,0.965257
test_13159,0.97
test_13160,0.03
test_13161,0.053721
test_13162,0.97
test_13163,0.97
test_13164,0.03
test_13165,0.838881
test_13166,0.881603
test_13167,0.03
test_13168,0.38614
test_13169,0.105011
test_13170,0.97
test_13171,0.356872
test_13172,0.97
test_13173,0.03
test_13174,0.97
test_13175,0.03
test_13176,0.03
test_13177,0.036175
test_13178,0.429634
test_13179,0.03
test_13180,0.746954
test_13181,0.074921
test_13182,0.97
test_13183,0.856613
test_13184,0.03
test_13185,0.97
test_13186,0.268999
test_13187,0.963
test_13188,0.255693
test_13189,0.042707
test_13190,0.477306
test_13191,0.03
test_13192,0.97
test_13193,0.622172
test_13194,0.97
test_13195,0.116315
test_13196,0.97
test_13197,0.03
test_13198,0.122796
test_13199,0.97
test_13200,0.174839
test_13201,0.036489
test_13202,0.346702
test_13203,0.923909
test_13204,0.110704
test_13205,0.042653
test_13206,0.03
test_13207,0.954174
test_13208,0.03
test_13209,0.03
test_13210,0.953
test_13211,0.97
test_13212,0.97
test_13213,0.115327
test_13214,0.03
test_13215,0.03
test_13216,0.933331
test_13217,0.97
test_13218,0.97
test_13219,0.03
test_13220,0.97
test_13221,0.03
test_13222,0.97
test_13223,0.145046
test_13224,0.97
test_13225,0.03
test_13226,0.97
test_13227,0.97
test_13228,0.3531
test_13229,0.03
test_13230,0.053715
test_13231,0.97
test_13232,0.97
test_13233,0.03
test_13234,0.863006
test_13235,0.03
test_13236,0.936164
test_13237,0.042947
test_13238,0.963875
test_13239,0.458273
test_13240,0.052732
test_13241,0.03
test_13242,0.077449
test_13243,0.129566
test_13244,0.969385
test_13245,0.42752
test_13246,0.97
test_13247,0.97
test_13248,0.951645
test_13249,0.834965
test_13250,0.97
test_13251,0.078568
test_13252,0.146118
test_13253,0.03
test_13254,0.127211
test_13255,0.409514
test_13256,0.03
test_13257,0.079322
test_13258,0.330074
test_13259,0.97
test_13260,0.210777
test_13261,0.03
test_13262,0.03
test_13263,0.03
test_13264,0.111338
test_13265,0.97
test_13266,0.97
test_13267,0.49108
test_13268,0.170329
test_13269,0.03
test_13270,0.03
test_13271,0.03
test_13272,0.03
test_13273,0.97
test_13274,0.03
test_13275,0.367965
test_13276,0.560234
test_13277,0.340062
test_13278,0.700091
test_13279,0.03
test_13280,0.03
test_13281,0.833396
test_13282,0.03
test_13283,0.106444
test_13284,0.639174
test_13285,0.03
test_13286,0.97
test_13287,0.03
test_13288,0.966912
test_13289,0.03
test_13290,0.97
test_13291,0.97
test_13292,0.97
test_13293,0.97
test_13294,0.749686
test_13295,0.97
test_13296,0.97
test_13297,0.03
test_13298,0.726971
test_13299,0.97
test_13300,0.51319
test_13301,0.144636
test_13302,0.97
test_13303,0.03
test_13304,0.97
test_13305,0.10157
test_13306,0.03
test_13307,0.03
test_13308,0.880168
test_13309,0.97
test_13310,0.97
test_13311,0.97
test_13312,0.244467
test_13313,0.666145
test_13314,0.84277
test_13315,0.97
test_13316,0.03
test_13317,0.97
test_13318,0.532964
test_13319,0.953521
test_13320,0.617668
test_13321,0.38084
test_13322,0.03253
test_13323,0.97
test_13324,0.03
test_13325,0.03
test_13326,0.050442
test_13327,0.97
test_13328,0.03
test_13329,0.03
test_13330,0.03
test_13331,0.267553
test_13332,0.03
test_13333,0.97
test_13334,0.104551
test_13335,0.201965
test_13336,0.035159
test_13337,0.97
test_13338,0.03
test_13339,0.682499
test_13340,0.067686
test_13341,0.97
test_13342,0.253655
test_13343,0.97
test_13344,0.918592
test_13345,0.03
test_13346,0.537293
test_13347,0.03
test_13348,0.771883
test_13349,0.03
test_13350,0.106118
test_13351,0.933955
test_13352,0.03
test_13353,0.136472
test_13354,0.97
test_13355,0.583468
test_13356,0.97
test_13357,0.03
test_13358,0.97
test_13359,0.97
test_13360,0.97
test_13361,0.513671
test_13362,0.952753
test_13363,0.03
test_13364,0.97
test_13365,0.558464
test_13366,0.97
test_13367,0.97
test_13368,0.272968
test_13369,0.686516
test_13370,0.800662
test_13371,0.97
test_13372,0.927001
test_13373,0.787682
test_13374,0.540836
test_13375,0.97
test_13376,0.97
test_13377,0.864171
test_13378,0.03
test_13379,0.03
test_13380,0.186124
test_13381,0.090967
test_13382,0.97
test_13383,0.97
test_13384,0.422113
test_13385,0.594132
test_13386,0.03
test_13387,0.03
test_13388,0.03
test_13389,0.03
test_13390,0.116391
test_13391,0.97
test_13392,0.4268
test_13393,0.828742
test_13394,0.97
test_13395,0.557229
test_13396,0.97
test_13397,0.678081
test_13398,0.417448
test_13399,0.965007
test_13400,0.97
test_13401,0.03
test_13402,0.863828
test_13403,0.765079
test_13404,0.97
test_13405,0.91963
test_13406,0.760394
test_13407,0.03
test_13408,0.320386
test_13409,0.266399
test_13410,0.11329
test_13411,0.97
test_13412,0.68731
test_13413,0.03
test_13414,0.041811
test_13415,0.97
test_13416,0.97
test_13417,0.03
test_13418,0.888898
test_13419,0.57284
test_13420,0.97
test_13421,0.03
test_13422,0.03
test_13423,0.189307
test_13424,0.584747
test_13425,0.03
test_13426,0.03
test_13427,0.97
test_13428,0.97
test_13429,0.895919
test_13430,0.057555
test_13431,0.97
test_13432,0.03
test_13433,0.03
test_13434,0.97
test_13435,0.961366
test_13436,0.03
test_13437,0.03
test_13438,0.80291
test_13439,0.97
test_13440,0.842501
test_13441,0.74973
test_13442,0.97
test_13443,0.71161
test_13444,0.97
test_13445,0.97
test_13446,0.03
test_13447,0.750856
test_13448,0.242951
test_13449,0.03
test_13450,0.565441
test_13451,0.03
test_13452,0.89545
test_13453,0.97
test_13454,0.03
test_13455,0.197661
test_13456,0.97
test_13457,0.132648
test_13458,0.868529
test_13459,0.941675
test_13460,0.785211
test_13461,0.03
test_13462,0.875032
test_13463,0.03
test_13464,0.03
test_13465,0.282347
test_13466,0.97
test_13467,0.03
test_13468,0.220952
test_13469,0.97
test_13470,0.56328
test_13471,0.949962
test_13472,0.933072
test_13473,0.97
test_13474,0.97
test_13475,0.97
test_13476,0.03
test_13477,0.97
test_13478,0.97
test_13479,0.97
test_13480,0.957453
test_13481,0.862969
test_13482,0.761245
test_13483,0.97
test_13484,0.309452
test_13485,0.951486
test_13486,0.743673
test_13487,0.05827
test_13488,0.03
test_13489,0.833909
test_13490,0.03
test_13491,0.818121
test_13492,0.866926
test_13493,0.566159
test_13494,0.03
test_13495,0.33365
test_13496,0.97
test_13497,0.052298
test_13498,0.18555
test_13499,0.03
test_13500,0.97
test_13501,0.084697
test_13502,0.191894
test_13503,0.03
test_13504,0.03
test_13505,0.03
test_13506,0.97
test_13507,0.116386
test_13508,0.97
test_13509,0.462673
test_13510,0.553808
test_13511,0.652188
test_13512,0.97
test_13513,0.031927
test_13514,0.093505
test_13515,0.198901
test_13516,0.03
test_13517,0.487936
test_13518,0.03
test_13519,0.32289
test_13520,0.41483
test_13521,0.97
test_13522,0.03
test_13523,0.97
test_13524,0.464973
test_13525,0.631662
test_13526,0.03
test_13527,0.97
test_13528,0.97
test_13529,0.97
test_13530,0.97
test_13531,0.03
test_13532,0.157553
test_13533,0.97
test_13534,0.03
test_13535,0.97
test_13536,0.032039
test_13537,0.03
test_13538,0.03
test_13539,0.03
test_13540,0.842184
test_13541,0.97
test_13542,0.03
test_13543,0.03
test_13544,0.97
test_13545,0.185192
test_13546,0.97
test_13547,0.290054
test_13548,0.833703
test_13549,0.232461
test_13550,0.03
test_13551,0.892966
test_13552,0.03
test_13553,0.97
test_13554,0.97
test_13555,0.03
test_13556,0.306595
test_13557,0.97
test_13558,0.03
test_13559,0.03
test_13560,0.051342
test_13561,0.091024
test_13562,0.03
test_13563,0.97
test_13564,0.97
test_13565,0.901873
test_13566,0.895921
test_13567,0.937541
test_13568,0.857028
test_13569,0.73698
test_13570,0.97
test_13571,0.03
test_13572,0.97
test_13573,0.97
test_13574,0.549751
test_13575,0.97
test_13576,0.154746
test_13577,0.03
test_13578,0.704379
test_13579,0.03
test_13580,0.052504
test_13581,0.939094
test_13582,0.97
test_13583,0.03
test_13584,0.97
test_13585,0.97
test_13586,0.97
test_13587,0.106918
test_13588,0.806152
test_13589,0.941783
test_13590,0.03
test_13591,0.031437
test_13592,0.97
test_13593,0.97
test_13594,0.918163
test_13595,0.03
test_13596,0.03
test_13597,0.03
test_13598,0.03
test_13599,0.935025
test_13600,0.055512
test_13601,0.97
test_13602,0.97
test_13603,0.97
test_13604,0.97
test_13605,0.03
test_13606,0.885738
test_13607,0.03
test_13608,0.03
test_13609,0.813094
test_13610,0.960608
test_13611,0.838054
test_13612,0.97
test_13613,0.77612
test_13614,0.84142
test_13615,0.962123
test_13616,0.03
test_13617,0.97
test_13618,0.03
test_13619,0.97
test_13620,0.821176
test_13621,0.342994
test_13622,0.97
test_13623,0.03
test_13624,0.03
test_13625,0.913731
test_13626,0.03
test_13627,0.03
test_13628,0.030486
test_13629,0.03
test_13630,0.0943
test_13631,0.03
test_13632,0.97
test_13633,0.034444
test_13634,0.97
test_13635,0.97
test_13636,0.97
test_13637,0.449906
test_13638,0.97
test_13639,0.171026
test_13640,0.172994
test_13641,0.428758
test_13642,0.517692
test_13643,0.03
test_13644,0.03
test_13645,0.97
test_13646,0.97
test_13647,0.954219
test_13648,0.151113
test_13649,0.03
test_13650,0.03
test_13651,0.308838
test_13652,0.03
test_13653,0.97
test_13654,0.03
test_13655,0.03
test_13656,0.47173
test_13657,0.03
test_13658,0.842327
test_13659,0.97
test_13660,0.03
test_13661,0.126522
test_13662,0.869707
test_13663,0.03
test_13664,0.97
test_13665,0.03
test_13666,0.97
test_13667,0.03
test_13668,0.03
test_13669,0.97
test_13670,0.03
test_13671,0.85374
test_13672,0.03
test_13673,0.03
test_13674,0.176476
test_13675,0.03
test_13676,0.958412
test_13677,0.058674
test_13678,0.03
test_13679,0.03
test_13680,0.446016
test_13681,0.97
test_13682,0.671379
test_13683,0.97
test_13684,0.03
test_13685,0.81491
test_13686,0.03
test_13687,0.97
test_13688,0.97
test_13689,0.97
test_13690,0.03
test_13691,0.97
test_13692,0.704416
test_13693,0.05683
test_13694,0.03
test_13695,0.97
test_13696,0.97
test_13697,0.078691
test_13698,0.97
test_13699,0.97
test_13700,0.97
test_13701,0.03
test_13702,0.97
test_13703,0.034597
test_13704,0.03
test_13705,0.97
test_13706,0.03
test_13707,0.065196
test_13708,0.03
test_13709,0.873248
test_13710,0.065075
test_13711,0.827407
test_13712,0.529568
test_13713,0.788783
test_13714,0.03
test_13715,0.155964
test_13716,0.03
test_13717,0.97
test_13718,0.93716
test_13719,0.488815
test_13720,0.97
test_13721,0.97
test_13722,0.087012
test_13723,0.0518
test_13724,0.03
test_13725,0.97
test_13726,0.590367
test_13727,0.721273
test_13728,0.03
test_13729,0.97
test_13730,0.03
test_13731,0.03
test_13732,0.97
test_13733,0.97
test_13734,0.03
test_13735,0.97
test_13736,0.752262
test_13737,0.03
test_13738,0.940323
test_13739,0.97
test_13740,0.03
test_13741,0.147606
test_13742,0.03
test_13743,0.03
test_13744,0.278734
test_13745,0.921283
test_13746,0.03
test_13747,0.03
test_13748,0.03
test_13749,0.62639
test_13750,0.03
test_13751,0.97
test_13752,0.623016
test_13753,0.97
test_13754,0.92448
test_13755,0.03
test_13756,0.97
test_13757,0.040894
test_13758,0.03
test_13759,0.862118
test_13760,0.03
test_13761,0.03
test_13762,0.03
test_13763,0.97
test_13764,0.97
test_13765,0.97
test_13766,0.03
test_13767,0.778877
test_13768,0.97
test_13769,0.97
test_13770,0.221262
test_13771,0.838739
test_13772,0.03
test_13773,0.069643
test_13774,0.641377
test_13775,0.03
test_13776,0.91148
test_13777,0.191027
test_13778,0.940192
test_13779,0.190847
test_13780,0.97
test_13781,0.201483
test_13782,0.97
test_13783,0.070978
test_13784,0.03
test_13785,0.97
test_13786,0.314002
test_13787,0.494082
test_13788,0.058543
test_13789,0.813849
test_13790,0.574534
test_13791,0.03
test_13792,0.527324
test_13793,0.03
test_13794,0.03
test_13795,0.03
test_13796,0.97
test_13797,0.97
test_13798,0.03
test_13799,0.19112
test_13800,0.943852
test_13801,0.572036
test_13802,0.03669
test_13803,0.03
test_13804,0.03
test_13805,0.466539
test_13806,0.10269
test_13807,0.03
test_13808,0.97
test_13809,0.618149
test_13810,0.97
test_13811,0.03
test_13812,0.914608
test_13813,0.97
test_13814,0.03
test_13815,0.97
test_13816,0.97
test_13817,0.904993
test_13818,0.03
test_13819,0.145468
test_13820,0.97
test_13821,0.157908
test_13822,0.042337
test_13823,0.97
test_13824,0.03
test_13825,0.03
test_13826,0.481447
test_13827,0.97
test_13828,0.694142
test_13829,0.97
test_13830,0.97
test_13831,0.03
test_13832,0.421452
test_13833,0.97
test_13834,0.968843
test_13835,0.97
test_13836,0.883955
test_13837,0.754626
test_13838,0.194138
test_13839,0.918284
test_13840,0.80821
test_13841,0.03
test_13842,0.97
test_13843,0.207683
test_13844,0.03
test_13845,0.909127
test_13846,0.97
test_13847,0.03
test_13848,0.97
test_13849,0.066742
test_13850,0.97
test_13851,0.946366
test_13852,0.506356
test_13853,0.97
test_13854,0.085326
test_13855,0.031423
test_13856,0.03
test_13857,0.97
test_13858,0.841459
test_13859,0.661857
test_13860,0.099423
test_13861,0.97
test_13862,0.939921
test_13863,0.97
test_13864,0.391258
test_13865,0.97
test_13866,0.03
test_13867,0.633484
test_13868,0.03
test_13869,0.92055
test_13870,0.449128
test_13871,0.090312
test_13872,0.03
test_13873,0.911673
test_13874,0.97
test_13875,0.03
test_13876,0.97
test_13877,0.03
test_13878,0.853139
test_13879,0.039312
test_13880,0.633504
test_13881,0.97
test_13882,0.03
test_13883,0.97
test_13884,0.03
test_13885,0.032425
test_13886,0.03
test_13887,0.805089
test_13888,0.97
test_13889,0.12738
test_13890,0.03
test_13891,0.97
test_13892,0.914158
test_13893,0.03
test_13894,0.03
test_13895,0.03
test_13896,0.97
test_13897,0.03
test_13898,0.97
test_13899,0.97
test_13900,0.930115
test_13901,0.03
test_13902,0.03
test_13903,0.30371
test_13904,0.895394
test_13905,0.220972
test_13906,0.455092
test_13907,0.97
test_13908,0.03
test_13909,0.277565
test_13910,0.97
test_13911,0.264986
test_13912,0.97
test_13913,0.03
test_13914,0.03
test_13915,0.03
test_13916,0.826697
test_13917,0.03
test_13918,0.146694
test_13919,0.97
test_13920,0.484295
test_13921,0.97
test_13922,0.047893
test_13923,0.97
test_13924,0.958721
test_13925,0.97
test_13926,0.949146
test_13927,0.03
test_13928,0.97
test_13929,0.497232
test_13930,0.97
test_13931,0.708112
test_13932,0.97
test_13933,0.03
test_13934,0.03
test_13935,0.03
test_13936,0.621811
test_13937,0.97
test_13938,0.744608
test_13939,0.97
test_13940,0.97
test_13941,0.303741
test_13942,0.03
test_13943,0.252103
test_13944,0.97
test_13945,0.327983
test_13946,0.122754
test_13947,0.792991
test_13948,0.03
test_13949,0.03
test_13950,0.03
test_13951,0.14523
test_13952,0.97
test_13953,0.820381
test_13954,0.301115
test_13955,0.97
test_13956,0.97
test_13957,0.415657
test_13958,0.157589
test_13959,0.03
test_13960,0.97
test_13961,0.97
test_13962,0.315807
test_13963,0.957443
test_13964,0.932012
test_13965,0.97
test_13966,0.122009
test_13967,0.97
test_13968,0.77182
test_13969,0.319151
test_13970,0.731921
test_13971,0.954187
test_13972,0.03
test_13973,0.97
test_13974,0.885177
test_13975,0.97
test_13976,0.927278
test_13977,0.97
test_13978,0.624912
test_13979,0.045394
test_13980,0.846595
test_13981,0.03
test_13982,0.062872
test_13983,0.97
test_13984,0.199772
test_13985,0.97
test_13986,0.359973
test_13987,0.219396
test_13988,0.97
test_13989,0.97
test_13990,0.97
test_13991,0.385053
test_13992,0.97
test_13993,0.094241
test_13994,0.14734
test_13995,0.057083
test_13996,0.938217
test_13997,0.03
test_13998,0.03
test_13999,0.97
test_14000,0.03
test_14001,0.037829
test_14002,0.068266
test_14003,0.936666
test_14004,0.95518
test_14005,0.058232
test_14006,0.97
test_14007,0.97
test_14008,0.946969
test_14009,0.376634
test_14010,0.03
test_14011,0.946732
test_14012,0.97
test_14013,0.97
test_14014,0.312067
test_14015,0.142924
test_14016,0.97
test_14017,0.03
test_14018,0.061731
test_14019,0.499483
test_14020,0.918831
test_14021,0.090313
test_14022,0.97
test_14023,0.03
test_14024,0.03
test_14025,0.967549
test_14026,0.464719
test_14027,0.03
test_14028,0.97
test_14029,0.03
test_14030,0.97
test_14031,0.967231
test_14032,0.03
test_14033,0.03
test_14034,0.03
test_14035,0.038953
test_14036,0.03
test_14037,0.03
test_14038,0.03
test_14039,0.964429
test_14040,0.557581
test_14041,0.272836
test_14042,0.97
test_14043,0.884406
test_14044,0.553681
test_14045,0.03
test_14046,0.741523
test_14047,0.97
test_14048,0.118675
test_14049,0.05398
test_14050,0.935503
test_14051,0.03
test_14052,0.131744
test_14053,0.97
test_14054,0.97
test_14055,0.03
test_14056,0.03
test_14057,0.97
test_14058,0.13246
test_14059,0.97
test_14060,0.03
test_14061,0.97
test_14062,0.211824
test_14063,0.03
test_14064,0.97
test_14065,0.97
test_14066,0.856205
test_14067,0.265981
test_14068,0.97
test_14069,0.615787
test_14070,0.349535
test_14071,0.04526
test_14072,0.436314
test_14073,0.083373
test_14074,0.97
test_14075,0.03
test_14076,0.03
test_14077,0.97
test_14078,0.957004
test_14079,0.97
test_14080,0.97
test_14081,0.03
test_14082,0.050942
test_14083,0.313616
test_14084,0.03
test_14085,0.97
test_14086,0.483583
test_14087,0.97
test_14088,0.97
test_14089,0.149337
test_14090,0.466041
test_14091,0.03
test_14092,0.935858
test_14093,0.968745
test_14094,0.728771
test_14095,0.957011
test_14096,0.969992
test_14097,0.363078
test_14098,0.864835
test_14099,0.138609
test_14100,0.630151
test_14101,0.97
test_14102,0.825597
test_14103,0.033289
test_14104,0.97
test_14105,0.244057
test_14106,0.957262
test_14107,0.78238
test_14108,0.03
test_14109,0.03
test_14110,0.03
test_14111,0.97
test_14112,0.03
test_14113,0.033705
test_14114,0.03
test_14115,0.03
test_14116,0.97
test_14117,0.97
test_14118,0.135113
test_14119,0.97
test_14120,0.03
test_14121,0.03
test_14122,0.939868
test_14123,0.97
test_14124,0.03
test_14125,0.737946
test_14126,0.292163
test_14127,0.863672
test_14128,0.03
test_14129,0.664817
test_14130,0.03
test_14131,0.092454
test_14132,0.97
test_14133,0.604707
test_14134,0.03
test_14135,0.08639
test_14136,0.337043
test_14137,0.424975
test_14138,0.45865
test_14139,0.03
test_14140,0.721493
test_14141,0.600462
test_14142,0.03
test_14143,0.03
test_14144,0.073425
test_14145,0.042472
test_14146,0.97
test_14147,0.97
test_14148,0.03
test_14149,0.558047
test_14150,0.16969
test_14151,0.074256
test_14152,0.97
test_14153,0.03
test_14154,0.843323
test_14155,0.485211
test_14156,0.03
test_14157,0.08121
test_14158,0.813059
test_14159,0.03
test_14160,0.153558
test_14161,0.03
test_14162,0.823415
test_14163,0.97
test_14164,0.734088
test_14165,0.97
test_14166,0.09607
test_14167,0.667657
test_14168,0.03
test_14169,0.03
test_14170,0.97
test_14171,0.644684
test_14172,0.03
test_14173,0.03
test_14174,0.720572
test_14175,0.97
test_14176,0.052
test_14177,0.03
test_14178,0.03
test_14179,0.97
test_14180,0.373918
test_14181,0.03
test_14182,0.032648
test_14183,0.03
test_14184,0.332234
test_14185,0.97
test_14186,0.03
test_14187,0.03
test_14188,0.065425
test_14189,0.399424
test_14190,0.97
test_14191,0.97
test_14192,0.912442
test_14193,0.095562
test_14194,0.811874
test_14195,0.97
test_14196,0.97
test_14197,0.710893
test_14198,0.217701
test_14199,0.032885
test_14200,0.367126
test_14201,0.03
test_14202,0.405513
test_14203,0.95043
test_14204,0.801508
test_14205,0.617522
test_14206,0.895626
test_14207,0.03
test_14208,0.97
test_14209,0.103648
test_14210,0.97
test_14211,0.06364
test_14212,0.97
test_14213,0.03
test_14214,0.862326
test_14215,0.851294
test_14216,0.6333
test_14217,0.03
test_14218,0.572432
test_14219,0.323353
test_14220,0.03
test_14221,0.97
test_14222,0.03
test_14223,0.03
test_14224,0.03
test_14225,0.97
test_14226,0.03
test_14227,0.97
test_14228,0.03
test_14229,0.97
test_14230,0.925324
test_14231,0.458071
test_14232,0.03
test_14233,0.97
test_14234,0.03
test_14235,0.03
test_14236,0.03
test_14237,0.97
test_14238,0.554989
test_14239,0.401214
test_14240,0.03
test_14241,0.97
test_14242,0.194771
test_14243,0.960602
test_14244,0.257597
test_14245,0.526084
test_14246,0.97
test_14247,0.95765
test_14248,0.97
test_14249,0.03
test_14250,0.957919
test_14251,0.905261
test_14252,0.201937
test_14253,0.97
test_14254,0.97
test_14255,0.437872
test_14256,0.170284
test_14257,0.588048
test_14258,0.522657
test_14259,0.97
test_14260,0.03
test_14261,0.03
test_14262,0.87724
test_14263,0.804331
test_14264,0.97
test_14265,0.149323
test_14266,0.095044
test_14267,0.615318
test_14268,0.03
test_14269,0.496813
test_14270,0.056127
test_14271,0.03
test_14272,0.03
test_14273,0.03
test_14274,0.97
test_14275,0.03
test_14276,0.03
test_14277,0.03
test_14278,0.663311
test_14279,0.97
test_14280,0.63468
test_14281,0.97
test_14282,0.381614
test_14283,0.03
test_14284,0.97
test_14285,0.808189
test_14286,0.97
test_14287,0.054396
test_14288,0.164311
test_14289,0.97
test_14290,0.216961
test_14291,0.97
test_14292,0.03
test_14293,0.97
test_14294,0.03
test_14295,0.97
test_14296,0.97
test_14297,0.473391
test_14298,0.97
test_14299,0.80018
test_14300,0.03
test_14301,0.03
test_14302,0.03
test_14303,0.234775
test_14304,0.91741
test_14305,0.050721
test_14306,0.942551
test_14307,0.97
test_14308,0.97
test_14309,0.03
test_14310,0.03
test_14311,0.97
test_14312,0.792699
test_14313,0.435718
test_14314,0.463586
test_14315,0.03
test_14316,0.03
test_14317,0.03
test_14318,0.03
test_14319,0.97
test_14320,0.03
test_14321,0.97
test_14322,0.97
test_14323,0.537234
test_14324,0.03
test_14325,0.838278
test_14326,0.03
test_14327,0.03
test_14328,0.97
test_14329,0.071197
test_14330,0.3498
test_14331,0.042237
test_14332,0.643144
test_14333,0.03
test_14334,0.962062
test_14335,0.97
test_14336,0.97
test_14337,0.03
test_14338,0.03
test_14339,0.75382
test_14340,0.468694
test_14341,0.97
test_14342,0.494748
test_14343,0.97
test_14344,0.567809
test_14345,0.03
test_14346,0.969158
test_14347,0.97
test_14348,0.088823
test_14349,0.812943
test_14350,0.03
test_14351,0.03
test_14352,0.03
test_14353,0.97
test_14354,0.03
test_14355,0.207388
test_14356,0.36436
test_14357,0.03
test_14358,0.97
test_14359,0.493806
test_14360,0.97
test_14361,0.03
test_14362,0.97
test_14363,0.03
test_14364,0.97
test_14365,0.0647
test_14366,0.934827
test_14367,0.927857
test_14368,0.370776
test_14369,0.95557
test_14370,0.97
test_14371,0.178537
test_14372,0.03
test_14373,0.174036
test_14374,0.095464
test_14375,0.526611
test_14376,0.03
test_14377,0.03
test_14378,0.97
test_14379,0.03
test_14380,0.967575
test_14381,0.127444
test_14382,0.03
test_14383,0.97
test_14384,0.03
test_14385,0.104218
test_14386,0.97
test_14387,0.169078
test_14388,0.03
test_14389,0.453444
test_14390,0.97
test_14391,0.97
test_14392,0.97
test_14393,0.800082
test_14394,0.97
test_14395,0.421465
test_14396,0.97
test_14397,0.97
test_14398,0.881253
test_14399,0.03
test_14400,0.411396
test_14401,0.97
test_14402,0.03
test_14403,0.97
test_14404,0.629773
test_14405,0.97
test_14406,0.262206
test_14407,0.03
test_14408,0.03
test_14409,0.950116
test_14410,0.923321
test_14411,0.03
test_14412,0.97
test_14413,0.808696
test_14414,0.03
test_14415,0.481158
test_14416,0.97
test_14417,0.03
test_14418,0.03
test_14419,0.03
test_14420,0.03
test_14421,0.97
test_14422,0.03
test_14423,0.080094
test_14424,0.03
test_14425,0.128601
test_14426,0.03
test_14427,0.390199
test_14428,0.052958
test_14429,0.97
test_14430,0.176985
test_14431,0.97
test_14432,0.03
test_14433,0.97
test_14434,0.97
test_14435,0.07494
test_14436,0.084477
test_14437,0.97
test_14438,0.97
test_14439,0.558076
test_14440,0.329078
test_14441,0.97
test_14442,0.03
test_14443,0.97
test_14444,0.96834
test_14445,0.03
test_14446,0.03
test_14447,0.97
test_14448,0.03
test_14449,0.03
test_14450,0.554673
test_14451,0.559793
test_14452,0.03
test_14453,0.832476
test_14454,0.03
test_14455,0.469074
test_14456,0.716169
test_14457,0.03
test_14458,0.932049
test_14459,0.703226
test_14460,0.149061
test_14461,0.04693
test_14462,0.918842
test_14463,0.4922
test_14464,0.97
test_14465,0.97
test_14466,0.792303
test_14467,0.159885
test_14468,0.037084
test_14469,0.045105
test_14470,0.226375
test_14471,0.03
test_14472,0.273267
test_14473,0.831364
test_14474,0.03
test_14475,0.03
test_14476,0.97
test_14477,0.97
test_14478,0.97
test_14479,0.783896
test_14480,0.856586
test_14481,0.20214
test_14482,0.888843
test_14483,0.849759
test_14484,0.97
test_14485,0.120337
test_14486,0.03
test_14487,0.656998
test_14488,0.97
test_14489,0.748169
test_14490,0.03
test_14491,0.97
test_14492,0.334064
test_14493,0.280434
test_14494,0.082383
test_14495,0.03
test_14496,0.03
test_14497,0.956719
test_14498,0.97
test_14499,0.03
test_14500,0.03
test_14501,0.03
test_14502,0.97
test_14503,0.534676
test_14504,0.113299
test_14505,0.03
test_14506,0.03
test_14507,0.97
test_14508,0.09783
test_14509,0.03
test_14510,0.745087
test_14511,0.625286
test_14512,0.97
test_14513,0.037352
test_14514,0.122638
test_14515,0.03
test_14516,0.97
test_14517,0.03
test_14518,0.671487
test_14519,0.103014
test_14520,0.03
test_14521,0.97
test_14522,0.081183
test_14523,0.97
test_14524,0.97
test_14525,0.224084
test_14526,0.037259
test_14527,0.595036
test_14528,0.97
test_14529,0.035873
test_14530,0.663128
test_14531,0.373693
test_14532,0.03
test_14533,0.355224
test_14534,0.719766
test_14535,0.03
test_14536,0.97
test_14537,0.03
test_14538,0.448617
test_14539,0.03
test_14540,0.936178
test_14541,0.03
test_14542,0.97
test_14543,0.03
test_14544,0.03
test_14545,0.847537
test_14546,0.701701
test_14547,0.97
test_14548,0.03
test_14549,0.499026
test_14550,0.97
test_14551,0.378815
test_14552,0.031975
test_14553,0.97
test_14554,0.03
test_14555,0.03
test_14556,0.97
test_14557,0.97
test_14558,0.184352
test_14559,0.034156
test_14560,0.03
test_14561,0.944612
test_14562,0.97
test_14563,0.97
test_14564,0.03
test_14565,0.947308
test_14566,0.161983
test_14567,0.97
test_14568,0.97
test_14569,0.733845
test_14570,0.97
test_14571,0.15927
test_14572,0.053829
test_14573,0.97
test_14574,0.734462
test_14575,0.03
test_14576,0.932694
test_14577,0.863559
test_14578,0.03
test_14579,0.03
test_14580,0.97
test_14581,0.760018
test_14582,0.97
test_14583,0.957932
test_14584,0.342855
test_14585,0.97
test_14586,0.040034
test_14587,0.03
test_14588,0.763102
test_14589,0.765322
test_14590,0.97
test_14591,0.97
test_14592,0.765185
test_14593,0.909837
test_14594,0.97
test_14595,0.97
test_14596,0.03
test_14597,0.697638
test_14598,0.03
test_14599,0.97
test_14600,0.97
test_14601,0.97
test_14602,0.94497
test_14603,0.870078
test_14604,0.211366
test_14605,0.03
test_14606,0.877499
test_14607,0.03
test_14608,0.97
test_14609,0.862399
test_14610,0.03
test_14611,0.198192
test_14612,0.03
test_14613,0.913563
test_14614,0.97
test_14615,0.97
test_14616,0.32251
test_14617,0.920348
test_14618,0.97
test_14619,0.97
test_14620,0.525653
test_14621,0.97
test_14622,0.97
test_14623,0.97
test_14624,0.97
test_14625,0.97
test_14626,0.97
test_14627,0.97
test_14628,0.519956
test_14629,0.97
test_14630,0.079287
test_14631,0.037652
test_14632,0.03
test_14633,0.97
test_14634,0.143602
test_14635,0.870149
test_14636,0.03
test_14637,0.127912
test_14638,0.438697
test_14639,0.03
test_14640,0.678753
test_14641,0.03
test_14642,0.03
test_14643,0.883213
test_14644,0.446675
test_14645,0.93914
test_14646,0.133745
test_14647,0.30269
test_14648,0.03
test_14649,0.317195
test_14650,0.97
test_14651,0.97
test_14652,0.084122
test_14653,0.904311
test_14654,0.03
test_14655,0.03
test_14656,0.247507
test_14657,0.500879
test_14658,0.03
test_14659,0.97
test_14660,0.03
test_14661,0.137302
test_14662,0.813884
test_14663,0.97
test_14664,0.97
test_14665,0.03
test_14666,0.97
test_14667,0.240642
test_14668,0.946454
test_14669,0.095693
test_14670,0.97
test_14671,0.03
test_14672,0.888263
test_14673,0.97
test_14674,0.958596
test_14675,0.97
test_14676,0.902109
test_14677,0.03
test_14678,0.97
test_14679,0.97
test_14680,0.089203
test_14681,0.97
test_14682,0.907562
test_14683,0.03
test_14684,0.833477
test_14685,0.957735
test_14686,0.657643
test_14687,0.03752
test_14688,0.564457
test_14689,0.03
test_14690,0.044342
test_14691,0.80085
test_14692,0.03
test_14693,0.97
test_14694,0.58047
test_14695,0.97
test_14696,0.97
test_14697,0.614088
test_14698,0.532791
test_14699,0.97
test_14700,0.97
test_14701,0.176025
test_14702,0.97
test_14703,0.03
test_14704,0.874813
test_14705,0.227833
test_14706,0.554129
test_14707,0.038208
test_14708,0.054371
test_14709,0.97
test_14710,0.97
test_14711,0.211469
test_14712,0.03
test_14713,0.97
test_14714,0.801768
test_14715,0.433322
test_14716,0.914346
test_14717,0.97
test_14718,0.03
test_14719,0.26495
test_14720,0.656649
test_14721,0.412818
test_14722,0.97
test_14723,0.97
test_14724,0.186353
test_14725,0.892532
test_14726,0.97
test_14727,0.681907
test_14728,0.114108
test_14729,0.775027
test_14730,0.907483
test_14731,0.97
test_14732,0.959074
test_14733,0.97
test_14734,0.03
test_14735,0.97
test_14736,0.965878
test_14737,0.941066
test_14738,0.03
test_14739,0.781421
test_14740,0.97
test_14741,0.03
test_14742,0.03
test_14743,0.97
test_14744,0.97
test_14745,0.97
test_14746,0.97
test_14747,0.97
test_14748,0.067068
test_14749,0.606755
test_14750,0.091618
test_14751,0.03
test_14752,0.03
test_14753,0.073735
test_14754,0.638164
test_14755,0.731135
test_14756,0.97
test_14757,0.97
test_14758,0.962356
test_14759,0.227083
test_14760,0.61798
test_14761,0.072898
test_14762,0.03
test_14763,0.17814
test_14764,0.97
test_14765,0.03
test_14766,0.97
test_14767,0.97
test_14768,0.964586
test_14769,0.97
test_14770,0.97
test_14771,0.97
test_14772,0.674945
test_14773,0.094966
test_14774,0.97
test_14775,0.03
test_14776,0.661267
test_14777,0.314734
test_14778,0.216733
test_14779,0.03
test_14780,0.97
test_14781,0.835725
test_14782,0.954863
test_14783,0.03
test_14784,0.753353
test_14785,0.90671
test_14786,0.036647
test_14787,0.457765
test_14788,0.824852
test_14789,0.412945
test_14790,0.91348
test_14791,0.832677
test_14792,0.959298
test_14793,0.97
test_14794,0.03
test_14795,0.97
test_14796,0.97
test_14797,0.97
test_14798,0.97
test_14799,0.907106
test_14800,0.121876
test_14801,0.03
test_14802,0.03
test_14803,0.840439
test_14804,0.03
test_14805,0.752987
test_14806,0.03
test_14807,0.03
test_14808,0.912187
test_14809,0.97
test_14810,0.472245
test_14811,0.03
test_14812,0.97
test_14813,0.97
test_14814,0.97
test_14815,0.97
test_14816,0.03
test_14817,0.97
test_14818,0.156441
test_14819,0.97
test_14820,0.03
test_14821,0.570898
test_14822,0.97
test_14823,0.048299
test_14824,0.33636
test_14825,0.1312
test_14826,0.750498
test_14827,0.97
test_14828,0.615484
test_14829,0.956207
test_14830,0.122005
test_14831,0.97
test_14832,0.03
test_14833,0.03
test_14834,0.230074
test_14835,0.03
test_14836,0.97
test_14837,0.03
test_14838,0.03
test_14839,0.435661
test_14840,0.215084
test_14841,0.97
test_14842,0.97
test_14843,0.03
test_14844,0.03
test_14845,0.97
test_14846,0.97
test_14847,0.97
test_14848,0.97
test_14849,0.97
test_14850,0.03
test_14851,0.97
test_14852,0.105291
test_14853,0.03
test_14854,0.03
test_14855,0.939558
test_14856,0.070089
test_14857,0.97
test_14858,0.147865
test_14859,0.882552
test_14860,0.03
test_14861,0.030808
test_14862,0.97
test_14863,0.50924
test_14864,0.03
test_14865,0.477377
test_14866,0.194802
test_14867,0.152996
test_14868,0.075352
test_14869,0.97
test_14870,0.03
test_14871,0.968781
test_14872,0.97
test_14873,0.305596
test_14874,0.722697
test_14875,0.622697
test_14876,0.281776
test_14877,0.03
test_14878,0.97
test_14879,0.912143
test_14880,0.97
test_14881,0.0746
test_14882,0.03
test_14883,0.605404
test_14884,0.327065
test_14885,0.585598
test_14886,0.16197
test_14887,0.558113
test_14888,0.97
test_14889,0.30282
test_14890,0.03
test_14891,0.97
test_14892,0.03
test_14893,0.03
test_14894,0.241388
test_14895,0.967305
test_14896,0.03
test_14897,0.03
test_14898,0.97
test_14899,0.03
test_14900,0.054309
test_14901,0.03
test_14902,0.03
test_14903,0.966449
test_14904,0.351603
test_14905,0.97
test_14906,0.97
test_14907,0.044733
test_14908,0.03
test_14909,0.068381
test_14910,0.97
test_14911,0.97
test_14912,0.97
test_14913,0.97
test_14914,0.409188
test_14915,0.135548
test_14916,0.841449
test_14917,0.912783
test_14918,0.578488
test_14919,0.03
test_14920,0.03
test_14921,0.03
test_14922,0.425196
test_14923,0.03
test_14924,0.97
test_14925,0.97
test_14926,0.064465
test_14927,0.03
test_14928,0.97
test_14929,0.423069
test_14930,0.03
test_14931,0.97
test_14932,0.479883
test_14933,0.274455
test_14934,0.03
test_14935,0.03
test_14936,0.832837
test_14937,0.952832
test_14938,0.151681
test_14939,0.03
test_14940,0.968483
test_14941,0.801922
test_14942,0.97
test_14943,0.03
test_14944,0.669813
test_14945,0.08043
test_14946,0.03
test_14947,0.927092
test_14948,0.696402
test_14949,0.72332
test_14950,0.942748
test_14951,0.03
test_14952,0.112686
test_14953,0.97
test_14954,0.03
test_14955,0.03
test_14956,0.03
test_14957,0.247575
test_14958,0.03
test_14959,0.911865
test_14960,0.086308
test_14961,0.544487
test_14962,0.839852
test_14963,0.349192
test_14964,0.03
test_14965,0.97
test_14966,0.97
test_14967,0.032737
test_14968,0.03
test_14969,0.054673
test_14970,0.03
test_14971,0.03
test_14972,0.97
test_14973,0.745937
test_14974,0.97
test_14975,0.97
test_14976,0.03
test_14977,0.044918
test_14978,0.300423
test_14979,0.03
test_14980,0.97
test_14981,0.949615
test_14982,0.97
test_14983,0.97
test_14984,0.03
test_14985,0.563381
test_14986,0.97
test_14987,0.03
test_14988,0.071418
test_14989,0.97
test_14990,0.03
test_14991,0.97
test_14992,0.97
test_14993,0.97
test_14994,0.100582
test_14995,0.03
test_14996,0.97
test_14997,0.03
test_14998,0.97
test_14999,0.633468
test_15000,0.50529
test_15001,0.349966
test_15002,0.03
test_15003,0.03
test_15004,0.943092
test_15005,0.03
test_15006,0.03
test_15007,0.03
test_15008,0.97
test_15009,0.040015
test_15010,0.03
test_15011,0.03
test_15012,0.03
test_15013,0.97
test_15014,0.03
test_15015,0.679498
test_15016,0.100173
test_15017,0.607824
test_15018,0.86524
test_15019,0.180931
test_15020,0.97
test_15021,0.20738
test_15022,0.03
test_15023,0.45317
test_15024,0.968432
test_15025,0.03
test_15026,0.03
test_15027,0.03
test_15028,0.03
test_15029,0.473558
test_15030,0.604121
test_15031,0.03
test_15032,0.067788
test_15033,0.03
test_15034,0.97
test_15035,0.96987
test_15036,0.03
test_15037,0.03
test_15038,0.904141
test_15039,0.97
test_15040,0.964733
test_15041,0.03
test_15042,0.966966
test_15043,0.03
test_15044,0.97
test_15045,0.237361
test_15046,0.03
test_15047,0.97
test_15048,0.968919
test_15049,0.97
test_15050,0.97
test_15051,0.97
test_15052,0.839612
test_15053,0.071158
test_15054,0.03
test_15055,0.03
test_15056,0.97
test_15057,0.82477
test_15058,0.479112
test_15059,0.97
test_15060,0.815848
test_15061,0.97
test_15062,0.611209
test_15063,0.93847
test_15064,0.03
test_15065,0.97
test_15066,0.03
test_15067,0.590121
test_15068,0.09286
test_15069,0.03
test_15070,0.711644
test_15071,0.03
test_15072,0.791865
test_15073,0.03
test_15074,0.03
test_15075,0.745242
test_15076,0.948835
test_15077,0.907242
test_15078,0.03
test_15079,0.041334
test_15080,0.909531
test_15081,0.375696
test_15082,0.723308
test_15083,0.97
test_15084,0.97
test_15085,0.97
test_15086,0.03
test_15087,0.774851
test_15088,0.884268
test_15089,0.03
test_15090,0.03
test_15091,0.97
test_15092,0.97
test_15093,0.97
test_15094,0.858486
test_15095,0.95372
test_15096,0.03
test_15097,0.97
test_15098,0.03
test_15099,0.526524
test_15100,0.97
test_15101,0.03
test_15102,0.97
test_15103,0.055561
test_15104,0.831735
test_15105,0.97
test_15106,0.97
test_15107,0.03
test_15108,0.113048
test_15109,0.046484
test_15110,0.947609
test_15111,0.97
test_15112,0.719077
test_15113,0.830359
test_15114,0.97
test_15115,0.97
test_15116,0.97
test_15117,0.041055
test_15118,0.604391
test_15119,0.03
test_15120,0.03
test_15121,0.03
test_15122,0.03
test_15123,0.887403
test_15124,0.03
test_15125,0.781165
test_15126,0.734559
test_15127,0.962393
test_15128,0.347739
test_15129,0.03
test_15130,0.03
test_15131,0.908728
test_15132,0.084043
test_15133,0.97
test_15134,0.97
test_15135,0.97
test_15136,0.97
test_15137,0.308383
test_15138,0.97
test_15139,0.03
test_15140,0.03
test_15141,0.97
test_15142,0.97
test_15143,0.183908
test_15144,0.03
test_15145,0.97
test_15146,0.97
test_15147,0.03
test_15148,0.30554
test_15149,0.03
test_15150,0.392664
test_15151,0.97
test_15152,0.03
test_15153,0.047915
test_15154,0.97
test_15155,0.090601
test_15156,0.044798
test_15157,0.832676
test_15158,0.03
test_15159,0.072986
test_15160,0.97
test_15161,0.97
test_15162,0.97
test_15163,0.03
test_15164,0.97
test_15165,0.03
test_15166,0.03
test_15167,0.752727
test_15168,0.083874
test_15169,0.03
test_15170,0.03
test_15171,0.97
test_15172,0.03
test_15173,0.03
test_15174,0.03
test_15175,0.760371
test_15176,0.850378
test_15177,0.513099
test_15178,0.03
test_15179,0.634893
test_15180,0.97
test_15181,0.03
test_15182,0.186522
test_15183,0.03
test_15184,0.97
test_15185,0.97
test_15186,0.656433
test_15187,0.890717
test_15188,0.97
test_15189,0.234308
test_15190,0.03
test_15191,0.126526
test_15192,0.03
test_15193,0.796019
test_15194,0.03
test_15195,0.03
test_15196,0.141893
test_15197,0.97
test_15198,0.03
test_15199,0.03
test_15200,0.03
test_15201,0.03
test_15202,0.97
test_15203,0.049578
test_15204,0.97
test_15205,0.97
test_15206,0.97
test_15207,0.831376
test_15208,0.03
test_15209,0.03
test_15210,0.03
test_15211,0.03
test_15212,0.03
test_15213,0.97
test_15214,0.904558
test_15215,0.97
test_15216,0.97
test_15217,0.484975
test_15218,0.97
test_15219,0.97
test_15220,0.03
test_15221,0.03
test_15222,0.97
test_15223,0.042739
test_15224,0.03
test_15225,0.255476
test_15226,0.580474
test_15227,0.03
test_15228,0.97
test_15229,0.03
test_15230,0.97
test_15231,0.961047
test_15232,0.03
test_15233,0.046045
test_15234,0.286305
test_15235,0.030374
test_15236,0.97
test_15237,0.058144
test_15238,0.97
test_15239,0.894197
test_15240,0.97
test_15241,0.03
test_15242,0.03
test_15243,0.03
test_15244,0.03
test_15245,0.718166
test_15246,0.158865
test_15247,0.97
test_15248,0.847365
test_15249,0.850269
test_15250,0.939766
test_15251,0.97
test_15252,0.923272
test_15253,0.97
test_15254,0.03
test_15255,0.304289
test_15256,0.03
test_15257,0.97
test_15258,0.03
test_15259,0.03
test_15260,0.318228
test_15261,0.97
test_15262,0.838913
test_15263,0.97
test_15264,0.03
test_15265,0.97
test_15266,0.97
test_15267,0.092213
test_15268,0.03
test_15269,0.811449
test_15270,0.97
test_15271,0.664238
test_15272,0.97
test_15273,0.463496
test_15274,0.711736
test_15275,0.03
test_15276,0.040632
test_15277,0.285061
test_15278,0.872207
test_15279,0.97
test_15280,0.897829
test_15281,0.03
test_15282,0.97
test_15283,0.97
test_15284,0.03
test_15285,0.03
test_15286,0.97
test_15287,0.699366
test_15288,0.03
test_15289,0.294775
test_15290,0.535554
test_15291,0.516074
test_15292,0.110442
test_15293,0.03
test_15294,0.97
test_15295,0.071168
test_15296,0.97
test_15297,0.405598
test_15298,0.03
test_15299,0.067176
test_15300,0.03
test_15301,0.310629
test_15302,0.03
test_15303,0.047566
test_15304,0.651967
test_15305,0.956489
test_15306,0.97
test_15307,0.03
test_15308,0.103824
test_15309,0.97
test_15310,0.095082
test_15311,0.03
test_15312,0.162491
test_15313,0.823757
test_15314,0.111786
test_15315,0.032813
test_15316,0.97
test_15317,0.207431
test_15318,0.912021
test_15319,0.033733
test_15320,0.03
test_15321,0.97
test_15322,0.137085
test_15323,0.649993
test_15324,0.97
test_15325,0.97
test_15326,0.97
test_15327,0.94981
test_15328,0.03
test_15329,0.97
test_15330,0.030706
test_15331,0.97
test_15332,0.97
test_15333,0.03
test_15334,0.279462
test_15335,0.03
test_15336,0.941166
test_15337,0.97
test_15338,0.03
test_15339,0.683737
test_15340,0.97
test_15341,0.792098
test_15342,0.4588
test_15343,0.03
test_15344,0.97
test_15345,0.949072
test_15346,0.097076
test_15347,0.97
test_15348,0.03
test_15349,0.97
test_15350,0.03
test_15351,0.03
test_15352,0.356381
test_15353,0.038895
test_15354,0.78247
test_15355,0.86701
test_15356,0.150978
test_15357,0.03
test_15358,0.97
test_15359,0.838628
test_15360,0.97
test_15361,0.902446
test_15362,0.03
test_15363,0.926848
test_15364,0.963707
test_15365,0.03
test_15366,0.749592
test_15367,0.97
test_15368,0.178474
test_15369,0.97
test_15370,0.409534
test_15371,0.132397
test_15372,0.03
test_15373,0.39943
test_15374,0.371568
test_15375,0.92254
test_15376,0.97
test_15377,0.090375
test_15378,0.97
test_15379,0.97
test_15380,0.966018
test_15381,0.947482
test_15382,0.03
test_15383,0.03
test_15384,0.03
test_15385,0.4696
test_15386,0.97
test_15387,0.97
test_15388,0.97
test_15389,0.97
test_15390,0.868328
test_15391,0.97
test_15392,0.897905
test_15393,0.401682
test_15394,0.03
test_15395,0.97
test_15396,0.810947
test_15397,0.617998
test_15398,0.97
test_15399,0.126681
test_15400,0.03
test_15401,0.03
test_15402,0.103041
test_15403,0.03
test_15404,0.180956
test_15405,0.97
test_15406,0.03614
test_15407,0.97
test_15408,0.12435
test_15409,0.54348
test_15410,0.97
test_15411,0.97
test_15412,0.97
test_15413,0.97
test_15414,0.97
test_15415,0.97
test_15416,0.03
test_15417,0.97
test_15418,0.97
test_15419,0.97
test_15420,0.97
test_15421,0.860492
test_15422,0.03
test_15423,0.618559
test_15424,0.97
test_15425,0.97
test_15426,0.637157
test_15427,0.97
test_15428,0.966624
test_15429,0.889306
test_15430,0.97
test_15431,0.97
test_15432,0.042382
test_15433,0.60699
test_15434,0.97
test_15435,0.97
test_15436,0.037939
test_15437,0.97
test_15438,0.036479
test_15439,0.97
test_15440,0.049511
test_15441,0.97
test_15442,0.03
test_15443,0.128766
test_15444,0.03
test_15445,0.824626
test_15446,0.911464
test_15447,0.03
test_15448,0.97
test_15449,0.03
test_15450,0.933541
test_15451,0.03
test_15452,0.701717
test_15453,0.306144
test_15454,0.03
test_15455,0.97
test_15456,0.97
test_15457,0.121937
test_15458,0.03
test_15459,0.105979
test_15460,0.771458
test_15461,0.889252
test_15462,0.628845
test_15463,0.03
test_15464,0.03
test_15465,0.945633
test_15466,0.97
test_15467,0.865462
test_15468,0.795293
test_15469,0.03
test_15470,0.881507
test_15471,0.03
test_15472,0.03
test_15473,0.746681
test_15474,0.03
test_15475,0.177162
test_15476,0.915353
test_15477,0.97
test_15478,0.97
test_15479,0.906667
test_15480,0.189882
test_15481,0.97
test_15482,0.03
test_15483,0.551888
test_15484,0.041523
test_15485,0.032883
test_15486,0.354832
test_15487,0.110559
test_15488,0.371337
test_15489,0.03
test_15490,0.05803
test_15491,0.03
test_15492,0.97
test_15493,0.03
test_15494,0.945265
test_15495,0.038148
test_15496,0.03
test_15497,0.97
test_15498,0.97
test_15499,0.97
test_15500,0.03
test_15501,0.97
test_15502,0.97
test_15503,0.97
test_15504,0.97
test_15505,0.658791
test_15506,0.97
test_15507,0.03
test_15508,0.97
test_15509,0.03
test_15510,0.125958
test_15511,0.97
test_15512,0.03
test_15513,0.97
test_15514,0.941298
test_15515,0.891616
test_15516,0.650168
test_15517,0.03
test_15518,0.03
test_15519,0.925579
test_15520,0.03
test_15521,0.953619
test_15522,0.720141
test_15523,0.03
test_15524,0.03
test_15525,0.03
test_15526,0.97
test_15527,0.97
test_15528,0.052208
test_15529,0.243409
test_15530,0.97
test_15531,0.077403
test_15532,0.03
test_15533,0.176091
test_15534,0.043908
test_15535,0.03
test_15536,0.03
test_15537,0.97
test_15538,0.529087
test_15539,0.567914
test_15540,0.03
test_15541,0.97
test_15542,0.765406
test_15543,0.495778
test_15544,0.97
test_15545,0.03
test_15546,0.219216
test_15547,0.03
test_15548,0.03
test_15549,0.03
test_15550,0.297149
test_15551,0.03
test_15552,0.03
test_15553,0.88989
test_15554,0.192568
test_15555,0.97
test_15556,0.554768
test_15557,0.03
test_15558,0.077402
test_15559,0.451489
test_15560,0.97
test_15561,0.97
test_15562,0.97
test_15563,0.97
test_15564,0.03
test_15565,0.072225
test_15566,0.897762
test_15567,0.03
test_15568,0.97
test_15569,0.03
test_15570,0.97
test_15571,0.03
test_15572,0.03
test_15573,0.97
test_15574,0.48594
test_15575,0.100355
test_15576,0.97
test_15577,0.97
test_15578,0.97
test_15579,0.97
test_15580,0.877835
test_15581,0.03
test_15582,0.337527
test_15583,0.03
test_15584,0.031328
test_15585,0.97
test_15586,0.97
test_15587,0.35644
test_15588,0.631207
test_15589,0.97
test_15590,0.03
test_15591,0.92364
test_15592,0.951938
test_15593,0.894435
test_15594,0.90025
test_15595,0.03
test_15596,0.97
test_15597,0.934147
test_15598,0.931079
test_15599,0.03
test_15600,0.837044
test_15601,0.919617
test_15602,0.176753
test_15603,0.03
test_15604,0.235825
test_15605,0.03
test_15606,0.235852
test_15607,0.966113
test_15608,0.265872
test_15609,0.97
test_15610,0.784113
test_15611,0.039348
test_15612,0.97
test_15613,0.97
test_15614,0.585697
test_15615,0.03
test_15616,0.723594
test_15617,0.111072
test_15618,0.209649
test_15619,0.97
test_15620,0.257669
test_15621,0.97
test_15622,0.03
test_15623,0.607457
test_15624,0.03
test_15625,0.207878
test_15626,0.97
test_15627,0.575097
test_15628,0.165248
test_15629,0.03
test_15630,0.03
test_15631,0.97
test_15632,0.697309
test_15633,0.97
test_15634,0.03
test_15635,0.03
test_15636,0.952605
test_15637,0.97
test_15638,0.336474
test_15639,0.03
test_15640,0.97
test_15641,0.03
test_15642,0.03
test_15643,0.97
test_15644,0.285466
test_15645,0.97
test_15646,0.97
test_15647,0.03
test_15648,0.781284
test_15649,0.063495
test_15650,0.97
test_15651,0.03
test_15652,0.963724
test_15653,0.03
test_15654,0.97
test_15655,0.150778
test_15656,0.97
test_15657,0.756585
test_15658,0.708974
test_15659,0.03
test_15660,0.712391
test_15661,0.03
test_15662,0.080648
test_15663,0.97
test_15664,0.03
test_15665,0.97
test_15666,0.97
test_15667,0.036644
test_15668,0.935664
test_15669,0.959462
test_15670,0.08066
test_15671,0.96888
test_15672,0.97
test_15673,0.03
test_15674,0.03
test_15675,0.46669
test_15676,0.03
test_15677,0.03
test_15678,0.97
test_15679,0.551137
test_15680,0.97
test_15681,0.043181
test_15682,0.480506
test_15683,0.835752
test_15684,0.97
test_15685,0.03
test_15686,0.97
test_15687,0.97
test_15688,0.97
test_15689,0.464099
test_15690,0.917133
test_15691,0.03
test_15692,0.03
test_15693,0.97
test_15694,0.093204
test_15695,0.03
test_15696,0.97
test_15697,0.97
test_15698,0.03
test_15699,0.97
test_15700,0.03
test_15701,0.83596
test_15702,0.958666
test_15703,0.865326
test_15704,0.03
test_15705,0.15299
test_15706,0.97
test_15707,0.968862
test_15708,0.137317
test_15709,0.97
test_15710,0.957519
test_15711,0.854954
test_15712,0.03
test_15713,0.97
test_15714,0.702407
test_15715,0.97
test_15716,0.097706
test_15717,0.03
test_15718,0.97
test_15719,0.291788
test_15720,0.896039
test_15721,0.97
test_15722,0.97
test_15723,0.97
test_15724,0.928372
test_15725,0.926693
test_15726,0.97
test_15727,0.934624
test_15728,0.434222
test_15729,0.03
test_15730,0.057855
test_15731,0.674815
test_15732,0.45932
test_15733,0.97
test_15734,0.652601
test_15735,0.03
test_15736,0.03
test_15737,0.89482
test_15738,0.03
test_15739,0.814724
test_15740,0.03
test_15741,0.97
test_15742,0.97
test_15743,0.97
test_15744,0.798501
test_15745,0.97
test_15746,0.97
test_15747,0.97
test_15748,0.194361
test_15749,0.97
test_15750,0.97
test_15751,0.97
test_15752,0.97
test_15753,0.69331
test_15754,0.03
test_15755,0.923042
test_15756,0.03
test_15757,0.97
test_15758,0.854712
test_15759,0.258037
test_15760,0.97
test_15761,0.768012
test_15762,0.045959
test_15763,0.09519
test_15764,0.97
test_15765,0.969357
test_15766,0.03
test_15767,0.445321
test_15768,0.044086
test_15769,0.03
test_15770,0.712934
test_15771,0.03
test_15772,0.97
test_15773,0.03
test_15774,0.97
test_15775,0.97
test_15776,0.03
test_15777,0.03
test_15778,0.03
test_15779,0.03
test_15780,0.890503
test_15781,0.287889
test_15782,0.910651
test_15783,0.97
test_15784,0.03
test_15785,0.64988
test_15786,0.904482
test_15787,0.560867
test_15788,0.032448
test_15789,0.03
test_15790,0.97
test_15791,0.246718
test_15792,0.97
test_15793,0.929844
test_15794,0.95854
test_15795,0.03
test_15796,0.03
test_15797,0.03
test_15798,0.067445
test_15799,0.825482
test_15800,0.478567
test_15801,0.97
test_15802,0.181652
test_15803,0.341184
test_15804,0.03
test_15805,0.97
test_15806,0.03
test_15807,0.605702
test_15808,0.969892
test_15809,0.44672
test_15810,0.03
test_15811,0.430784
test_15812,0.393892
test_15813,0.935356
test_15814,0.921181
test_15815,0.03
test_15816,0.619521
test_15817,0.03
test_15818,0.116829
test_15819,0.97
test_15820,0.03
test_15821,0.966057
test_15822,0.845652
test_15823,0.03
test_15824,0.907244
test_15825,0.03306
test_15826,0.615147
test_15827,0.901406
test_15828,0.97
test_15829,0.323189
test_15830,0.03
test_15831,0.03
test_15832,0.97
test_15833,0.97
test_15834,0.137519
test_15835,0.351816
test_15836,0.97
test_15837,0.935561
test_15838,0.03
test_15839,0.97
test_15840,0.92785
test_15841,0.03
test_15842,0.97
test_15843,0.21207
test_15844,0.650168
test_15845,0.863662
test_15846,0.73696
test_15847,0.249906
test_15848,0.03
test_15849,0.521128
test_15850,0.074703
test_15851,0.97
test_15852,0.03
test_15853,0.223175
test_15854,0.533664
test_15855,0.610053
test_15856,0.351341
test_15857,0.03
test_15858,0.932931
test_15859,0.97
test_15860,0.03
test_15861,0.97
test_15862,0.03
test_15863,0.97
test_15864,0.97
test_15865,0.079622
test_15866,0.97
test_15867,0.97
test_15868,0.678227
test_15869,0.03
test_15870,0.03
test_15871,0.776957
test_15872,0.03
test_15873,0.03
test_15874,0.234503
test_15875,0.03
test_15876,0.03
test_15877,0.048276
test_15878,0.97
test_15879,0.619885
test_15880,0.865055
test_15881,0.03
test_15882,0.97
test_15883,0.03
test_15884,0.97
test_15885,0.97
test_15886,0.03
test_15887,0.954703
test_15888,0.445725
test_15889,0.125974
test_15890,0.726448
test_15891,0.852995
test_15892,0.645628
test_15893,0.317754
test_15894,0.03
test_15895,0.97
test_15896,0.97
test_15897,0.662964
test_15898,0.057321
test_15899,0.03
test_15900,0.97
test_15901,0.97
test_15902,0.770769
test_15903,0.236616
test_15904,0.03
test_15905,0.695365
test_15906,0.03
test_15907,0.97
test_15908,0.03
test_15909,0.97
test_15910,0.891637
test_15911,0.154231
test_15912,0.62695
test_15913,0.849409
test_15914,0.955433
test_15915,0.03
test_15916,0.03
test_15917,0.03
test_15918,0.03
test_15919,0.97
test_15920,0.97
test_15921,0.97
test_15922,0.138728
test_15923,0.97
test_15924,0.03
test_15925,0.97
test_15926,0.960368
test_15927,0.97
test_15928,0.97
test_15929,0.97
test_15930,0.452739
test_15931,0.03
test_15932,0.97
test_15933,0.968313
test_15934,0.03
test_15935,0.97
test_15936,0.170225
test_15937,0.97
test_15938,0.97
test_15939,0.596841
test_15940,0.542733
test_15941,0.97
test_15942,0.03
test_15943,0.97
test_15944,0.050354
test_15945,0.97
test_15946,0.082571
test_15947,0.906576
test_15948,0.585276
test_15949,0.104702
test_15950,0.03
test_15951,0.03
test_15952,0.903276
test_15953,0.122183
test_15954,0.926128
test_15955,0.03
test_15956,0.046687
test_15957,0.03
test_15958,0.890396
test_15959,0.97
test_15960,0.134778
test_15961,0.778897
test_15962,0.97
test_15963,0.733083
test_15964,0.308472
test_15965,0.03
test_15966,0.97
test_15967,0.09513
test_15968,0.776459
test_15969,0.061132
test_15970,0.97
test_15971,0.03
test_15972,0.03097
test_15973,0.033694
test_15974,0.366791
test_15975,0.084352
test_15976,0.475772
test_15977,0.796975
test_15978,0.18211
test_15979,0.97
test_15980,0.120709
test_15981,0.97
test_15982,0.03
test_15983,0.97
test_15984,0.967616
test_15985,0.03
test_15986,0.03
test_15987,0.03
test_15988,0.97
test_15989,0.03
test_15990,0.745246
test_15991,0.97
test_15992,0.03
test_15993,0.916223
test_15994,0.04048
test_15995,0.855342
test_15996,0.03
test_15997,0.03
test_15998,0.839758
test_15999,0.97
test_16000,0.03
test_16001,0.888984
test_16002,0.043077
test_16003,0.356008
test_16004,0.126314
test_16005,0.03
test_16006,0.085952
test_16007,0.937281
test_16008,0.424914
test_16009,0.03
test_16010,0.879025
test_16011,0.03
test_16012,0.052442
test_16013,0.97
test_16014,0.03
test_16015,0.129584
test_16016,0.043284
test_16017,0.03
test_16018,0.97
test_16019,0.03
test_16020,0.97
test_16021,0.97
test_16022,0.97
test_16023,0.03
test_16024,0.03
test_16025,0.086959
test_16026,0.97
test_16027,0.97
test_16028,0.103262
test_16029,0.03
test_16030,0.03
test_16031,0.787534
test_16032,0.97
test_16033,0.03
test_16034,0.97
test_16035,0.10739
test_16036,0.03
test_16037,0.083945
test_16038,0.03
test_16039,0.319025
test_16040,0.784982
test_16041,0.97
test_16042,0.566995
test_16043,0.97
test_16044,0.032537
test_16045,0.732978
test_16046,0.03
test_16047,0.623424
test_16048,0.97
test_16049,0.183496
test_16050,0.923845
test_16051,0.97
test_16052,0.03
test_16053,0.97
test_16054,0.03
test_16055,0.087668
test_16056,0.201244
test_16057,0.71149
test_16058,0.089382
test_16059,0.97
test_16060,0.97
test_16061,0.97
test_16062,0.086591
test_16063,0.956222
test_16064,0.97
test_16065,0.97
test_16066,0.926931
test_16067,0.824542
test_16068,0.03
test_16069,0.97
test_16070,0.830476
test_16071,0.97
test_16072,0.97
test_16073,0.03
test_16074,0.03
test_16075,0.97
test_16076,0.687574
test_16077,0.97
test_16078,0.645056
test_16079,0.03111
test_16080,0.97
test_16081,0.758806
test_16082,0.578402
test_16083,0.72883
test_16084,0.03
test_16085,0.03
test_16086,0.97
test_16087,0.97
test_16088,0.97
test_16089,0.03
test_16090,0.03
test_16091,0.03
test_16092,0.03
test_16093,0.649242
test_16094,0.97
test_16095,0.97
test_16096,0.97
test_16097,0.771113
test_16098,0.896838
test_16099,0.97
test_16100,0.03
test_16101,0.03
test_16102,0.97
test_16103,0.03
test_16104,0.13995
test_16105,0.966969
test_16106,0.97
test_16107,0.531541
test_16108,0.074747
test_16109,0.97
test_16110,0.03
test_16111,0.120766
test_16112,0.97
test_16113,0.97
test_16114,0.159837
test_16115,0.059815
test_16116,0.542951
test_16117,0.97
test_16118,0.963494
test_16119,0.84081
test_16120,0.03
test_16121,0.97
test_16122,0.03
test_16123,0.91506
test_16124,0.97
test_16125,0.97
test_16126,0.050778
test_16127,0.97
test_16128,0.725393
test_16129,0.031056
test_16130,0.42795
test_16131,0.03
test_16132,0.954086
test_16133,0.03
test_16134,0.955821
test_16135,0.964175
test_16136,0.919865
test_16137,0.97
test_16138,0.97
test_16139,0.97
test_16140,0.94909
test_16141,0.471881
test_16142,0.45461
test_16143,0.773413
test_16144,0.208307
test_16145,0.03
test_16146,0.03
test_16147,0.188219
test_16148,0.107686
test_16149,0.675243
test_16150,0.469703
test_16151,0.908426
test_16152,0.03
test_16153,0.97
test_16154,0.187648
test_16155,0.97
test_16156,0.97
test_16157,0.03
test_16158,0.03
test_16159,0.03
test_16160,0.377296
test_16161,0.821459
test_16162,0.97
test_16163,0.03
test_16164,0.228278
test_16165,0.03
test_16166,0.03
test_16167,0.56089
test_16168,0.03
test_16169,0.97
test_16170,0.97
test_16171,0.799334
test_16172,0.03
test_16173,0.903217
test_16174,0.116437
test_16175,0.900035
test_16176,0.03
test_16177,0.03
test_16178,0.03
test_16179,0.03
test_16180,0.03
test_16181,0.959902
test_16182,0.909576
test_16183,0.146097
test_16184,0.97
test_16185,0.97
test_16186,0.03
test_16187,0.931587
test_16188,0.03
test_16189,0.932965
test_16190,0.03
test_16191,0.799496
test_16192,0.726563
test_16193,0.97
test_16194,0.064474
test_16195,0.97
test_16196,0.488293
test_16197,0.594838
test_16198,0.03
test_16199,0.100685
test_16200,0.312443
test_16201,0.03
test_16202,0.97
test_16203,0.97
test_16204,0.97
test_16205,0.934442
test_16206,0.030368
test_16207,0.97
test_16208,0.03
test_16209,0.173823
test_16210,0.952341
test_16211,0.621653
test_16212,0.97
test_16213,0.80751
test_16214,0.03
test_16215,0.246783
test_16216,0.97
test_16217,0.03
test_16218,0.97
test_16219,0.927939
test_16220,0.97
test_16221,0.961638
test_16222,0.552327
test_16223,0.336636
test_16224,0.97
test_16225,0.907379
test_16226,0.97
test_16227,0.03
test_16228,0.03
test_16229,0.11844
test_16230,0.481173
test_16231,0.145742
test_16232,0.03
test_16233,0.03
test_16234,0.955707
test_16235,0.817615
test_16236,0.03
test_16237,0.97
test_16238,0.03
test_16239,0.904574
test_16240,0.938927
test_16241,0.03
test_16242,0.334687
test_16243,0.09069
test_16244,0.97
test_16245,0.97
test_16246,0.910834
test_16247,0.03
test_16248,0.97
test_16249,0.03
test_16250,0.97
test_16251,0.55608
test_16252,0.248854
test_16253,0.964295
test_16254,0.678422
test_16255,0.03
test_16256,0.158096
test_16257,0.476001
test_16258,0.582265
test_16259,0.97
test_16260,0.03
test_16261,0.97
test_16262,0.95988
test_16263,0.474478
test_16264,0.753306
test_16265,0.97
test_16266,0.956872
test_16267,0.03
test_16268,0.463364
test_16269,0.03
test_16270,0.97
test_16271,0.97
test_16272,0.97
test_16273,0.97
test_16274,0.508669
test_16275,0.03
test_16276,0.03
test_16277,0.97
test_16278,0.061389
test_16279,0.03
test_16280,0.835772
test_16281,0.97
test_16282,0.849744
test_16283,0.03
test_16284,0.491957
test_16285,0.398285
test_16286,0.03
test_16287,0.97
test_16288,0.03
test_16289,0.939388
test_16290,0.033574
test_16291,0.97
test_16292,0.816157
test_16293,0.675926
test_16294,0.03
test_16295,0.97
test_16296,0.03
test_16297,0.97
test_16298,0.03
test_16299,0.292558
test_16300,0.03
test_16301,0.03
test_16302,0.03
test_16303,0.97
test_16304,0.05167
test_16305,0.97
test_16306,0.468646
test_16307,0.97
test_16308,0.97
test_16309,0.97
test_16310,0.03
test_16311,0.96347
test_16312,0.040991
test_16313,0.03
test_16314,0.97
test_16315,0.15932
test_16316,0.728321
test_16317,0.529749
test_16318,0.114885
test_16319,0.03
test_16320,0.97
test_16321,0.949852
test_16322,0.863145
test_16323,0.048997
test_16324,0.957056
test_16325,0.140067
test_16326,0.63954
test_16327,0.273832
test_16328,0.319737
test_16329,0.03
test_16330,0.52528
test_16331,0.03
test_16332,0.748192
test_16333,0.03
test_16334,0.97
test_16335,0.97
test_16336,0.044576
test_16337,0.97
test_16338,0.97
test_16339,0.97
test_16340,0.588569
test_16341,0.97
test_16342,0.97
test_16343,0.96548
test_16344,0.578079
test_16345,0.03
test_16346,0.789285
test_16347,0.03
test_16348,0.97
test_16349,0.97
test_16350,0.828709
test_16351,0.761348
test_16352,0.03
test_16353,0.762825
test_16354,0.03
test_16355,0.97
test_16356,0.97
test_16357,0.49303
test_16358,0.03
test_16359,0.97
test_16360,0.03
test_16361,0.03
test_16362,0.97
test_16363,0.577063
test_16364,0.051048
test_16365,0.954426
test_16366,0.03
test_16367,0.97
test_16368,0.03
test_16369,0.03
test_16370,0.03
test_16371,0.052471
test_16372,0.97
test_16373,0.937017
test_16374,0.03
test_16375,0.890988
test_16376,0.418253
test_16377,0.97
test_16378,0.524998
test_16379,0.03
test_16380,0.038521
test_16381,0.363217
test_16382,0.03
test_16383,0.564999
test_16384,0.97
test_16385,0.03
test_16386,0.953026
test_16387,0.823279
test_16388,0.097494
test_16389,0.279474
test_16390,0.96659
test_16391,0.255012
test_16392,0.97
test_16393,0.067384
test_16394,0.742004
test_16395,0.122676
test_16396,0.946065
test_16397,0.03
test_16398,0.97
test_16399,0.03
test_16400,0.03
test_16401,0.97
test_16402,0.97
test_16403,0.97
test_16404,0.97
test_16405,0.090851
test_16406,0.051139
test_16407,0.967686
test_16408,0.814521
test_16409,0.03
test_16410,0.03
test_16411,0.731078
test_16412,0.856617
test_16413,0.03263
test_16414,0.97
test_16415,0.97
test_16416,0.078669
test_16417,0.132854
test_16418,0.03
test_16419,0.038167
test_16420,0.03
test_16421,0.97
test_16422,0.97
test_16423,0.97
test_16424,0.676729
test_16425,0.447175
test_16426,0.370369
test_16427,0.879412
test_16428,0.03
test_16429,0.97
test_16430,0.97
test_16431,0.97
test_16432,0.03
test_16433,0.03
test_16434,0.595189
test_16435,0.40755
test_16436,0.331176
test_16437,0.837932
test_16438,0.97
test_16439,0.97
test_16440,0.97
test_16441,0.03
test_16442,0.952407
test_16443,0.03
test_16444,0.97
test_16445,0.97
test_16446,0.03
test_16447,0.58366
test_16448,0.420653
test_16449,0.97
test_16450,0.622312
test_16451,0.373744
test_16452,0.03
test_16453,0.97
test_16454,0.03
test_16455,0.97
test_16456,0.814171
test_16457,0.935751
test_16458,0.03
test_16459,0.1475
test_16460,0.03
test_16461,0.97
test_16462,0.151948
test_16463,0.97
test_16464,0.881903
test_16465,0.97
test_16466,0.928788
test_16467,0.959725
test_16468,0.859136
test_16469,0.97
test_16470,0.97
test_16471,0.07612
test_16472,0.03
test_16473,0.97
test_16474,0.252107
test_16475,0.833095
test_16476,0.03
test_16477,0.03
test_16478,0.97
test_16479,0.346597
test_16480,0.97
test_16481,0.03
test_16482,0.97
test_16483,0.03
test_16484,0.97
test_16485,0.03
test_16486,0.798649
test_16487,0.267158
test_16488,0.03
test_16489,0.03
test_16490,0.531542
test_16491,0.13925
test_16492,0.03
test_16493,0.03
test_16494,0.032404
test_16495,0.055571
test_16496,0.03
test_16497,0.03
test_16498,0.03
test_16499,0.122717
test_16500,0.03
test_16501,0.97
test_16502,0.519324
test_16503,0.093922
test_16504,0.03
test_16505,0.97
test_16506,0.03
test_16507,0.814054
test_16508,0.97
test_16509,0.07211
test_16510,0.03
test_16511,0.951363
test_16512,0.03
test_16513,0.03
test_16514,0.099522
test_16515,0.25434
test_16516,0.97
test_16517,0.03
test_16518,0.97
test_16519,0.953298
test_16520,0.03
test_16521,0.03
test_16522,0.958119
test_16523,0.97
test_16524,0.398648
test_16525,0.03
test_16526,0.97
test_16527,0.03
test_16528,0.03
test_16529,0.750424
test_16530,0.03
test_16531,0.03
test_16532,0.97
test_16533,0.03
test_16534,0.40448
test_16535,0.97
test_16536,0.082128
test_16537,0.03
test_16538,0.041594
test_16539,0.566549
test_16540,0.03
test_16541,0.03
test_16542,0.97
test_16543,0.97
test_16544,0.03
test_16545,0.03
test_16546,0.97
test_16547,0.307528
test_16548,0.048308
test_16549,0.408461
test_16550,0.97
test_16551,0.97
test_16552,0.97
test_16553,0.03
test_16554,0.03
test_16555,0.275069
test_16556,0.555331
test_16557,0.97
test_16558,0.97
test_16559,0.97
test_16560,0.03
test_16561,0.737404
test_16562,0.318615
test_16563,0.03
test_16564,0.66868
test_16565,0.156721
test_16566,0.03
test_16567,0.97
test_16568,0.97
test_16569,0.167318
test_16570,0.674665
test_16571,0.75
test_16572,0.10937
test_16573,0.03
test_16574,0.112847
test_16575,0.048905
test_16576,0.03
test_16577,0.03
test_16578,0.97
test_16579,0.03
test_16580,0.03
test_16581,0.03
test_16582,0.97
test_16583,0.97
test_16584,0.97
test_16585,0.03
test_16586,0.162271
test_16587,0.97
test_16588,0.348979
test_16589,0.97
test_16590,0.03
test_16591,0.97
test_16592,0.492204
test_16593,0.245858
test_16594,0.03
test_16595,0.619965
test_16596,0.101357
test_16597,0.96986
test_16598,0.97
test_16599,0.848495
test_16600,0.951131
test_16601,0.03
test_16602,0.97
test_16603,0.057026
test_16604,0.97
test_16605,0.03
test_16606,0.276565
test_16607,0.04686
test_16608,0.97
test_16609,0.97
test_16610,0.03
test_16611,0.97
test_16612,0.03
test_16613,0.944088
test_16614,0.97
test_16615,0.549833
test_16616,0.032802
test_16617,0.065873
test_16618,0.11365
test_16619,0.03
test_16620,0.03
test_16621,0.915459
test_16622,0.97
test_16623,0.03
test_16624,0.97
test_16625,0.03
test_16626,0.77492
test_16627,0.03
test_16628,0.188877
test_16629,0.17719
test_16630,0.03
test_16631,0.03
test_16632,0.97
test_16633,0.03
test_16634,0.42037
test_16635,0.03
test_16636,0.900212
test_16637,0.17175
test_16638,0.97
test_16639,0.963046
test_16640,0.937512
test_16641,0.909654
test_16642,0.60202
test_16643,0.97
test_16644,0.97
test_16645,0.97
test_16646,0.97
test_16647,0.97
test_16648,0.795818
test_16649,0.513401
test_16650,0.623624
test_16651,0.176651
test_16652,0.547256
test_16653,0.937741
test_16654,0.97
test_16655,0.236758
test_16656,0.563407
test_16657,0.756846
test_16658,0.36621
test_16659,0.841779
test_16660,0.97
test_16661,0.03
test_16662,0.97
test_16663,0.038597
test_16664,0.97
test_16665,0.342276
test_16666,0.97
test_16667,0.093628
test_16668,0.97
test_16669,0.03
test_16670,0.05959
test_16671,0.073829
test_16672,0.97
test_16673,0.063272
test_16674,0.03
test_16675,0.90524
test_16676,0.960432
test_16677,0.149082
test_16678,0.636153
test_16679,0.03
test_16680,0.333842
test_16681,0.03
test_16682,0.97
test_16683,0.03
test_16684,0.03
test_16685,0.03
test_16686,0.03
test_16687,0.97
test_16688,0.97
test_16689,0.954836
test_16690,0.97
test_16691,0.03
test_16692,0.667101
test_16693,0.038738
test_16694,0.97
test_16695,0.03
test_16696,0.03
test_16697,0.03
test_16698,0.586899
test_16699,0.03
test_16700,0.76784
test_16701,0.03
test_16702,0.03
test_16703,0.97
test_16704,0.343928
test_16705,0.90858
test_16706,0.576075
test_16707,0.96673
test_16708,0.966714
test_16709,0.97
test_16710,0.03
test_16711,0.295024
test_16712,0.7206
test_16713,0.044641
test_16714,0.064904
test_16715,0.03
test_16716,0.03
test_16717,0.97
test_16718,0.03
test_16719,0.97
test_16720,0.031134
test_16721,0.97
test_16722,0.97
test_16723,0.97
test_16724,0.03
test_16725,0.055516
test_16726,0.082923
test_16727,0.624988
test_16728,0.03
test_16729,0.03
test_16730,0.598875
test_16731,0.03
test_16732,0.03
test_16733,0.03
test_16734,0.97
test_16735,0.03
test_16736,0.97
test_16737,0.97
test_16738,0.97
test_16739,0.97
test_16740,0.97
test_16741,0.03
test_16742,0.03
test_16743,0.03
test_16744,0.939397
test_16745,0.03
test_16746,0.066076
test_16747,0.94266
test_16748,0.97
test_16749,0.636758
test_16750,0.927044
test_16751,0.97
test_16752,0.03
test_16753,0.97
test_16754,0.164084
test_16755,0.256623
test_16756,0.97
test_16757,0.03
test_16758,0.943853
test_16759,0.270983
test_16760,0.753321
test_16761,0.97
test_16762,0.97
test_16763,0.73684
test_16764,0.03
test_16765,0.927804
test_16766,0.97
test_16767,0.501557
test_16768,0.239707
test_16769,0.895476
test_16770,0.035027
test_16771,0.734892
test_16772,0.03
test_16773,0.520396
test_16774,0.711587
test_16775,0.03
test_16776,0.087054
test_16777,0.97
test_16778,0.06562
test_16779,0.119071
test_16780,0.97
test_16781,0.03
test_16782,0.97
test_16783,0.693175
test_16784,0.97
test_16785,0.97
test_16786,0.046493
test_16787,0.40284
test_16788,0.97
test_16789,0.97
test_16790,0.541598
test_16791,0.03
test_16792,0.54018
test_16793,0.03
test_16794,0.97
test_16795,0.03
test_16796,0.86982
test_16797,0.549069
test_16798,0.65587
test_16799,0.92391
test_16800,0.652789
test_16801,0.97
test_16802,0.97
test_16803,0.03
test_16804,0.97
test_16805,0.97
test_16806,0.97
test_16807,0.97
test_16808,0.03
test_16809,0.03
test_16810,0.03
test_16811,0.962174
test_16812,0.03
test_16813,0.03
test_16814,0.97
test_16815,0.6069
test_16816,0.03
test_16817,0.97
test_16818,0.03
test_16819,0.97
test_16820,0.97
test_16821,0.97
test_16822,0.97
test_16823,0.95401
test_16824,0.97
test_16825,0.066226
test_16826,0.384701
test_16827,0.03
test_16828,0.03
test_16829,0.1608
test_16830,0.03
test_16831,0.248253
test_16832,0.97
test_16833,0.897082
test_16834,0.948816
test_16835,0.957431
test_16836,0.03
test_16837,0.97
test_16838,0.621508
test_16839,0.962436
test_16840,0.730147
test_16841,0.355755
test_16842,0.824434
test_16843,0.03
test_16844,0.97
test_16845,0.03
test_16846,0.03
test_16847,0.919086
test_16848,0.97
test_16849,0.97
test_16850,0.608508
test_16851,0.083801
test_16852,0.156476
test_16853,0.49837
test_16854,0.03
test_16855,0.03
test_16856,0.967652
test_16857,0.97
test_16858,0.97
test_16859,0.03
test_16860,0.967856
test_16861,0.3662
test_16862,0.03
test_16863,0.12861
test_16864,0.97
test_16865,0.095434
test_16866,0.045644
test_16867,0.492223
test_16868,0.088453
test_16869,0.929708
test_16870,0.97
test_16871,0.893076
test_16872,0.97
test_16873,0.268189
test_16874,0.613806
test_16875,0.03
test_16876,0.670329
test_16877,0.03
test_16878,0.129206
test_16879,0.335596
test_16880,0.918078
test_16881,0.03
test_16882,0.226286
test_16883,0.97
test_16884,0.97
test_16885,0.531322
test_16886,0.968568
test_16887,0.813746
test_16888,0.97
test_16889,0.97
test_16890,0.97
test_16891,0.880465
test_16892,0.97
test_16893,0.723981
test_16894,0.97
test_16895,0.03
test_16896,0.97
test_16897,0.068156
test_16898,0.03
test_16899,0.03
test_16900,0.03
test_16901,0.03
test_16902,0.03
test_16903,0.97
test_16904,0.97
test_16905,0.03
test_16906,0.97
test_16907,0.97
test_16908,0.03
test_16909,0.820967
test_16910,0.849091
test_16911,0.813354
test_16912,0.97
test_16913,0.05493
test_16914,0.03
test_16915,0.97
test_16916,0.97
test_16917,0.03
test_16918,0.966617
test_16919,0.03
test_16920,0.97
test_16921,0.97
test_16922,0.572449
test_16923,0.03
test_16924,0.424335
test_16925,0.031618
test_16926,0.03
test_16927,0.159141
test_16928,0.03
test_16929,0.03
test_16930,0.291668
test_16931,0.929181
test_16932,0.046402
test_16933,0.290007
test_16934,0.769577
test_16935,0.187945
test_16936,0.856865
test_16937,0.249169
test_16938,0.19786
test_16939,0.293749
test_16940,0.94735
test_16941,0.951268
test_16942,0.97
test_16943,0.075728
test_16944,0.03
test_16945,0.03
test_16946,0.751515
test_16947,0.927155
test_16948,0.137109
test_16949,0.97
test_16950,0.043383
test_16951,0.97
test_16952,0.97
test_16953,0.874482
test_16954,0.03
test_16955,0.038872
test_16956,0.03
test_16957,0.643093
test_16958,0.97
test_16959,0.61228
test_16960,0.97
test_16961,0.047279
test_16962,0.171303
test_16963,0.847716
test_16964,0.03
test_16965,0.97
test_16966,0.03
test_16967,0.061432
test_16968,0.03
test_16969,0.57539
test_16970,0.170069
test_16971,0.177607
test_16972,0.041902
test_16973,0.97
test_16974,0.74713
test_16975,0.367352
test_16976,0.03
test_16977,0.258574
test_16978,0.97
test_16979,0.052437
test_16980,0.97
test_16981,0.97
test_16982,0.03
test_16983,0.97
test_16984,0.11071
test_16985,0.03
test_16986,0.262406
test_16987,0.03
test_16988,0.122799
test_16989,0.03
test_16990,0.042559
test_16991,0.121504
test_16992,0.97
test_16993,0.285834
test_16994,0.124569
test_16995,0.409394
test_16996,0.487904
test_16997,0.807264
test_16998,0.03
test_16999,0.97
test_17000,0.30257
test_17001,0.895004
test_17002,0.71773
test_17003,0.03
test_17004,0.816529
test_17005,0.488068
test_17006,0.97
test_17007,0.096279
test_17008,0.97
test_17009,0.03
test_17010,0.03
test_17011,0.557449
test_17012,0.97
test_17013,0.057311
test_17014,0.03
test_17015,0.121545
test_17016,0.933837
test_17017,0.831732
test_17018,0.659423
test_17019,0.03
test_17020,0.97
test_17021,0.97
test_17022,0.03
test_17023,0.03
test_17024,0.97
test_17025,0.03
test_17026,0.03
test_17027,0.97
test_17028,0.97
test_17029,0.951483
test_17030,0.97
test_17031,0.065069
test_17032,0.97
test_17033,0.826017
test_17034,0.03
test_17035,0.770366
test_17036,0.97
test_17037,0.057862
test_17038,0.191779
test_17039,0.03
test_17040,0.03
test_17041,0.718905
test_17042,0.03
test_17043,0.03
test_17044,0.838126
test_17045,0.158876
test_17046,0.97
test_17047,0.782798
test_17048,0.480089
test_17049,0.97
test_17050,0.079035
test_17051,0.76886
test_17052,0.03
test_17053,0.714934
test_17054,0.97
test_17055,0.03
test_17056,0.97
test_17057,0.97
test_17058,0.03
test_17059,0.03
test_17060,0.795466
test_17061,0.512163
test_17062,0.201383
test_17063,0.073766
test_17064,0.03
test_17065,0.059054
test_17066,0.03
test_17067,0.959475
test_17068,0.03
test_17069,0.92851
test_17070,0.057664
test_17071,0.920361
test_17072,0.693006
test_17073,0.36233
test_17074,0.97
test_17075,0.97
test_17076,0.03
test_17077,0.135837
test_17078,0.03
test_17079,0.97
test_17080,0.97
test_17081,0.049072
test_17082,0.97
test_17083,0.336466
test_17084,0.030499
test_17085,0.595073
test_17086,0.281872
test_17087,0.213018
test_17088,0.97
test_17089,0.077211
test_17090,0.03
test_17091,0.03
test_17092,0.459904
test_17093,0.752055
test_17094,0.03
test_17095,0.97
test_17096,0.03
test_17097,0.97
test_17098,0.052671
test_17099,0.97
test_17100,0.070706
test_17101,0.31235
test_17102,0.97
test_17103,0.03
test_17104,0.703086
test_17105,0.97
test_17106,0.97
test_17107,0.03
test_17108,0.258623
test_17109,0.97
test_17110,0.97
test_17111,0.676534
test_17112,0.97
test_17113,0.199657
test_17114,0.97
test_17115,0.956928
test_17116,0.97
test_17117,0.06749
test_17118,0.909486
test_17119,0.697725
test_17120,0.764428
test_17121,0.94536
test_17122,0.97
test_17123,0.137556
test_17124,0.047807
test_17125,0.416664
test_17126,0.82959
test_17127,0.03
test_17128,0.03
test_17129,0.97
test_17130,0.965324
test_17131,0.03
test_17132,0.961342
test_17133,0.03
test_17134,0.03
test_17135,0.03
test_17136,0.97
test_17137,0.695973
test_17138,0.663806
test_17139,0.946513
test_17140,0.03
test_17141,0.893634
test_17142,0.97
test_17143,0.97
test_17144,0.370199
test_17145,0.03
test_17146,0.97
test_17147,0.97
test_17148,0.03
test_17149,0.7683
test_17150,0.03
test_17151,0.97
test_17152,0.03
test_17153,0.03
test_17154,0.03
test_17155,0.03
test_17156,0.128184
test_17157,0.939487
test_17158,0.473309
test_17159,0.03
test_17160,0.844343
test_17161,0.97
test_17162,0.03
test_17163,0.97
test_17164,0.949862
test_17165,0.97
test_17166,0.03
test_17167,0.045624
test_17168,0.966407
test_17169,0.97
test_17170,0.079277
test_17171,0.055533
test_17172,0.264547
test_17173,0.97
test_17174,0.97
test_17175,0.267199
test_17176,0.335252
test_17177,0.906596
test_17178,0.933748
test_17179,0.423691
test_17180,0.97
test_17181,0.97
test_17182,0.035855
test_17183,0.901531
test_17184,0.4754
test_17185,0.97
test_17186,0.037517
test_17187,0.665689
test_17188,0.03
test_17189,0.103572
test_17190,0.03
test_17191,0.613069
test_17192,0.145672
test_17193,0.342547
test_17194,0.094301
test_17195,0.03
test_17196,0.03
test_17197,0.234057
test_17198,0.064404
test_17199,0.103158
test_17200,0.736035
test_17201,0.03
test_17202,0.03
test_17203,0.93987
test_17204,0.61165
test_17205,0.11405
test_17206,0.97
test_17207,0.03
test_17208,0.897819
test_17209,0.934091
test_17210,0.328903
test_17211,0.088474
test_17212,0.97
test_17213,0.122159
test_17214,0.97
test_17215,0.97
test_17216,0.03
test_17217,0.03
test_17218,0.03
test_17219,0.03
test_17220,0.03
test_17221,0.240725
test_17222,0.97
test_17223,0.057142
test_17224,0.055256
test_17225,0.889838
test_17226,0.290495
test_17227,0.916072
test_17228,0.97
test_17229,0.97
test_17230,0.97
test_17231,0.953329
test_17232,0.03
test_17233,0.03
test_17234,0.044337
test_17235,0.97
test_17236,0.03
test_17237,0.97
test_17238,0.03
test_17239,0.414082
test_17240,0.352753
test_17241,0.040756
test_17242,0.97
test_17243,0.03
test_17244,0.943788
test_17245,0.03
test_17246,0.03
test_17247,0.03
test_17248,0.638724
test_17249,0.97
test_17250,0.03
test_17251,0.97
test_17252,0.428895
test_17253,0.44096
test_17254,0.416184
test_17255,0.97
test_17256,0.03
test_17257,0.03
test_17258,0.526143
test_17259,0.97
test_17260,0.394313
test_17261,0.97
test_17262,0.441086
test_17263,0.97
test_17264,0.97
test_17265,0.97
test_17266,0.03
test_17267,0.780125
test_17268,0.051806
test_17269,0.03
test_17270,0.565514
test_17271,0.145734
test_17272,0.862042
test_17273,0.97
test_17274,0.625774
test_17275,0.314107
test_17276,0.747511
test_17277,0.97
test_17278,0.910773
test_17279,0.073537
test_17280,0.290726
test_17281,0.03
test_17282,0.957279
test_17283,0.03
test_17284,0.722996
test_17285,0.97
test_17286,0.97
test_17287,0.03
test_17288,0.97
test_17289,0.736429
test_17290,0.03
test_17291,0.734006
test_17292,0.97
test_17293,0.03
test_17294,0.832779
test_17295,0.03
test_17296,0.102789
test_17297,0.051444
test_17298,0.829322
test_17299,0.97
test_17300,0.426989
test_17301,0.724734
test_17302,0.121089
test_17303,0.03
test_17304,0.03
test_17305,0.566453
test_17306,0.922546
test_17307,0.541192
test_17308,0.103033
test_17309,0.071654
test_17310,0.884495
test_17311,0.03
test_17312,0.97
test_17313,0.098641
test_17314,0.739189
test_17315,0.225247
test_17316,0.03
test_17317,0.885826
test_17318,0.494599
test_17319,0.97
test_17320,0.97
test_17321,0.842051
test_17322,0.03
test_17323,0.97
test_17324,0.03
test_17325,0.03
test_17326,0.97
test_17327,0.03
test_17328,0.419055
test_17329,0.03
test_17330,0.03
test_17331,0.508592
test_17332,0.97
test_17333,0.97
test_17334,0.03
test_17335,0.506625
test_17336,0.470569
test_17337,0.03
test_17338,0.97
test_17339,0.067301
test_17340,0.195692
test_17341,0.03
test_17342,0.285265
test_17343,0.033242
test_17344,0.97
test_17345,0.955417
test_17346,0.40904
test_17347,0.03
test_17348,0.961346
test_17349,0.03
test_17350,0.054236
test_17351,0.864353
test_17352,0.97
test_17353,0.97
test_17354,0.97
test_17355,0.03
test_17356,0.40431
test_17357,0.967677
test_17358,0.03
test_17359,0.951593
test_17360,0.97
test_17361,0.958973
test_17362,0.256544
test_17363,0.03
test_17364,0.03
test_17365,0.073805
test_17366,0.03
test_17367,0.218177
test_17368,0.107481
test_17369,0.233801
test_17370,0.97
test_17371,0.97
test_17372,0.97
test_17373,0.03
test_17374,0.554763
test_17375,0.083642
test_17376,0.97
test_17377,0.03
test_17378,0.826541
test_17379,0.604284
test_17380,0.855582
test_17381,0.03
test_17382,0.507488
test_17383,0.97
test_17384,0.03
test_17385,0.03
test_17386,0.083029
test_17387,0.97
test_17388,0.03
test_17389,0.03
test_17390,0.203729
test_17391,0.97
test_17392,0.03
test_17393,0.345231
test_17394,0.03
test_17395,0.03
test_17396,0.058199
test_17397,0.03
test_17398,0.751533
test_17399,0.352696
test_17400,0.040556
test_17401,0.715231
test_17402,0.887972
test_17403,0.842606
test_17404,0.953326
test_17405,0.964579
test_17406,0.03
test_17407,0.97
test_17408,0.204272
test_17409,0.97
test_17410,0.97
test_17411,0.97
test_17412,0.402784
test_17413,0.97
test_17414,0.057992
test_17415,0.092353
test_17416,0.56489
test_17417,0.97
test_17418,0.807218
test_17419,0.03
test_17420,0.97
test_17421,0.247249
test_17422,0.863803
test_17423,0.07903
test_17424,0.97
test_17425,0.032173
test_17426,0.654356
test_17427,0.97
test_17428,0.03
test_17429,0.732918
test_17430,0.97
test_17431,0.03
test_17432,0.126339
test_17433,0.164097
test_17434,0.544258
test_17435,0.851045
test_17436,0.03
test_17437,0.97
test_17438,0.930557
test_17439,0.03
test_17440,0.03
test_17441,0.97
test_17442,0.03
test_17443,0.97
test_17444,0.03
test_17445,0.03
test_17446,0.97
test_17447,0.03
test_17448,0.97
test_17449,0.97
test_17450,0.97
test_17451,0.046102
test_17452,0.03
test_17453,0.97
test_17454,0.97
test_17455,0.096809
test_17456,0.032963
test_17457,0.199695
test_17458,0.370279
test_17459,0.964847
test_17460,0.714893
test_17461,0.97
test_17462,0.447256
test_17463,0.03
test_17464,0.03
test_17465,0.03
test_17466,0.245014
test_17467,0.949334
test_17468,0.97
test_17469,0.186117
test_17470,0.329601
test_17471,0.512443
test_17472,0.829188
test_17473,0.97
test_17474,0.97
test_17475,0.03
test_17476,0.894089
test_17477,0.248016
test_17478,0.034826
test_17479,0.03
test_17480,0.97
test_17481,0.88799
test_17482,0.72423
test_17483,0.03
test_17484,0.03
test_17485,0.937737
test_17486,0.03
test_17487,0.930333
test_17488,0.03
test_17489,0.761156
test_17490,0.03
test_17491,0.97
test_17492,0.03
test_17493,0.97
test_17494,0.03
test_17495,0.670202
test_17496,0.904196
test_17497,0.03
test_17498,0.03
test_17499,0.97
test_17500,0.03
test_17501,0.585685
test_17502,0.03
test_17503,0.97
test_17504,0.03
test_17505,0.08196
test_17506,0.03
test_17507,0.97
test_17508,0.97
test_17509,0.97
test_17510,0.03
test_17511,0.78937
test_17512,0.099448
test_17513,0.775959
test_17514,0.969575
test_17515,0.97
test_17516,0.03
test_17517,0.692061
test_17518,0.958916
test_17519,0.03
test_17520,0.18521
test_17521,0.97
test_17522,0.670548
test_17523,0.067093
test_17524,0.97
test_17525,0.97
test_17526,0.97
test_17527,0.60464
test_17528,0.44145
test_17529,0.03
test_17530,0.97
test_17531,0.044852
test_17532,0.95963
test_17533,0.939442
test_17534,0.821195
test_17535,0.938781
test_17536,0.838641
test_17537,0.157175
test_17538,0.97
test_17539,0.064447
test_17540,0.399302
test_17541,0.97
test_17542,0.97
test_17543,0.589918
test_17544,0.03
test_17545,0.97
test_17546,0.97
test_17547,0.160896
test_17548,0.94295
test_17549,0.601235
test_17550,0.491264
test_17551,0.637166
test_17552,0.97
test_17553,0.03
test_17554,0.964271
test_17555,0.03
test_17556,0.03
test_17557,0.97
test_17558,0.97
test_17559,0.97
test_17560,0.03
test_17561,0.03
test_17562,0.03
test_17563,0.04481
test_17564,0.086691
test_17565,0.03
test_17566,0.04887
test_17567,0.97
test_17568,0.839788
test_17569,0.03
test_17570,0.97
test_17571,0.03
test_17572,0.767555
test_17573,0.969922
test_17574,0.03
test_17575,0.552826
test_17576,0.160916
test_17577,0.97
test_17578,0.03
test_17579,0.03
test_17580,0.202455
test_17581,0.824547
test_17582,0.848244
test_17583,0.08813
test_17584,0.921145
test_17585,0.97
test_17586,0.03
test_17587,0.030039
test_17588,0.097145
test_17589,0.97
test_17590,0.090783
test_17591,0.97
test_17592,0.055934
test_17593,0.97
test_17594,0.03
test_17595,0.97
test_17596,0.671322
test_17597,0.97
test_17598,0.359909
test_17599,0.858692
test_17600,0.325952
test_17601,0.042205
test_17602,0.68174
test_17603,0.938215
test_17604,0.03
test_17605,0.03
test_17606,0.03
test_17607,0.297822
test_17608,0.03
test_17609,0.97
test_17610,0.904192
test_17611,0.943977
test_17612,0.875565
test_17613,0.03
test_17614,0.97
test_17615,0.03
test_17616,0.97
test_17617,0.03
test_17618,0.03
test_17619,0.97
test_17620,0.425404
test_17621,0.051279
test_17622,0.040111
test_17623,0.461407
test_17624,0.97
test_17625,0.97
test_17626,0.03
test_17627,0.03
test_17628,0.97
test_17629,0.966877
test_17630,0.517034
test_17631,0.97
test_17632,0.09886
test_17633,0.97
test_17634,0.03
test_17635,0.046116
test_17636,0.03
test_17637,0.416456
test_17638,0.931878
test_17639,0.858603
test_17640,0.180261
test_17641,0.044813
test_17642,0.41737
test_17643,0.03
test_17644,0.852791
test_17645,0.97
test_17646,0.383109
test_17647,0.03
test_17648,0.666584
test_17649,0.317232
test_17650,0.03
test_17651,0.341252
test_17652,0.039528
test_17653,0.200554
test_17654,0.03
test_17655,0.03
test_17656,0.954912
test_17657,0.860504
test_17658,0.03
test_17659,0.03
test_17660,0.97
test_17661,0.97
test_17662,0.03
test_17663,0.97
test_17664,0.03
test_17665,0.03
test_17666,0.03
test_17667,0.97
test_17668,0.03
test_17669,0.03
test_17670,0.03
test_17671,0.03
test_17672,0.97
test_17673,0.883742
test_17674,0.316897
test_17675,0.97
test_17676,0.97
test_17677,0.880165
test_17678,0.03
test_17679,0.710939
test_17680,0.107878
test_17681,0.03
test_17682,0.684776
test_17683,0.97
test_17684,0.97
test_17685,0.97
test_17686,0.048935
test_17687,0.03
test_17688,0.03
test_17689,0.390319
test_17690,0.515086
test_17691,0.97
test_17692,0.97
test_17693,0.934211
test_17694,0.04943
test_17695,0.97
test_17696,0.97
test_17697,0.88833
test_17698,0.03
test_17699,0.29952
test_17700,0.03
test_17701,0.97
test_17702,0.058884
test_17703,0.154421
test_17704,0.03
test_17705,0.03
test_17706,0.97
test_17707,0.03
test_17708,0.886077
test_17709,0.03
test_17710,0.389148
test_17711,0.95886
test_17712,0.520771
test_17713,0.03
test_17714,0.042778
test_17715,0.779724
test_17716,0.03
test_17717,0.97
test_17718,0.050633
test_17719,0.03
test_17720,0.03
test_17721,0.886338
test_17722,0.077813
test_17723,0.944498
test_17724,0.786662
test_17725,0.03
test_17726,0.96012
test_17727,0.056382
test_17728,0.044392
test_17729,0.97
test_17730,0.97
test_17731,0.03
test_17732,0.97
test_17733,0.97
test_17734,0.03
test_17735,0.17589
test_17736,0.97
test_17737,0.250965
test_17738,0.688792
test_17739,0.854991
test_17740,0.03
test_17741,0.97
test_17742,0.031533
test_17743,0.965576
test_17744,0.97
test_17745,0.03
test_17746,0.180005
test_17747,0.731813
test_17748,0.97
test_17749,0.939195
test_17750,0.03
test_17751,0.138896
test_17752,0.220779
test_17753,0.503991
test_17754,0.03
test_17755,0.864322
test_17756,0.03
test_17757,0.789594
test_17758,0.074557
test_17759,0.97
test_17760,0.268671
test_17761,0.527808
test_17762,0.715754
test_17763,0.314121
test_17764,0.03
test_17765,0.97
test_17766,0.116044
test_17767,0.21056
test_17768,0.97
test_17769,0.03
test_17770,0.97
test_17771,0.780758
test_17772,0.739108
test_17773,0.273262
test_17774,0.03
test_17775,0.577725
test_17776,0.97
test_17777,0.03
test_17778,0.487735
test_17779,0.276018
test_17780,0.97
test_17781,0.03
test_17782,0.96914
test_17783,0.03
test_17784,0.97
test_17785,0.97
test_17786,0.727972
test_17787,0.715851
test_17788,0.97
test_17789,0.03
test_17790,0.03
test_17791,0.97
test_17792,0.805178
test_17793,0.03
test_17794,0.313718
test_17795,0.094131
test_17796,0.606957
test_17797,0.97
test_17798,0.03
test_17799,0.03
test_17800,0.827786
test_17801,0.122147
test_17802,0.9473
test_17803,0.03
test_17804,0.97
test_17805,0.507006
test_17806,0.670916
test_17807,0.108477
test_17808,0.03
test_17809,0.038143
test_17810,0.97
test_17811,0.424853
test_17812,0.805132
test_17813,0.713125
test_17814,0.913247
test_17815,0.246735
test_17816,0.97
test_17817,0.19241
test_17818,0.253559
test_17819,0.97
test_17820,0.03
test_17821,0.97
test_17822,0.03
test_17823,0.03
test_17824,0.370648
test_17825,0.146476
test_17826,0.72087
test_17827,0.125847
test_17828,0.97
test_17829,0.03
test_17830,0.97
test_17831,0.03
test_17832,0.03
test_17833,0.958889
test_17834,0.911689
test_17835,0.97
test_17836,0.97
test_17837,0.97
test_17838,0.97
test_17839,0.97
test_17840,0.619224
test_17841,0.97
test_17842,0.97
test_17843,0.044006
test_17844,0.302166
test_17845,0.389684
test_17846,0.03
test_17847,0.97
test_17848,0.97
test_17849,0.03
test_17850,0.03
test_17851,0.21652
test_17852,0.911391
test_17853,0.90527
test_17854,0.03
test_17855,0.03
test_17856,0.97
test_17857,0.145936
test_17858,0.866115
test_17859,0.97
test_17860,0.03
test_17861,0.97
test_17862,0.97
test_17863,0.043409
test_17864,0.03
test_17865,0.96274
test_17866,0.059163
test_17867,0.102623
test_17868,0.171789
test_17869,0.03
test_17870,0.066714
test_17871,0.061358
test_17872,0.03
test_17873,0.95825
test_17874,0.03
test_17875,0.97
test_17876,0.03
test_17877,0.041123
test_17878,0.882075
test_17879,0.97
test_17880,0.051766
test_17881,0.602917
test_17882,0.198299
test_17883,0.954201
test_17884,0.301775
test_17885,0.97
test_17886,0.030944
test_17887,0.97
test_17888,0.960408
test_17889,0.97
test_17890,0.97
test_17891,0.03
test_17892,0.97
test_17893,0.780882
test_17894,0.97
test_17895,0.129756
test_17896,0.97
test_17897,0.370187
test_17898,0.96384
test_17899,0.95308
test_17900,0.97
test_17901,0.047089
test_17902,0.961503
test_17903,0.97
test_17904,0.518296
test_17905,0.927329
test_17906,0.97
test_17907,0.95901
test_17908,0.823222
test_17909,0.97
test_17910,0.03
test_17911,0.03
test_17912,0.945747
test_17913,0.97
test_17914,0.348799
test_17915,0.97
test_17916,0.03
test_17917,0.03
test_17918,0.578189
test_17919,0.03
test_17920,0.03
test_17921,0.97
test_17922,0.97
test_17923,0.638981
test_17924,0.03
test_17925,0.170981
test_17926,0.03
test_17927,0.156708
test_17928,0.97
test_17929,0.03
test_17930,0.97
test_17931,0.97
test_17932,0.083995
test_17933,0.97
test_17934,0.03
test_17935,0.624504
test_17936,0.502393
test_17937,0.03
test_17938,0.03
test_17939,0.757195
test_17940,0.97
test_17941,0.786304
test_17942,0.97
test_17943,0.97
test_17944,0.97
test_17945,0.03
test_17946,0.032792
test_17947,0.426789
test_17948,0.826709
test_17949,0.97
test_17950,0.446455
test_17951,0.535383
test_17952,0.040892
test_17953,0.97
test_17954,0.121579
test_17955,0.03
test_17956,0.97
test_17957,0.03
test_17958,0.03
test_17959,0.03
test_17960,0.03
test_17961,0.03
test_17962,0.03
test_17963,0.755819
test_17964,0.942392
test_17965,0.97
test_17966,0.97
test_17967,0.95521
test_17968,0.84421
test_17969,0.03
test_17970,0.03
test_17971,0.97
test_17972,0.104655
test_17973,0.97
test_17974,0.089921
test_17975,0.03
test_17976,0.947726
test_17977,0.03
test_17978,0.97
test_17979,0.368338
test_17980,0.057562
test_17981,0.869874
test_17982,0.97
test_17983,0.492722
test_17984,0.072235
test_17985,0.843298
test_17986,0.065159
test_17987,0.964867
test_17988,0.97
test_17989,0.97
test_17990,0.03
test_17991,0.97
test_17992,0.97
test_17993,0.03
test_17994,0.388996
test_17995,0.060857
test_17996,0.97
test_17997,0.03
test_17998,0.107622
test_17999,0.97
test_18000,0.779012
test_18001,0.03
test_18002,0.97
test_18003,0.801127
test_18004,0.746692
test_18005,0.97
test_18006,0.55894
test_18007,0.97
test_18008,0.914424
test_18009,0.97
test_18010,0.03
test_18011,0.97
test_18012,0.03
test_18013,0.758657
test_18014,0.03
test_18015,0.03
test_18016,0.671776
test_18017,0.163899
test_18018,0.071891
test_18019,0.03
test_18020,0.139364
test_18021,0.757873
test_18022,0.900161
test_18023,0.97
test_18024,0.03
test_18025,0.03
test_18026,0.97
test_18027,0.03
test_18028,0.713526
test_18029,0.959173
test_18030,0.5403
test_18031,0.81485
test_18032,0.042382
test_18033,0.97
test_18034,0.565576
test_18035,0.97
test_18036,0.97
test_18037,0.961891
test_18038,0.614195
test_18039,0.952075
test_18040,0.97
test_18041,0.97
test_18042,0.97
test_18043,0.03
test_18044,0.916759
test_18045,0.03
test_18046,0.843356
test_18047,0.03
test_18048,0.97
test_18049,0.97
test_18050,0.769017
test_18051,0.03
test_18052,0.049368
test_18053,0.97
test_18054,0.03
test_18055,0.846822
test_18056,0.03
test_18057,0.089411
test_18058,0.448896
test_18059,0.823628
test_18060,0.97
test_18061,0.857486
test_18062,0.97
test_18063,0.260348
test_18064,0.97
test_18065,0.964588
test_18066,0.03
test_18067,0.78477
test_18068,0.926319
test_18069,0.852828
test_18070,0.97
test_18071,0.03
test_18072,0.74631
test_18073,0.315481
test_18074,0.888793
test_18075,0.97
test_18076,0.97
test_18077,0.03
test_18078,0.522706
test_18079,0.97
test_18080,0.97
test_18081,0.97
test_18082,0.97
test_18083,0.585555
test_18084,0.97
test_18085,0.03
test_18086,0.97
test_18087,0.03
test_18088,0.857494
test_18089,0.03
test_18090,0.16294
test_18091,0.895496
test_18092,0.97
test_18093,0.97
test_18094,0.03
test_18095,0.924298
test_18096,0.329646
test_18097,0.354812
test_18098,0.97
test_18099,0.97
test_18100,0.03
test_18101,0.03
test_18102,0.97
test_18103,0.311695
test_18104,0.322569
test_18105,0.97
test_18106,0.817735
test_18107,0.97
test_18108,0.03
test_18109,0.03
test_18110,0.960514
test_18111,0.4099
test_18112,0.568792
test_18113,0.235578
test_18114,0.05531
test_18115,0.97
test_18116,0.97
test_18117,0.03
test_18118,0.03
test_18119,0.440295
test_18120,0.03
test_18121,0.30655
test_18122,0.034006
test_18123,0.97
test_18124,0.03
test_18125,0.97
test_18126,0.58805
test_18127,0.03
test_18128,0.03
test_18129,0.03
test_18130,0.03
test_18131,0.968743
test_18132,0.03
test_18133,0.039601
test_18134,0.03
test_18135,0.050307
test_18136,0.03
test_18137,0.03
test_18138,0.447273
test_18139,0.03
test_18140,0.03
test_18141,0.601354
test_18142,0.03
test_18143,0.092104
test_18144,0.03
test_18145,0.432411
test_18146,0.96041
test_18147,0.150058
test_18148,0.260259
test_18149,0.302541
test_18150,0.97
test_18151,0.859534
test_18152,0.97
test_18153,0.35429
test_18154,0.86861
test_18155,0.97
test_18156,0.03
test_18157,0.055548
test_18158,0.841356
test_18159,0.360824
test_18160,0.968861
test_18161,0.122398
test_18162,0.883123
test_18163,0.03
test_18164,0.97
test_18165,0.472976
test_18166,0.035989
test_18167,0.97
test_18168,0.97
test_18169,0.959752
test_18170,0.97
test_18171,0.619572
test_18172,0.97
test_18173,0.97
test_18174,0.97
test_18175,0.03
test_18176,0.97
test_18177,0.97
test_18178,0.97
test_18179,0.178245
test_18180,0.23977
test_18181,0.631988
test_18182,0.97
test_18183,0.814232
test_18184,0.97
test_18185,0.688567
test_18186,0.03
test_18187,0.03
test_18188,0.124309
test_18189,0.03
test_18190,0.97
test_18191,0.97
test_18192,0.97
test_18193,0.660046
test_18194,0.12824
test_18195,0.97
test_18196,0.883643
test_18197,0.97
test_18198,0.597357
test_18199,0.100879
test_18200,0.03
test_18201,0.09303
test_18202,0.915907
test_18203,0.97
test_18204,0.97
test_18205,0.392599
test_18206,0.03
test_18207,0.96678
test_18208,0.03
test_18209,0.97
test_18210,0.97
test_18211,0.15872
test_18212,0.142044
test_18213,0.579076
test_18214,0.03
test_18215,0.847793
test_18216,0.545769
test_18217,0.285375
test_18218,0.97
test_18219,0.03
test_18220,0.97
test_18221,0.03
test_18222,0.03
test_18223,0.03
test_18224,0.97
test_18225,0.97
test_18226,0.790849
test_18227,0.946447
test_18228,0.97
test_18229,0.15858
test_18230,0.97
test_18231,0.789714
test_18232,0.608584
test_18233,0.97
test_18234,0.485261
test_18235,0.97
test_18236,0.068053
test_18237,0.157346
test_18238,0.612221
test_18239,0.97
test_18240,0.05391
test_18241,0.225697
test_18242,0.03
test_18243,0.174056
test_18244,0.965789
test_18245,0.08694
test_18246,0.97
test_18247,0.693055
test_18248,0.797158
test_18249,0.622665
test_18250,0.03
test_18251,0.03
test_18252,0.600016
test_18253,0.873823
test_18254,0.03
test_18255,0.03
test_18256,0.03
test_18257,0.03
test_18258,0.97
test_18259,0.46848
test_18260,0.929126
test_18261,0.97
test_18262,0.03
test_18263,0.307606
test_18264,0.03
test_18265,0.030491
test_18266,0.03
test_18267,0.733541
test_18268,0.855755
test_18269,0.03
test_18270,0.97
test_18271,0.03
test_18272,0.03
test_18273,0.103925
test_18274,0.03
test_18275,0.03
test_18276,0.03
test_18277,0.036172
test_18278,0.046151
test_18279,0.96855
test_18280,0.97
test_18281,0.03
test_18282,0.660592
test_18283,0.03
test_18284,0.417094
test_18285,0.97
test_18286,0.03
test_18287,0.03
test_18288,0.03
test_18289,0.684387
test_18290,0.97
test_18291,0.03
test_18292,0.044286
test_18293,0.449267
test_18294,0.047654
test_18295,0.97
test_18296,0.03
test_18297,0.390931
test_18298,0.943782
test_18299,0.073568
test_18300,0.205737
test_18301,0.03
test_18302,0.084303
test_18303,0.03
test_18304,0.03
test_18305,0.961163
test_18306,0.03
test_18307,0.03
test_18308,0.948996
test_18309,0.948667
test_18310,0.97
test_18311,0.038413
test_18312,0.216222
test_18313,0.97
test_18314,0.721255
test_18315,0.03
test_18316,0.96471
test_18317,0.03
test_18318,0.97
test_18319,0.139403
test_18320,0.766841
test_18321,0.03
test_18322,0.933214
test_18323,0.910588
test_18324,0.185028
test_18325,0.208466
test_18326,0.97
test_18327,0.03
test_18328,0.03
test_18329,0.97
test_18330,0.03
test_18331,0.97
test_18332,0.441577
test_18333,0.03
test_18334,0.97
test_18335,0.03
test_18336,0.043277
test_18337,0.97
test_18338,0.844839
test_18339,0.03
test_18340,0.97
test_18341,0.03
test_18342,0.03
test_18343,0.97
test_18344,0.905496
test_18345,0.03
test_18346,0.03
test_18347,0.719496
test_18348,0.03
test_18349,0.03
test_18350,0.631567
test_18351,0.863533
test_18352,0.254892
test_18353,0.03
test_18354,0.856971
test_18355,0.441767
test_18356,0.03
test_18357,0.97
test_18358,0.03
test_18359,0.03
test_18360,0.97
test_18361,0.97
test_18362,0.131102
test_18363,0.871451
test_18364,0.850355
test_18365,0.913937
test_18366,0.97
test_18367,0.202934
test_18368,0.97
test_18369,0.97
test_18370,0.97
test_18371,0.431186
test_18372,0.043378
test_18373,0.323944
test_18374,0.97
test_18375,0.97
test_18376,0.03
test_18377,0.414194
test_18378,0.510945
test_18379,0.039171
test_18380,0.221928
test_18381,0.7397
test_18382,0.934749
test_18383,0.97
test_18384,0.063425
test_18385,0.97
test_18386,0.97
test_18387,0.858098
test_18388,0.895802
test_18389,0.97
test_18390,0.97
test_18391,0.03
test_18392,0.347073
test_18393,0.577464
test_18394,0.03
test_18395,0.03
test_18396,0.788749
test_18397,0.97
test_18398,0.596912
test_18399,0.969985
test_18400,0.03
test_18401,0.617003
test_18402,0.97
test_18403,0.97
test_18404,0.445778
test_18405,0.181079
test_18406,0.719746
test_18407,0.155228
test_18408,0.97
test_18409,0.856554
test_18410,0.97
test_18411,0.621611
test_18412,0.97
test_18413,0.97
test_18414,0.03
test_18415,0.03
test_18416,0.97
test_18417,0.03
test_18418,0.947658
test_18419,0.97
test_18420,0.944016
test_18421,0.133812
test_18422,0.038507
test_18423,0.97
test_18424,0.97
test_18425,0.03
test_18426,0.97
test_18427,0.778053
test_18428,0.030224
test_18429,0.03
test_18430,0.933231
test_18431,0.97
test_18432,0.03
test_18433,0.97
test_18434,0.97
test_18435,0.97
test_18436,0.950909
test_18437,0.797702
test_18438,0.03
test_18439,0.97
test_18440,0.041216
test_18441,0.502546
test_18442,0.97
test_18443,0.03
test_18444,0.03
test_18445,0.97
test_18446,0.878005
test_18447,0.03
test_18448,0.387607
test_18449,0.03
test_18450,0.887148
test_18451,0.222772
test_18452,0.42567
test_18453,0.97
test_18454,0.03
test_18455,0.940784
test_18456,0.387384
test_18457,0.195371
test_18458,0.938694
test_18459,0.895144
test_18460,0.97
test_18461,0.952953
test_18462,0.701884
test_18463,0.627965
test_18464,0.437032
test_18465,0.03
test_18466,0.97
test_18467,0.953565
test_18468,0.03
test_18469,0.055643
test_18470,0.560832
test_18471,0.967282
test_18472,0.03
test_18473,0.97
test_18474,0.051948
test_18475,0.03
test_18476,0.97
test_18477,0.03
test_18478,0.196303
test_18479,0.063715
test_18480,0.112646
test_18481,0.050458
test_18482,0.03
test_18483,0.961715
test_18484,0.97
test_18485,0.97
test_18486,0.03
test_18487,0.163898
test_18488,0.841459
test_18489,0.03
test_18490,0.919777
test_18491,0.03
test_18492,0.03
test_18493,0.333352
test_18494,0.052367
test_18495,0.97
test_18496,0.03
test_18497,0.97
test_18498,0.97
test_18499,0.03
test_18500,0.054948
test_18501,0.97
test_18502,0.590814
test_18503,0.03
test_18504,0.97
test_18505,0.496184
test_18506,0.97
test_18507,0.97
test_18508,0.03
test_18509,0.97
test_18510,0.97
test_18511,0.800979
test_18512,0.816245
test_18513,0.03
test_18514,0.427852
test_18515,0.7065
test_18516,0.97
test_18517,0.97
test_18518,0.568009
test_18519,0.97
test_18520,0.037193
test_18521,0.03
test_18522,0.089815
test_18523,0.97
test_18524,0.050223
test_18525,0.672072
test_18526,0.489596
test_18527,0.602271
test_18528,0.03
test_18529,0.97
test_18530,0.97
test_18531,0.96144
test_18532,0.03
test_18533,0.97
test_18534,0.03
test_18535,0.03
test_18536,0.904209
test_18537,0.97
test_18538,0.381285
test_18539,0.622088
test_18540,0.955328
test_18541,0.599191
test_18542,0.03
test_18543,0.97
test_18544,0.496247
test_18545,0.958884
test_18546,0.97
test_18547,0.312558
test_18548,0.964792
test_18549,0.878086
test_18550,0.872417
test_18551,0.31491
test_18552,0.03
test_18553,0.845468
test_18554,0.97
test_18555,0.444952
test_18556,0.933811
test_18557,0.920523
test_18558,0.143089
test_18559,0.97
test_18560,0.403943
test_18561,0.199077
test_18562,0.97
test_18563,0.853049
test_18564,0.03665
test_18565,0.844678
test_18566,0.03
test_18567,0.834509
test_18568,0.909454
test_18569,0.74819
test_18570,0.828429
test_18571,0.03
test_18572,0.03
test_18573,0.916166
test_18574,0.445643
test_18575,0.03
test_18576,0.03
test_18577,0.03
test_18578,0.104539
test_18579,0.97
test_18580,0.059573
test_18581,0.640684
test_18582,0.97
test_18583,0.034844
test_18584,0.03
test_18585,0.444395
test_18586,0.97
test_18587,0.898844
test_18588,0.97
test_18589,0.361445
test_18590,0.97
test_18591,0.921486
test_18592,0.03
test_18593,0.809662
test_18594,0.03
test_18595,0.97
test_18596,0.484531
test_18597,0.97
test_18598,0.97
test_18599,0.97
test_18600,0.97
test_18601,0.944885
test_18602,0.97
test_18603,0.932965
test_18604,0.455456
test_18605,0.03
test_18606,0.97
test_18607,0.968437
test_18608,0.03
test_18609,0.03
test_18610,0.909212
test_18611,0.97
test_18612,0.97
test_18613,0.399712
test_18614,0.03
test_18615,0.965992
test_18616,0.03
test_18617,0.97
test_18618,0.104484
test_18619,0.97
test_18620,0.97
test_18621,0.607987
test_18622,0.040383
test_18623,0.97
test_18624,0.191139
test_18625,0.97
test_18626,0.168214
test_18627,0.97
test_18628,0.03
test_18629,0.128773
test_18630,0.97
test_18631,0.03
test_18632,0.03
test_18633,0.03
test_18634,0.97
test_18635,0.942619
test_18636,0.040993
test_18637,0.965714
test_18638,0.03
test_18639,0.97
test_18640,0.950247
test_18641,0.756444
test_18642,0.503297
test_18643,0.03
test_18644,0.03
test_18645,0.03
test_18646,0.727239
test_18647,0.121426
test_18648,0.899605
test_18649,0.03
test_18650,0.03
test_18651,0.97
test_18652,0.036651
test_18653,0.03
test_18654,0.198145
test_18655,0.403894
test_18656,0.771983
test_18657,0.468512
test_18658,0.03
test_18659,0.635765
test_18660,0.97
test_18661,0.03
test_18662,0.03
test_18663,0.89247
test_18664,0.97
test_18665,0.03
test_18666,0.873989
test_18667,0.67462
test_18668,0.97
test_18669,0.97
test_18670,0.03
test_18671,0.03
test_18672,0.132619
test_18673,0.97
test_18674,0.256238
test_18675,0.187028
test_18676,0.97
test_18677,0.830771
test_18678,0.03
test_18679,0.97
test_18680,0.931182
test_18681,0.942027
test_18682,0.97
test_18683,0.97
test_18684,0.542301
test_18685,0.951111
test_18686,0.397436
test_18687,0.97
test_18688,0.03
test_18689,0.97
test_18690,0.97
test_18691,0.962258
test_18692,0.153455
test_18693,0.97
test_18694,0.03
test_18695,0.963948
test_18696,0.97
test_18697,0.03
test_18698,0.03
test_18699,0.166509
test_18700,0.768087
test_18701,0.085286
test_18702,0.03
test_18703,0.03
test_18704,0.822362
test_18705,0.074875
test_18706,0.97
test_18707,0.753123
test_18708,0.03
test_18709,0.97
test_18710,0.95331
test_18711,0.97
test_18712,0.765042
test_18713,0.97
test_18714,0.048345
test_18715,0.97
test_18716,0.97
test_18717,0.078316
test_18718,0.594734
test_18719,0.97
test_18720,0.034087
test_18721,0.098487
test_18722,0.474644
test_18723,0.03
test_18724,0.965273
test_18725,0.030699
test_18726,0.97
test_18727,0.680113
test_18728,0.859664
test_18729,0.928818
test_18730,0.053153
test_18731,0.961423
test_18732,0.03
test_18733,0.97
test_18734,0.774938
test_18735,0.03
test_18736,0.892075
test_18737,0.97
test_18738,0.03
test_18739,0.97
test_18740,0.03
test_18741,0.699942
test_18742,0.76913
test_18743,0.97
test_18744,0.97
test_18745,0.97
test_18746,0.97
test_18747,0.03
test_18748,0.846828
test_18749,0.97
test_18750,0.053554
test_18751,0.44529
test_18752,0.127809
test_18753,0.97
test_18754,0.939936
test_18755,0.108281
test_18756,0.154038
test_18757,0.817624
test_18758,0.03
test_18759,0.28462
test_18760,0.03
test_18761,0.528569
test_18762,0.97
test_18763,0.97
test_18764,0.97
test_18765,0.12257
test_18766,0.03
test_18767,0.97
test_18768,0.03
test_18769,0.03
test_18770,0.900496
test_18771,0.03
test_18772,0.03
test_18773,0.37276
test_18774,0.03
test_18775,0.03
test_18776,0.052235
test_18777,0.03
test_18778,0.97
test_18779,0.722203
test_18780,0.205794
test_18781,0.031615
test_18782,0.97
test_18783,0.03
test_18784,0.03
test_18785,0.224499
test_18786,0.03
test_18787,0.97
test_18788,0.97
test_18789,0.514332
test_18790,0.03
test_18791,0.050808
test_18792,0.96568
test_18793,0.03
test_18794,0.97
test_18795,0.03
test_18796,0.97
test_18797,0.97
test_18798,0.139046
test_18799,0.97
test_18800,0.57234
test_18801,0.40413
test_18802,0.97
test_18803,0.719998
test_18804,0.03
test_18805,0.633315
test_18806,0.97
test_18807,0.627635
test_18808,0.313068
test_18809,0.03
test_18810,0.051607
test_18811,0.97
test_18812,0.03
test_18813,0.97
test_18814,0.434329
test_18815,0.03
test_18816,0.97
test_18817,0.03
test_18818,0.952425
test_18819,0.944977
test_18820,0.041766
test_18821,0.97
test_18822,0.97
test_18823,0.97
test_18824,0.03
test_18825,0.03
test_18826,0.03
test_18827,0.03
test_18828,0.03
test_18829,0.03
test_18830,0.035558
test_18831,0.97
test_18832,0.371925
test_18833,0.03
test_18834,0.933812
test_18835,0.97
test_18836,0.958154
test_18837,0.791933
test_18838,0.03
test_18839,0.97
test_18840,0.061756
test_18841,0.518791
test_18842,0.257109
test_18843,0.97
test_18844,0.03
test_18845,0.97
test_18846,0.03
test_18847,0.299285
test_18848,0.091267
test_18849,0.548947
test_18850,0.03
test_18851,0.97
test_18852,0.03
test_18853,0.530048
test_18854,0.03
test_18855,0.03
test_18856,0.34245
test_18857,0.03
test_18858,0.97
test_18859,0.671296
test_18860,0.929669
test_18861,0.03
test_18862,0.038271
test_18863,0.03
test_18864,0.97
test_18865,0.03
test_18866,0.03
test_18867,0.034802
test_18868,0.03
test_18869,0.97
test_18870,0.97
test_18871,0.041309
test_18872,0.97
test_18873,0.358561
test_18874,0.03
test_18875,0.940006
test_18876,0.97
test_18877,0.03
test_18878,0.97
test_18879,0.03
test_18880,0.97
test_18881,0.97
test_18882,0.97
test_18883,0.105065
test_18884,0.07835
test_18885,0.053843
test_18886,0.917625
test_18887,0.263442
test_18888,0.03
test_18889,0.047263
test_18890,0.129197
test_18891,0.03
test_18892,0.97
test_18893,0.957897
test_18894,0.97
test_18895,0.97
test_18896,0.929821
test_18897,0.705156
test_18898,0.97
test_18899,0.101837
test_18900,0.741531
test_18901,0.878504
test_18902,0.515966
test_18903,0.127827
test_18904,0.767211
test_18905,0.326858
test_18906,0.03
test_18907,0.03
test_18908,0.959639
test_18909,0.97
test_18910,0.048254
test_18911,0.03
test_18912,0.868958
test_18913,0.03
test_18914,0.037702
test_18915,0.122512
test_18916,0.03
test_18917,0.97
test_18918,0.97
test_18919,0.97
test_18920,0.03
test_18921,0.554989
test_18922,0.03
test_18923,0.813595
test_18924,0.03
test_18925,0.05108
test_18926,0.03
test_18927,0.97
test_18928,0.03
test_18929,0.463844
test_18930,0.97
test_18931,0.97
test_18932,0.03
test_18933,0.874719
test_18934,0.97
test_18935,0.95365
test_18936,0.079775
test_18937,0.760344
test_18938,0.03
test_18939,0.135354
test_18940,0.116049
test_18941,0.29516
test_18942,0.03
test_18943,0.03
test_18944,0.03
test_18945,0.97
test_18946,0.03
test_18947,0.97
test_18948,0.354205
test_18949,0.794999
test_18950,0.663898
test_18951,0.03
test_18952,0.97
test_18953,0.563822
test_18954,0.97
test_18955,0.197476
test_18956,0.03
test_18957,0.860953
test_18958,0.957088
test_18959,0.03
test_18960,0.907972
test_18961,0.045373
test_18962,0.03
test_18963,0.03
test_18964,0.03
test_18965,0.03
test_18966,0.948569
test_18967,0.97
test_18968,0.936576
test_18969,0.97
test_18970,0.03
test_18971,0.97
test_18972,0.97
test_18973,0.97
test_18974,0.97
test_18975,0.604774
test_18976,0.97
test_18977,0.97
test_18978,0.97
test_18979,0.97
test_18980,0.894587
test_18981,0.03
test_18982,0.03
test_18983,0.417855
test_18984,0.97
test_18985,0.057116
test_18986,0.937983
test_18987,0.97
test_18988,0.03
test_18989,0.97
test_18990,0.97
test_18991,0.97
test_18992,0.03
test_18993,0.963962
test_18994,0.741665
test_18995,0.97
test_18996,0.03
test_18997,0.03
test_18998,0.97
test_18999,0.03
test_19000,0.97
test_19001,0.503356
test_19002,0.249717
test_19003,0.03
test_19004,0.036674
test_19005,0.03
test_19006,0.956259
test_19007,0.146149
test_19008,0.03
test_19009,0.03
test_19010,0.97
test_19011,0.97
test_19012,0.03
test_19013,0.065468
test_19014,0.97
test_19015,0.03
test_19016,0.97
test_19017,0.10895
test_19018,0.03
test_19019,0.954232
test_19020,0.60695
test_19021,0.897733
test_19022,0.124684
test_19023,0.03
test_19024,0.672565
test_19025,0.97
test_19026,0.97
test_19027,0.03
test_19028,0.97
test_19029,0.97
test_19030,0.03
test_19031,0.97
test_19032,0.048546
test_19033,0.963266
test_19034,0.97
test_19035,0.03
test_19036,0.948752
test_19037,0.93775
test_19038,0.03
test_19039,0.03
test_19040,0.97
test_19041,0.917863
test_19042,0.97
test_19043,0.957568
test_19044,0.189759
test_19045,0.03
test_19046,0.769345
test_19047,0.748593
test_19048,0.962292
test_19049,0.968838
test_19050,0.97
test_19051,0.03
test_19052,0.934802
test_19053,0.458201
test_19054,0.03
test_19055,0.97
test_19056,0.562892
test_19057,0.97
test_19058,0.03
test_19059,0.03
test_19060,0.03
test_19061,0.732677
test_19062,0.085229
test_19063,0.97
test_19064,0.03
test_19065,0.225949
test_19066,0.382518
test_19067,0.236926
test_19068,0.97
test_19069,0.03
test_19070,0.915667
test_19071,0.046372
test_19072,0.577951
test_19073,0.97
test_19074,0.97
test_19075,0.427565
test_19076,0.97
test_19077,0.03
test_19078,0.03
test_19079,0.771862
test_19080,0.400155
test_19081,0.97
test_19082,0.744548
test_19083,0.97
test_19084,0.62653
test_19085,0.03
test_19086,0.033439
test_19087,0.03
test_19088,0.03
test_19089,0.97
test_19090,0.03
test_19091,0.97
test_19092,0.348293
test_19093,0.03
test_19094,0.03
test_19095,0.03
test_19096,0.97
test_19097,0.099116
test_19098,0.810348
test_19099,0.97
test_19100,0.03
test_19101,0.97
test_19102,0.03
test_19103,0.03
test_19104,0.03
test_19105,0.97
test_19106,0.03845
test_19107,0.97
test_19108,0.042008
test_19109,0.261328
test_19110,0.927523
test_19111,0.03
test_19112,0.97
test_19113,0.03
test_19114,0.091562
test_19115,0.03
test_19116,0.97
test_19117,0.03
test_19118,0.03
test_19119,0.03
test_19120,0.03
test_19121,0.97
test_19122,0.27165
test_19123,0.97
test_19124,0.30782
test_19125,0.97
test_19126,0.546983
test_19127,0.03
test_19128,0.497938
test_19129,0.03
test_19130,0.97
test_19131,0.03
test_19132,0.384707
test_19133,0.03
test_19134,0.97
test_19135,0.03
test_19136,0.957586
test_19137,0.97
test_19138,0.043641
test_19139,0.637958
test_19140,0.97
test_19141,0.03
test_19142,0.89176
test_19143,0.03
test_19144,0.662693
test_19145,0.97
test_19146,0.899213
test_19147,0.97
test_19148,0.97
test_19149,0.97
test_19150,0.03
test_19151,0.03
test_19152,0.97
test_19153,0.844151
test_19154,0.707007
test_19155,0.965404
test_19156,0.945558
test_19157,0.816212
test_19158,0.286806
test_19159,0.97
test_19160,0.03
test_19161,0.038178
test_19162,0.03
test_19163,0.97
test_19164,0.03
test_19165,0.03
test_19166,0.97
test_19167,0.683007
test_19168,0.97
test_19169,0.450242
test_19170,0.97
test_19171,0.97
test_19172,0.560869
test_19173,0.97
test_19174,0.03
test_19175,0.659142
test_19176,0.067151
test_19177,0.918858
test_19178,0.335903
test_19179,0.889105
test_19180,0.041071
test_19181,0.71259
test_19182,0.03
test_19183,0.97
test_19184,0.97
test_19185,0.086216
test_19186,0.77196
test_19187,0.97
test_19188,0.844069
test_19189,0.928287
test_19190,0.94027
test_19191,0.03
test_19192,0.97
test_19193,0.468743
test_19194,0.061681
test_19195,0.03
test_19196,0.97
test_19197,0.550879
test_19198,0.97
test_19199,0.03
test_19200,0.97
test_19201,0.97
test_19202,0.97
test_19203,0.97
test_19204,0.654087
test_19205,0.125444
test_19206,0.371402
test_19207,0.03
test_19208,0.97
test_19209,0.97
test_19210,0.03
test_19211,0.03
test_19212,0.97
test_19213,0.740885
test_19214,0.090326
test_19215,0.131407
test_19216,0.03
test_19217,0.97
test_19218,0.403475
test_19219,0.240791
test_19220,0.267943
test_19221,0.057938
test_19222,0.97
test_19223,0.97
test_19224,0.03
test_19225,0.03
test_19226,0.883569
test_19227,0.879772
test_19228,0.97
test_19229,0.03
test_19230,0.063394
test_19231,0.97
test_19232,0.97
test_19233,0.97
test_19234,0.059892
test_19235,0.206728
test_19236,0.042792
test_19237,0.03
test_19238,0.03
test_19239,0.03
test_19240,0.97
test_19241,0.97
test_19242,0.096188
test_19243,0.32781
test_19244,0.97
test_19245,0.963497
test_19246,0.965452
test_19247,0.03
test_19248,0.97
test_19249,0.03
test_19250,0.97
test_19251,0.25138
test_19252,0.03
test_19253,0.951798
test_19254,0.4954
test_19255,0.837366
test_19256,0.97
test_19257,0.085545
test_19258,0.03
test_19259,0.03
test_19260,0.358778
test_19261,0.734983
test_19262,0.928679
test_19263,0.047983
test_19264,0.03
test_19265,0.940229
test_19266,0.949593
test_19267,0.97
test_19268,0.97
test_19269,0.03
test_19270,0.093571
test_19271,0.039495
test_19272,0.847163
test_19273,0.66696
test_19274,0.03
test_19275,0.515221
test_19276,0.97
test_19277,0.03
test_19278,0.03
test_19279,0.74522
test_19280,0.97
test_19281,0.97
test_19282,0.075105
test_19283,0.063485
test_19284,0.712324
test_19285,0.230311
test_19286,0.03
test_19287,0.899069
test_19288,0.083685
test_19289,0.03
test_19290,0.97
test_19291,0.03
test_19292,0.322554
test_19293,0.03
test_19294,0.97
test_19295,0.97
test_19296,0.97
test_19297,0.03
test_19298,0.329466
test_19299,0.046353
test_19300,0.03
test_19301,0.178289
test_19302,0.502362
test_19303,0.97
test_19304,0.928136
test_19305,0.037896
test_19306,0.97
test_19307,0.97
test_19308,0.307504
test_19309,0.908792
test_19310,0.03
test_19311,0.03
test_19312,0.15669
test_19313,0.03
test_19314,0.03
test_19315,0.97
test_19316,0.97
test_19317,0.03
test_19318,0.97
test_19319,0.046651
test_19320,0.97
test_19321,0.94601
test_19322,0.03
test_19323,0.97
test_19324,0.03
test_19325,0.03
test_19326,0.134418
test_19327,0.647995
test_19328,0.081715
test_19329,0.037284
test_19330,0.094596
test_19331,0.03
test_19332,0.97
test_19333,0.03
test_19334,0.03
test_19335,0.03
test_19336,0.03
test_19337,0.03
test_19338,0.97
test_19339,0.030368
test_19340,0.97
test_19341,0.03
test_19342,0.97
test_19343,0.97
test_19344,0.03
test_19345,0.97
test_19346,0.193979
test_19347,0.401661
test_19348,0.123572
test_19349,0.03
test_19350,0.03
test_19351,0.03
test_19352,0.698521
test_19353,0.160005
test_19354,0.97
test_19355,0.03
test_19356,0.214587
test_19357,0.208329
test_19358,0.193424
test_19359,0.97
test_19360,0.03
test_19361,0.03
test_19362,0.03
test_19363,0.03
test_19364,0.97
test_19365,0.03
test_19366,0.661169
test_19367,0.26804
test_19368,0.97
test_19369,0.969811
test_19370,0.97
test_19371,0.03
test_19372,0.43564
test_19373,0.631158
test_19374,0.947364
test_19375,0.070777
test_19376,0.97
test_19377,0.966007
test_19378,0.723681
test_19379,0.03
test_19380,0.97
test_19381,0.95443
test_19382,0.03
test_19383,0.97
test_19384,0.97
test_19385,0.97
test_19386,0.913774
test_19387,0.03
test_19388,0.295304
test_19389,0.54823
test_19390,0.97
test_19391,0.97
test_19392,0.03
test_19393,0.839421
test_19394,0.944137
test_19395,0.03
test_19396,0.97
test_19397,0.200238
test_19398,0.928901
test_19399,0.756545
test_19400,0.03
test_19401,0.97
test_19402,0.855394
test_19403,0.809129
test_19404,0.03
test_19405,0.97
test_19406,0.958819
test_19407,0.16918
test_19408,0.14347
test_19409,0.03
test_19410,0.096683
test_19411,0.03
test_19412,0.03
test_19413,0.967015
test_19414,0.547622
test_19415,0.03
test_19416,0.97
test_19417,0.154176
test_19418,0.03
test_19419,0.97
test_19420,0.058581
test_19421,0.97
test_19422,0.931625
test_19423,0.763897
test_19424,0.146585
test_19425,0.03
test_19426,0.075129
test_19427,0.063065
test_19428,0.967463
test_19429,0.943266
test_19430,0.88423
test_19431,0.935219
test_19432,0.968076
test_19433,0.03
test_19434,0.97
test_19435,0.97
test_19436,0.97
test_19437,0.97
test_19438,0.03
test_19439,0.97
test_19440,0.194321
test_19441,0.948446
test_19442,0.494677
test_19443,0.03
test_19444,0.03
test_19445,0.084208
test_19446,0.094718
test_19447,0.03
test_19448,0.432589
test_19449,0.97
test_19450,0.97
test_19451,0.97
test_19452,0.97
test_19453,0.962424
test_19454,0.97
test_19455,0.792765
test_19456,0.03
test_19457,0.97
test_19458,0.287043
test_19459,0.97
test_19460,0.03
test_19461,0.03
test_19462,0.97
test_19463,0.048557
test_19464,0.03
test_19465,0.490529
test_19466,0.494261
test_19467,0.491347
test_19468,0.97
test_19469,0.97
test_19470,0.034236
test_19471,0.03
test_19472,0.97
test_19473,0.97
test_19474,0.97
test_19475,0.97
test_19476,0.97
test_19477,0.790493
test_19478,0.03
test_19479,0.97
test_19480,0.97
test_19481,0.776447
test_19482,0.240136
test_19483,0.97
test_19484,0.500384
test_19485,0.883226
test_19486,0.03
test_19487,0.575486
test_19488,0.653924
test_19489,0.146321
test_19490,0.03
test_19491,0.200863
test_19492,0.129749
test_19493,0.97
test_19494,0.97
test_19495,0.97
test_19496,0.951781
test_19497,0.12073
test_19498,0.97
test_19499,0.89599
test_19500,0.03
test_19501,0.403442
test_19502,0.03
test_19503,0.474636
test_19504,0.03
test_19505,0.789444
test_19506,0.405268
test_19507,0.97
test_19508,0.97
test_19509,0.95998
test_19510,0.97
test_19511,0.7907
test_19512,0.921243
test_19513,0.177262
test_19514,0.97
test_19515,0.072393
test_19516,0.97
test_19517,0.742829
test_19518,0.97
test_19519,0.97
test_19520,0.06258
test_19521,0.206642
test_19522,0.273903
test_19523,0.97
test_19524,0.163982
test_19525,0.03
test_19526,0.03
test_19527,0.874248
test_19528,0.03
test_19529,0.97
test_19530,0.085102
test_19531,0.209794
test_19532,0.358998
test_19533,0.106381
test_19534,0.896756
test_19535,0.134568
test_19536,0.97
test_19537,0.97
test_19538,0.97
test_19539,0.97
test_19540,0.03
test_19541,0.058768
test_19542,0.300777
test_19543,0.03
test_19544,0.825424
test_19545,0.656932
test_19546,0.965551
test_19547,0.03
test_19548,0.97
test_19549,0.035005
test_19550,0.098078
test_19551,0.049989
test_19552,0.348218
test_19553,0.03
test_19554,0.197955
test_19555,0.97
test_19556,0.747508
test_19557,0.03112
test_19558,0.03
test_19559,0.043033
test_19560,0.97
test_19561,0.97
test_19562,0.177469
test_19563,0.97
test_19564,0.047833
test_19565,0.067673
test_19566,0.03
test_19567,0.968877
test_19568,0.03
test_19569,0.130573
test_19570,0.864108
test_19571,0.043019
test_19572,0.97
test_19573,0.948467
test_19574,0.03
test_19575,0.03
test_19576,0.97
test_19577,0.97
test_19578,0.966811
test_19579,0.03
test_19580,0.03
test_19581,0.496792
test_19582,0.97
test_19583,0.031292
test_19584,0.03
test_19585,0.97
test_19586,0.97
test_19587,0.03
test_19588,0.97
test_19589,0.03
test_19590,0.97
test_19591,0.97
test_19592,0.953264
test_19593,0.919387
test_19594,0.565493
test_19595,0.03
test_19596,0.97
test_19597,0.071685
test_19598,0.054724
test_19599,0.546019
test_19600,0.03
test_19601,0.03
test_19602,0.03
test_19603,0.941535
test_19604,0.954984
test_19605,0.03
test_19606,0.352206
test_19607,0.03
test_19608,0.03
test_19609,0.603415
test_19610,0.97
test_19611,0.048779
test_19612,0.03
test_19613,0.97
test_19614,0.244975
test_19615,0.97
test_19616,0.03
test_19617,0.496512
test_19618,0.97
test_19619,0.787164
test_19620,0.375542
test_19621,0.03
test_19622,0.03
test_19623,0.03
test_19624,0.03
test_19625,0.97
test_19626,0.03
test_19627,0.03
test_19628,0.954061
test_19629,0.03
test_19630,0.97
test_19631,0.77949
test_19632,0.97
test_19633,0.948257
test_19634,0.957352
test_19635,0.97
test_19636,0.912778
test_19637,0.03
test_19638,0.97
test_19639,0.038256
test_19640,0.03
test_19641,0.03
test_19642,0.0358
test_19643,0.03
test_19644,0.103736
test_19645,0.03
test_19646,0.066537
test_19647,0.97
test_19648,0.03
test_19649,0.97
test_19650,0.039978
test_19651,0.057585
test_19652,0.03
test_19653,0.761638
test_19654,0.03
test_19655,0.03
test_19656,0.125448
test_19657,0.426319
test_19658,0.648644
test_19659,0.240801
test_19660,0.97
test_19661,0.743366
test_19662,0.803813
test_19663,0.897766
test_19664,0.819068
test_19665,0.97
test_19666,0.97
test_19667,0.97
test_19668,0.183187
test_19669,0.03
test_19670,0.97
test_19671,0.03
test_19672,0.948202
test_19673,0.03
test_19674,0.03
test_19675,0.904361
test_19676,0.796636
test_19677,0.97
test_19678,0.03
test_19679,0.050766
test_19680,0.622676
test_19681,0.10851
test_19682,0.9399
test_19683,0.91885
test_19684,0.03
test_19685,0.929415
test_19686,0.97
test_19687,0.03
test_19688,0.199657
test_19689,0.97
test_19690,0.702769
test_19691,0.97
test_19692,0.97
test_19693,0.811128
test_19694,0.769819
test_19695,0.099382
test_19696,0.97
test_19697,0.03
test_19698,0.055595
test_19699,0.97
test_19700,0.642263
test_19701,0.03
test_19702,0.035719
test_19703,0.03
test_19704,0.82457
test_19705,0.03
test_19706,0.13104
test_19707,0.97
test_19708,0.932544
test_19709,0.03
test_19710,0.448452
test_19711,0.441592
test_19712,0.749946
test_19713,0.97
test_19714,0.03
test_19715,0.03
test_19716,0.03
test_19717,0.889395
test_19718,0.847464
test_19719,0.97
test_19720,0.97
test_19721,0.864552
test_19722,0.03
test_19723,0.97
test_19724,0.03
test_19725,0.97
test_19726,0.929246
test_19727,0.03
test_19728,0.739818
test_19729,0.259149
test_19730,0.03
test_19731,0.416002
test_19732,0.97
test_19733,0.695833
test_19734,0.97
test_19735,0.97
test_19736,0.930008
test_19737,0.03
test_19738,0.97
test_19739,0.03
test_19740,0.97
test_19741,0.97
test_19742,0.03
test_19743,0.03
test_19744,0.673447
test_19745,0.792118
test_19746,0.047671
test_19747,0.03
test_19748,0.03
test_19749,0.871519
test_19750,0.97
test_19751,0.03
test_19752,0.890286
test_19753,0.03
test_19754,0.051613
test_19755,0.97
test_19756,0.932324
test_19757,0.890515
test_19758,0.119159
test_19759,0.936271
test_19760,0.97
test_19761,0.189166
test_19762,0.03
test_19763,0.123988
test_19764,0.03
test_19765,0.930217
test_19766,0.03
test_19767,0.248311
test_19768,0.03
test_19769,0.03
test_19770,0.03
test_19771,0.97
test_19772,0.97
test_19773,0.03
test_19774,0.073501
test_19775,0.03
test_19776,0.97
test_19777,0.03
test_19778,0.351629
test_19779,0.97
test_19780,0.97
test_19781,0.03
test_19782,0.97
test_19783,0.155305
test_19784,0.97
test_19785,0.97
test_19786,0.868148
test_19787,0.03
test_19788,0.955215
test_19789,0.047627
test_19790,0.97
test_19791,0.915279
test_19792,0.905148
test_19793,0.03
test_19794,0.03
test_19795,0.329691
test_19796,0.07322
test_19797,0.377878
test_19798,0.03
test_19799,0.97
test_19800,0.03
test_19801,0.0814
test_19802,0.041683
test_19803,0.97
test_19804,0.835943
test_19805,0.03
test_19806,0.106804
test_19807,0.97
test_19808,0.03
test_19809,0.03
test_19810,0.835682
test_19811,0.97
test_19812,0.135306
test_19813,0.913776
test_19814,0.268372
test_19815,0.03
test_19816,0.725432
test_19817,0.93839
test_19818,0.03
test_19819,0.97
test_19820,0.03
test_19821,0.877791
test_19822,0.794753
test_19823,0.093954
test_19824,0.929156
test_19825,0.97
test_19826,0.03
test_19827,0.97
test_19828,0.03
test_19829,0.03
test_19830,0.97
test_19831,0.039805
test_19832,0.912543
test_19833,0.9674
test_19834,0.03
test_19835,0.776377
test_19836,0.03
test_19837,0.450643
test_19838,0.97
test_19839,0.03
test_19840,0.068378
test_19841,0.03
test_19842,0.237268
test_19843,0.03
test_19844,0.03
test_19845,0.03
test_19846,0.97
test_19847,0.97
test_19848,0.541499
test_19849,0.811438
test_19850,0.164123
test_19851,0.030839
test_19852,0.941034
test_19853,0.03
test_19854,0.171512
test_19855,0.634443
test_19856,0.724903
test_19857,0.56021
test_19858,0.97
test_19859,0.03
test_19860,0.03
test_19861,0.03
test_19862,0.03
test_19863,0.929216
test_19864,0.03
test_19865,0.97
test_19866,0.03
test_19867,0.97
test_19868,0.597172
test_19869,0.650992
test_19870,0.03
test_19871,0.97
test_19872,0.97
test_19873,0.280066
test_19874,0.03
test_19875,0.185564
test_19876,0.051877
test_19877,0.346181
test_19878,0.759374
test_19879,0.833134
test_19880,0.83525
test_19881,0.510418
test_19882,0.97
test_19883,0.97
test_19884,0.836794
test_19885,0.457842
test_19886,0.813426
test_19887,0.97
test_19888,0.03
test_19889,0.97
test_19890,0.97
test_19891,0.313216
test_19892,0.573285
test_19893,0.97
test_19894,0.03
test_19895,0.97
test_19896,0.930784
test_19897,0.645657
test_19898,0.03
test_19899,0.03
test_19900,0.968446
test_19901,0.03
test_19902,0.97
test_19903,0.099854
test_19904,0.97
test_19905,0.225702
test_19906,0.23224
test_19907,0.040822
test_19908,0.921285
test_19909,0.03
test_19910,0.03
test_19911,0.03
test_19912,0.303101
test_19913,0.97
test_19914,0.161129
test_19915,0.03
test_19916,0.03
test_19917,0.03
test_19918,0.034258
test_19919,0.118805
test_19920,0.066194
test_19921,0.888333
test_19922,0.960282
test_19923,0.97
test_19924,0.03
test_19925,0.659634
test_19926,0.088496
test_19927,0.607316
test_19928,0.03
test_19929,0.97
test_19930,0.56996
test_19931,0.928462
test_19932,0.936145
test_19933,0.03
test_19934,0.834802
test_19935,0.03
test_19936,0.839549
test_19937,0.97
test_19938,0.345507
test_19939,0.058069
test_19940,0.03
test_19941,0.089716
test_19942,0.03
test_19943,0.702598
test_19944,0.97
test_19945,0.03
test_19946,0.03
test_19947,0.303809
test_19948,0.97
test_19949,0.03
test_19950,0.21096
test_19951,0.97
test_19952,0.95358
test_19953,0.03
test_19954,0.032967
test_19955,0.03
test_19956,0.03
test_19957,0.03
test_19958,0.219746
test_19959,0.97
test_19960,0.638245
test_19961,0.51303
test_19962,0.03
test_19963,0.03
test_19964,0.697891
test_19965,0.04889
test_19966,0.97
test_19967,0.052551
test_19968,0.80579
test_19969,0.424663
test_19970,0.659682
test_19971,0.79911
test_19972,0.891886
test_19973,0.97
test_19974,0.917087
test_19975,0.03
test_19976,0.97
test_19977,0.03
test_19978,0.03
test_19979,0.058854
test_19980,0.349391
test_19981,0.97
test_19982,0.97
test_19983,0.97
test_19984,0.622248
test_19985,0.03
test_19986,0.691448
test_19987,0.816356
test_19988,0.97
test_19989,0.03
test_19990,0.238051
test_19991,0.914122
test_19992,0.03
test_19993,0.111786
test_19994,0.466852
test_19995,0.921643
test_19996,0.156646
test_19997,0.055531
test_19998,0.03
test_19999,0.03
